{
"type": "FeatureCollection",
"name": "fungsi_bangunan",
"crs": { "type": "name", "properties": { "name": "urn:ogc:def:crs:OGC:1.3:CRS84" } },
"features": [
{ "type": "Feature", "properties": { "Keterangan": "Perkantoran", "Lantai": 1.0 }, "geometry": { "type": "MultiPolygon", "coordinates": [ [ [ [ 110.433260200000163, -7.784951900000022 ], [ 110.433259400000097, -7.784994699999983 ], [ 110.433365300000162, -7.7849968 ], [ 110.433365800000189, -7.784972 ], [ 110.43349880000018, -7.784974599999928 ], [ 110.433498300000139, -7.784999299999944 ], [ 110.433516700000084, -7.784999699999967 ], [ 110.4335149, -7.785091699999954 ], [ 110.433467504829906, -7.785090792172538 ], [ 110.433466258678365, -7.785153455792845 ], [ 110.433428858679534, -7.785152755792812 ], [ 110.433428458679501, -7.785174155792814 ], [ 110.433367858681606, -7.785172955792614 ], [ 110.433368558681536, -7.78513615579267 ], [ 110.43337655868126, -7.785136255792693 ], [ 110.433377504151451, -7.785089068246613 ], [ 110.4333458283825, -7.785088461505848 ], [ 110.433344794586063, -7.785138929573531 ], [ 110.433305794587099, -7.785138229573545 ], [ 110.433305294586987, -7.785166329573468 ], [ 110.433252894588321, -7.785165329573499 ], [ 110.433253894588319, -7.785111029573534 ], [ 110.433290094587448, -7.785111729573594 ], [ 110.433290535297459, -7.785087402375996 ], [ 110.433244387079696, -7.785086518408967 ], [ 110.433242508681602, -7.785180438321315 ], [ 110.433185208682659, -7.78517933832144 ], [ 110.433186988207822, -7.785085418929256 ], [ 110.433186, -7.785085400000041 ], [ 110.433187800000198, -7.784993399999951 ], [ 110.433196500000037, -7.7849935 ], [ 110.433197400000111, -7.784950699999883 ], [ 110.433260200000163, -7.784951900000022 ] ] ], [ [ [ 110.433835365209561, -7.785203477011912 ], [ 110.433728703264251, -7.785206063373293 ], [ 110.433735361740347, -7.78508944765914 ], [ 110.433738991688955, -7.785025873195028 ], [ 110.433741033871016, -7.785021795751849 ], [ 110.433741184475792, -7.785021495052678 ], [ 110.433742469578704, -7.785018929202287 ], [ 110.433745695689041, -7.785011105569495 ], [ 110.433747000817334, -7.785007752478388 ], [ 110.433750037235541, -7.784997687880518 ], [ 110.433752005124774, -7.784989459291035 ], [ 110.433753080795526, -7.784984299767313 ], [ 110.433754203268876, -7.784975531726819 ], [ 110.433754865124385, -7.784967098105995 ], [ 110.433754919525157, -7.784965710962705 ], [ 110.433755141582267, -7.78496004881959 ], [ 110.433755111079563, -7.784933417376056 ], [ 110.435051540571294, -7.784888081543093 ], [ 110.435069758546987, -7.78488744446476 ], [ 110.435069410672824, -7.78490703984621 ], [ 110.435068871103752, -7.784937433195289 ], [ 110.435066534371302, -7.785069058833196 ], [ 110.435066103362857, -7.785093337080473 ], [ 110.435050088698205, -7.785093330234562 ], [ 110.435029926702498, -7.785094928219769 ], [ 110.434784139887597, -7.78513424431983 ], [ 110.434696599283839, -7.785142203230072 ], [ 110.43469660000008, -7.785143899999973 ], [ 110.434677936393939, -7.785143899999982 ], [ 110.434241137531004, -7.785183612348169 ], [ 110.433835365209561, -7.785203477011912 ] ] ], [ [ [ 110.433541600000027, -7.784695699999933 ], [ 110.43354039999997, -7.784792 ], [ 110.433298281916521, -7.784788935214164 ], [ 110.433295358886625, -7.784695083474979 ], [ 110.433295356610301, -7.78469267467161 ], [ 110.433541600000027, -7.784695699999933 ] ] ], [ [ [ 110.435051946358556, -7.784852608967376 ], [ 110.434839332450196, -7.784861904206345 ], [ 110.434840894976844, -7.784745222839102 ], [ 110.434837612227028, -7.784601875948768 ], [ 110.435073814108307, -7.784604883065972 ], [ 110.435073810550151, -7.78465919874398 ], [ 110.43507377397836, -7.784661258803665 ], [ 110.435070391291589, -7.784851802575806 ], [ 110.435051946358556, -7.784852608967376 ] ] ], [ [ [ 110.4292403, -7.784499 ], [ 110.429222500000023, -7.784629399999981 ], [ 110.4291131, -7.7846147 ], [ 110.4291309, -7.784484299999924 ], [ 110.4292403, -7.784499 ] ] ], [ [ [ 110.429390900000044, -7.7843484 ], [ 110.429358900000025, -7.784564400000022 ], [ 110.4292857, -7.784553699999929 ], [ 110.429291600000013, -7.78451390000002 ], [ 110.429101200000019, -7.784435099999985 ], [ 110.429127299999962, -7.784373300000012 ], [ 110.429301700000053, -7.784445599999951 ], [ 110.429310500000042, -7.784386299999937 ], [ 110.429332099999939, -7.784389400000021 ], [ 110.429339300000024, -7.7843408 ], [ 110.429390900000044, -7.7843484 ] ] ], [ [ [ 110.434032, -7.784425299999929 ], [ 110.4339315, -7.784427 ], [ 110.4339302, -7.784348199999965 ], [ 110.434030699999965, -7.784346500000026 ], [ 110.434032, -7.784425299999929 ] ] ], [ [ [ 110.433603511996935, -7.784582850476458 ], [ 110.433477440919717, -7.784583641347301 ], [ 110.433477819354906, -7.784318533497601 ], [ 110.433608777489468, -7.784317382658503 ], [ 110.433603511996935, -7.784582850476458 ] ] ], [ [ [ 110.42920970000003, -7.784273 ], [ 110.4292888, -7.784289799999941 ], [ 110.429292, -7.784275299999985 ], [ 110.429340500000038, -7.784285699999971 ], [ 110.429328700000028, -7.784340099999913 ], [ 110.429286500000046, -7.784331199999974 ], [ 110.42927720000003, -7.784373799999936 ], [ 110.42919179999997, -7.784355699999971 ], [ 110.42920970000003, -7.784273 ] ] ], [ [ [ 110.433446596943952, -7.784339073473757 ], [ 110.433449214204529, -7.784534363621099 ], [ 110.433395447269561, -7.784534275280488 ], [ 110.433397323777328, -7.784584143919792 ], [ 110.43329525465559, -7.784584784174464 ], [ 110.433295136172688, -7.784459405782696 ], [ 110.433295095718321, -7.784456568397799 ], [ 110.433291659056152, -7.784336193199719 ], [ 110.433288632136339, -7.784230169957782 ], [ 110.433309, -7.7842303 ], [ 110.433308400000072, -7.784336299999964 ], [ 110.433446596943952, -7.784339073473757 ] ] ], [ [ [ 110.433713154813589, -7.78412732248167 ], [ 110.433683765418209, -7.784307678859317 ], [ 110.433633642111602, -7.784305104703495 ], [ 110.433637240469039, -7.784123687042389 ], [ 110.433713154813589, -7.78412732248167 ] ] ], [ [ [ 110.429381699999965, -7.784153599999928 ], [ 110.429362100000034, -7.784247199999964 ], [ 110.429202100000026, -7.784214599999932 ], [ 110.429209, -7.784181599999949 ], [ 110.429184800000016, -7.784176599999983 ], [ 110.429197600000023, -7.784115799999943 ], [ 110.429381699999965, -7.784153599999928 ] ] ], [ [ [ 110.433614986401182, -7.784004350863971 ], [ 110.433609105809907, -7.784300829852263 ], [ 110.433516899999987, -7.7843 ], [ 110.433517499999951, -7.784244699999952 ], [ 110.433471700000013, -7.7842443 ], [ 110.433472400000028, -7.7841712 ], [ 110.4335182, -7.784171599999943 ], [ 110.433518600000042, -7.7841328 ], [ 110.433490899999981, -7.78413259999997 ], [ 110.433491600000025, -7.784062699999963 ], [ 110.433519300000015, -7.784063 ], [ 110.433519899999965, -7.784003399999967 ], [ 110.433614986401182, -7.784004350863971 ] ] ], [ [ [ 110.434279118320177, -7.784145112452621 ], [ 110.434165854767897, -7.784146875942551 ], [ 110.43415836093935, -7.784009016525767 ], [ 110.434269715046526, -7.783999592187208 ], [ 110.434279118320177, -7.784145112452621 ] ] ], [ [ [ 110.433503420945485, -7.783990726596108 ], [ 110.433502799999985, -7.78405769999998 ], [ 110.433442899999989, -7.784057099999959 ], [ 110.433441299999942, -7.784215099999985 ], [ 110.433346899999947, -7.784214199999959 ], [ 110.433346914346615, -7.784212791011279 ], [ 110.433327271198237, -7.784209201607516 ], [ 110.433322666488394, -7.783992704126336 ], [ 110.43337338113777, -7.783992149285297 ], [ 110.433503420945485, -7.783990726596108 ] ] ], [ [ [ 110.433740451788822, -7.78395980666151 ], [ 110.433718000343134, -7.784097586493706 ], [ 110.433637784038282, -7.784096281983425 ], [ 110.4336405146, -7.783958615457932 ], [ 110.433740451788822, -7.78395980666151 ] ] ], [ [ [ 110.433779524878716, -7.783720023002724 ], [ 110.433744536501905, -7.783934739618488 ], [ 110.433691633634112, -7.783933710968311 ], [ 110.433691599999975, -7.783937099999948 ], [ 110.433640951717507, -7.783936577313871 ], [ 110.433645147303267, -7.78372504904609 ], [ 110.433645283729945, -7.783718170839308 ], [ 110.433779524878716, -7.783720023002724 ] ] ], [ [ [ 110.43361633570747, -7.783936323278715 ], [ 110.433616165079002, -7.783944925826905 ], [ 110.433294295648054, -7.783944245276175 ], [ 110.433294633963641, -7.783939739371364 ], [ 110.433294852344986, -7.78393682445692 ], [ 110.433295104376796, -7.783930205910868 ], [ 110.433295123928261, -7.783915650159234 ], [ 110.433304371125928, -7.783795073702594 ], [ 110.433315739484286, -7.783709889622533 ], [ 110.433620743466307, -7.783714098024843 ], [ 110.433620530791572, -7.783724820409805 ], [ 110.43361633570747, -7.783936323278715 ] ] ], [ [ [ 110.434139272374068, -7.783659940053245 ], [ 110.434138626402444, -7.784141574535391 ], [ 110.433925380572276, -7.784131935139078 ], [ 110.434058845027096, -7.783650484878323 ], [ 110.434139272374068, -7.783659940053245 ] ] ], [ [ [ 110.433961099999948, -7.783620299999972 ], [ 110.433958, -7.783671899999962 ], [ 110.433902, -7.783668599999976 ], [ 110.433905099999976, -7.783617 ], [ 110.433961099999948, -7.783620299999972 ] ] ], [ [ [ 110.434800443427875, -7.783566621135947 ], [ 110.434798201892661, -7.783810252824781 ], [ 110.434401996785695, -7.783813197624694 ], [ 110.434317434886367, -7.783813826132123 ], [ 110.434306512005435, -7.783813907316646 ], [ 110.434306231900294, -7.783723458488697 ], [ 110.434157533143093, -7.783731641326444 ], [ 110.434163612369304, -7.783671818957853 ], [ 110.434306039173165, -7.783661225159726 ], [ 110.434305776611566, -7.783576441985124 ], [ 110.434305241350387, -7.783576446721518 ], [ 110.434305156486033, -7.783573416157362 ], [ 110.434691146614441, -7.78356664996434 ], [ 110.434800443427875, -7.783566621135947 ] ] ], [ [ [ 110.435073818046135, -7.784544759105938 ], [ 110.435073817518983, -7.784552811679043 ], [ 110.434836386385015, -7.784548347468148 ], [ 110.434832734956089, -7.784388901659162 ], [ 110.434819479827738, -7.783810094663424 ], [ 110.434827056838486, -7.783566614112157 ], [ 110.434860008061463, -7.783566605413239 ], [ 110.435073713702465, -7.783566626509942 ], [ 110.435076187472546, -7.784086185253371 ], [ 110.435074535287768, -7.784099407753529 ], [ 110.435073874027211, -7.784109919356021 ], [ 110.435073807057051, -7.784159982618212 ], [ 110.435073841268803, -7.784190023811297 ], [ 110.435073821529372, -7.784491550684465 ], [ 110.435073818046135, -7.784544759105938 ] ] ], [ [ [ 110.435522030437056, -7.78358345127617 ], [ 110.435536948094324, -7.783584557696281 ], [ 110.435547284695289, -7.783584385562929 ], [ 110.435562168359724, -7.783582891635445 ], [ 110.435572317954097, -7.783580931956395 ], [ 110.43558671539266, -7.783576883073482 ], [ 110.435596369589859, -7.783573195392355 ], [ 110.435607164881077, -7.783568002905934 ], [ 110.435624984099547, -7.783568366451661 ], [ 110.435605060874352, -7.784065306771125 ], [ 110.435582700000055, -7.784065748311605 ], [ 110.435493, -7.784067519538599 ], [ 110.435484813315398, -7.784067681193837 ], [ 110.435411415870917, -7.784069130508631 ], [ 110.435298797463986, -7.784071354285159 ], [ 110.435251574359441, -7.78407228675828 ], [ 110.43526674289113, -7.78395089178226 ], [ 110.43527385661227, -7.78389396010077 ], [ 110.435295310851828, -7.783722260100117 ], [ 110.435314646637138, -7.783567514257967 ], [ 110.435414722980809, -7.783566628522651 ], [ 110.435470216736263, -7.783566618689439 ], [ 110.43547391167624, -7.783568665035762 ], [ 110.435487550260845, -7.783574793307862 ], [ 110.435497322517875, -7.78357815748397 ], [ 110.43551182090215, -7.783581830633515 ], [ 110.435522030437056, -7.78358345127617 ] ] ], [ [ [ 110.43870290000001, -7.782917299999964 ], [ 110.4386749, -7.783057699999922 ], [ 110.438365499999975, -7.782997299999924 ], [ 110.438393399999967, -7.782857 ], [ 110.43870290000001, -7.782917299999964 ] ] ], [ [ [ 110.438941600000035, -7.7828906 ], [ 110.4389251, -7.782973099999983 ], [ 110.438712700000025, -7.782931299999954 ], [ 110.438729200000054, -7.782848799999957 ], [ 110.438941600000035, -7.7828906 ] ] ], [ [ [ 110.438714, -7.782847399999941 ], [ 110.438703300000043, -7.782905299999944 ], [ 110.438401799999951, -7.782850499999965 ], [ 110.438412499999984, -7.782792599999956 ], [ 110.438714, -7.782847399999941 ] ] ], [ [ [ 110.43871, -7.782812599999913 ], [ 110.438704499999986, -7.7828391 ], [ 110.4385967, -7.782817199999922 ], [ 110.438602100000097, -7.782790699999983 ], [ 110.43871, -7.782812599999913 ] ] ], [ [ [ 110.438588900000042, -7.782785099999963 ], [ 110.4385826, -7.782815799999898 ], [ 110.438439100000025, -7.782787 ], [ 110.43844540000002, -7.782756199999972 ], [ 110.438588900000042, -7.782785099999963 ] ] ], [ [ [ 110.439072799999977, -7.782859299999966 ], [ 110.4389907, -7.782872699999939 ], [ 110.438972899999953, -7.782766199999967 ], [ 110.439055, -7.78275269999995 ], [ 110.439072799999977, -7.782859299999966 ] ] ], [ [ [ 110.438440699999973, -7.78275269999995 ], [ 110.438432400000039, -7.782787299999967 ], [ 110.438355500000029, -7.782769199999956 ], [ 110.438363800000019, -7.782734499999965 ], [ 110.438440699999973, -7.78275269999995 ] ] ], [ [ [ 110.438236901394333, -7.781482016787499 ], [ 110.438231199999947, -7.781517499999982 ], [ 110.4379891, -7.781479200000011 ], [ 110.437996924754543, -7.781430550439099 ], [ 110.4380052, -7.781379099999953 ], [ 110.438247299999972, -7.781417299999949 ], [ 110.438236901394333, -7.781482016787499 ] ] ], [ [ [ 110.437974, -7.781378699999948 ], [ 110.437966282704039, -7.781423978822571 ], [ 110.4379612, -7.781453799999929 ], [ 110.437911699999987, -7.781445499999969 ], [ 110.437914, -7.7814318 ], [ 110.437888099999981, -7.7814275 ], [ 110.437891419996816, -7.78140792346742 ], [ 110.437893900000049, -7.7813933 ], [ 110.437919799999946, -7.781397600000012 ], [ 110.437924399999972, -7.781370399999985 ], [ 110.437974, -7.781378699999948 ] ] ], [ [ [ 110.438452699999985, -7.781332699999956 ], [ 110.4384376, -7.7814351 ], [ 110.438194799999962, -7.781400099999924 ], [ 110.438209799999967, -7.781297699999977 ], [ 110.438452699999985, -7.781332699999956 ] ] ], [ [ [ 110.438201299999974, -7.781293899999948 ], [ 110.4381854, -7.781396399999982 ], [ 110.43811, -7.781384899999931 ], [ 110.438043299999975, -7.781374699999964 ], [ 110.438059200000026, -7.781272299999916 ], [ 110.438125899999989, -7.781282399999979 ], [ 110.438201299999974, -7.781293899999948 ] ] ], [ [ [ 110.4380492, -7.781276099999983 ], [ 110.438036, -7.781372 ], [ 110.437949799999956, -7.781360399999952 ], [ 110.437963099999976, -7.781264399999989 ], [ 110.4380492, -7.781276099999983 ] ] ], [ [ [ 110.43792040000001, -7.7812438 ], [ 110.4379039, -7.7813383 ], [ 110.437857300000019, -7.781330299999945 ], [ 110.437846899999954, -7.781390299999945 ], [ 110.437739300000032, -7.7813719 ], [ 110.4377498, -7.781311899999927 ], [ 110.437677399999984, -7.781299499999955 ], [ 110.4376939, -7.781205099999951 ], [ 110.43792040000001, -7.7812438 ] ] ], [ [ [ 110.438505299999989, -7.781218 ], [ 110.4384894, -7.781317299999905 ], [ 110.438190399999954, -7.781270099999925 ], [ 110.437955, -7.781232899999961 ], [ 110.437971, -7.781133699999937 ], [ 110.43820639999997, -7.781170799999964 ], [ 110.438505299999989, -7.781218 ] ] ], [ [ [ 110.4379602, -7.7811431 ], [ 110.437938900000034, -7.781240399999961 ], [ 110.437875700000035, -7.7812268 ], [ 110.437896900000027, -7.78112959999992 ], [ 110.4379602, -7.7811431 ] ] ], [ [ [ 110.437872300000024, -7.781086899999936 ], [ 110.437862199999984, -7.781144599999946 ], [ 110.437628099999969, -7.781104299999956 ], [ 110.437633636335093, -7.781072671630369 ], [ 110.437638200000052, -7.7810466 ], [ 110.437639510431083, -7.781046825588984 ], [ 110.437872300000024, -7.781086899999936 ] ] ], [ [ [ 110.438107387030328, -7.781010131024453 ], [ 110.438081215730421, -7.781124277774289 ], [ 110.437642060548427, -7.781035605068298 ], [ 110.437669704108771, -7.780913973308563 ], [ 110.438107387030328, -7.781010131024453 ] ] ] ] } },
{ "type": "Feature", "properties": { "Keterangan": "Instansi Pemerintah", "Lantai": 1.0 }, "geometry": { "type": "MultiPolygon", "coordinates": [ [ [ [ 110.430161587677247, -7.782319844831711 ], [ 110.430154227426257, -7.782383748348056 ], [ 110.430162408608652, -7.782332634072755 ], [ 110.430191608609292, -7.78233723407429 ], [ 110.430195708610697, -7.782311434074553 ], [ 110.430326808613728, -7.782332134080884 ], [ 110.430308099555432, -7.782448653668818 ], [ 110.430393954324686, -7.782462213343535 ], [ 110.43040746268062, -7.782378422386073 ], [ 110.430470962682591, -7.782388422386279 ], [ 110.430457449765854, -7.782472241633644 ], [ 110.43053, -7.782483699999989 ], [ 110.430471900000015, -7.782844799999935 ], [ 110.4300982, -7.782785799999938 ], [ 110.430113899999967, -7.782688 ], [ 110.430406500000018, -7.782734199999932 ], [ 110.430408995148468, -7.782718683008151 ], [ 110.430137585967643, -7.782675813482355 ], [ 110.430142185966517, -7.782647213482032 ], [ 110.430104685965631, -7.782641313483498 ], [ 110.430116385963046, -7.782568613482812 ], [ 110.430153885963932, -7.782574513481435 ], [ 110.430159485962704, -7.782540113481164 ], [ 110.430430815380134, -7.782582985868848 ], [ 110.430433, -7.782569399999974 ], [ 110.430143699999945, -7.782523700000012 ], [ 110.430159573074633, -7.782425366802161 ], [ 110.430143608825418, -7.782422846130756 ], [ 110.430145321757962, -7.782412115112105 ], [ 110.430041287678307, -7.782400344836861 ], [ 110.430044187677296, -7.782375344836658 ], [ 110.430022387676743, -7.782372944837614 ], [ 110.430027187675179, -7.782331244837272 ], [ 110.430048987675661, -7.782333744836413 ], [ 110.430051987674659, -7.782307544836111 ], [ 110.430161587677247, -7.782319844831711 ] ] ] ] } },
{ "type": "Feature", "properties": { "Keterangan": "Kesehatan", "Lantai": 1.0 }, "geometry": { "type": "MultiPolygon", "coordinates": [ [ [ [ 110.429354200000105, -7.78472659999993 ], [ 110.429340699999941, -7.784890099999957 ], [ 110.429391599999988, -7.78489390000002 ], [ 110.429387199999965, -7.784951 ], [ 110.429306100000019, -7.784945 ], [ 110.429304399999964, -7.784965800000019 ], [ 110.429085299999969, -7.784948 ], [ 110.429091600000049, -7.784871699999943 ], [ 110.429070399999958, -7.78487 ], [ 110.429077500000119, -7.784783299999987 ], [ 110.429104499999937, -7.7847855 ], [ 110.429111, -7.7847068 ], [ 110.429354200000105, -7.78472659999993 ] ] ], [ [ [ 110.429477099999957, -7.7845845 ], [ 110.429445199999975, -7.784799500000027 ], [ 110.429351900000015, -7.784786 ], [ 110.429383800000039, -7.784570899999922 ], [ 110.429477099999957, -7.7845845 ] ] ], [ [ [ 110.430483192732012, -7.783177084730072 ], [ 110.430582081429435, -7.78318068236096 ], [ 110.430582096795078, -7.783179976935906 ], [ 110.430625996795357, -7.783180976936985 ], [ 110.430622696791801, -7.783332376936606 ], [ 110.430584907559606, -7.78333160221367 ], [ 110.430584292733187, -7.783348484730134 ], [ 110.4304771927318, -7.783344784730081 ], [ 110.43047748652522, -7.783336573210983 ], [ 110.430363498250841, -7.783331021836856 ], [ 110.43036749824789, -7.783249021836462 ], [ 110.430480422191152, -7.783254521376564 ], [ 110.430483192732012, -7.783177084730072 ] ] ], [ [ [ 110.43048279999995, -7.783116399999922 ], [ 110.430476900000087, -7.783225199999968 ], [ 110.430439099999973, -7.783223199999957 ], [ 110.430441499999986, -7.7831794 ], [ 110.430418803302686, -7.783178288325056 ], [ 110.430415498277696, -7.783232449419594 ], [ 110.430360398279532, -7.783229249420406 ], [ 110.430368298277273, -7.783098049420031 ], [ 110.430423498275616, -7.78310134941925 ], [ 110.430422773880863, -7.783113220446518 ], [ 110.43048279999995, -7.783116399999922 ] ] ], [ [ [ 110.430349825463409, -7.783084441232923 ], [ 110.4303396254614, -7.783254741232803 ], [ 110.430270025464537, -7.783250541231835 ], [ 110.430270441437401, -7.783243600200422 ], [ 110.430204467871221, -7.783239680978602 ], [ 110.430214567869655, -7.783073180978334 ], [ 110.430285167866174, -7.783077380977883 ], [ 110.430284973275448, -7.783080620916484 ], [ 110.430349825463409, -7.783084441232923 ] ] ], [ [ [ 110.430407423048948, -7.782933255372741 ], [ 110.430403927232163, -7.782973773558619 ], [ 110.43046326512453, -7.782978764598275 ], [ 110.430456365121927, -7.783059564597847 ], [ 110.430396948575222, -7.783054659491583 ], [ 110.430396923047212, -7.78305495537233 ], [ 110.430375923047322, -7.783053155372088 ], [ 110.430373923046972, -7.783077055372029 ], [ 110.430324123047228, -7.783072855371305 ], [ 110.430326223047544, -7.783048955371284 ], [ 110.430288623047829, -7.783045755370774 ], [ 110.430288630702051, -7.783045666727005 ], [ 110.430227250771225, -7.783040491200497 ], [ 110.430236350769661, -7.782934791200384 ], [ 110.430297756906924, -7.782939976607127 ], [ 110.430299123049593, -7.782924155371094 ], [ 110.430407423048948, -7.782933255372741 ] ] ], [ [ [ 110.435396385246818, -7.777430774174678 ], [ 110.435385085249678, -7.777485274175457 ], [ 110.435337285248579, -7.77747557417826 ], [ 110.435348485245584, -7.777421074177344 ], [ 110.435396385246818, -7.777430774174678 ] ] ], [ [ [ 110.435346003717456, -7.777383150049682 ], [ 110.435327003722463, -7.777474150051259 ], [ 110.435260708349531, -7.777460544164257 ], [ 110.435261334261469, -7.77745733882512 ], [ 110.435278525455359, -7.777369301396777 ], [ 110.435346003717456, -7.777383150049682 ] ] ], [ [ [ 110.435391014729632, -7.777349966702582 ], [ 110.435372514732606, -7.77741496670368 ], [ 110.435343214732242, -7.777406766704978 ], [ 110.435361814729148, -7.777341766703953 ], [ 110.435391014729632, -7.777349966702582 ] ] ], [ [ [ 110.435326499999974, -7.77733419999997 ], [ 110.435320399999981, -7.777365 ], [ 110.435280877265143, -7.777357257597558 ], [ 110.435286887138972, -7.777326480570705 ], [ 110.435326499999974, -7.77733419999997 ] ] ], [ [ [ 110.435389049856028, -7.777240315629467 ], [ 110.435376899999966, -7.777322199999953 ], [ 110.435290183889222, -7.777309597658653 ], [ 110.435306874569974, -7.77722412339677 ], [ 110.435389049856028, -7.777240315629467 ] ] ] ] } },
{ "type": "Feature", "properties": { "Keterangan": "Permukiman", "Lantai": 1.0 }, "geometry": { "type": "MultiPolygon", "coordinates": [ [ [ [ 110.440342916638059, -7.784673524506488 ], [ 110.440299169245677, -7.784675954932949 ], [ 110.440299500000052, -7.784643099999947 ], [ 110.44040430000004, -7.784644 ], [ 110.4404741, -7.7846447 ], [ 110.440473956107283, -7.78465896936389 ], [ 110.44038033841484, -7.784673368443708 ], [ 110.440350146504898, -7.784673328604558 ], [ 110.440342916638059, -7.784673524506488 ] ] ], [ [ [ 110.440437700000018, -7.784553699999925 ], [ 110.440435300000019, -7.784623699999909 ], [ 110.440335399999981, -7.784620399999922 ], [ 110.4403378, -7.784550400000011 ], [ 110.440437700000018, -7.784553699999925 ] ] ], [ [ [ 110.440533699999961, -7.7845482 ], [ 110.44053020000004, -7.784621899999985 ], [ 110.44043880000001, -7.7846177 ], [ 110.440442399999952, -7.784543900000014 ], [ 110.440533699999961, -7.7845482 ] ] ], [ [ [ 110.441173019370737, -7.78454282581313 ], [ 110.441167319369924, -7.784582325812932 ], [ 110.441132461935368, -7.784577334489835 ], [ 110.441130256754192, -7.784599124300672 ], [ 110.441027432664484, -7.784607966928657 ], [ 110.441035715714918, -7.784525302072627 ], [ 110.441136715715814, -7.784535302071053 ], [ 110.44113648374838, -7.784537594186102 ], [ 110.441173019370737, -7.78454282581313 ] ] ], [ [ [ 110.440532500000046, -7.784492399999985 ], [ 110.440530200000026, -7.784541499999966 ], [ 110.440439800000021, -7.78453719999998 ], [ 110.440442200000035, -7.7844881 ], [ 110.440532500000046, -7.784492399999985 ] ] ], [ [ [ 110.440267399999968, -7.78456 ], [ 110.440235800000011, -7.784566500000015 ], [ 110.440220399999987, -7.784493699999948 ], [ 110.440252, -7.78448710000002 ], [ 110.440267399999968, -7.78456 ] ] ], [ [ [ 110.441523205636145, -7.784478327108972 ], [ 110.441519173883236, -7.784524212319721 ], [ 110.441594635262447, -7.78452272036834 ], [ 110.441702192792519, -7.784517745465656 ], [ 110.441703693687799, -7.784549810083809 ], [ 110.441463231422361, -7.784570489268547 ], [ 110.44147180563661, -7.784473827110098 ], [ 110.441523205636145, -7.784478327108972 ] ] ], [ [ [ 110.440335299999973, -7.784469 ], [ 110.440333900000027, -7.784593699999965 ], [ 110.440279900000021, -7.7845931 ], [ 110.440281299999938, -7.784468399999978 ], [ 110.440335299999973, -7.784469 ] ] ], [ [ [ 110.440438499999985, -7.784466799999907 ], [ 110.4404365, -7.78455 ], [ 110.440339, -7.784547699999955 ], [ 110.440341, -7.7844645 ], [ 110.440438499999985, -7.784466799999907 ] ] ], [ [ [ 110.440528100000023, -7.784441299999957 ], [ 110.440525800000032, -7.784487199999945 ], [ 110.440448, -7.784483399999975 ], [ 110.4404503, -7.784437499999979 ], [ 110.440528100000023, -7.784441299999957 ] ] ], [ [ [ 110.441909703174133, -7.78448019076094 ], [ 110.441907503173496, -7.784508790760847 ], [ 110.441870444372569, -7.784505940083369 ], [ 110.441870331626504, -7.784535479616054 ], [ 110.441782273323099, -7.784543052421448 ], [ 110.441782672619226, -7.784438515881694 ], [ 110.441821100598716, -7.784438606567787 ], [ 110.441827372587696, -7.784438626228436 ], [ 110.44187070058797, -7.784438811285372 ], [ 110.441870554146092, -7.784477179296636 ], [ 110.441909703174133, -7.78448019076094 ] ] ], [ [ [ 110.440701593337195, -7.784418525756645 ], [ 110.440690893336878, -7.784542525756704 ], [ 110.4406800721341, -7.784541605333498 ], [ 110.440674709696879, -7.784597263738503 ], [ 110.440598309698188, -7.784590163738886 ], [ 110.440604109697674, -7.784529963738885 ], [ 110.440604336945967, -7.784529984857549 ], [ 110.440614593336193, -7.78441112575659 ], [ 110.440701593337195, -7.784418525756645 ] ] ], [ [ [ 110.440443200000033, -7.784412599999966 ], [ 110.440440900000013, -7.784464 ], [ 110.4403419, -7.784459699999977 ], [ 110.440344200000013, -7.784408299999979 ], [ 110.440443200000033, -7.784412599999966 ] ] ], [ [ [ 110.440337699999986, -7.78440479999996 ], [ 110.440336499999987, -7.7844645 ], [ 110.440267300000031, -7.7844631 ], [ 110.440268499999945, -7.784403400000014 ], [ 110.440337699999986, -7.78440479999996 ] ] ], [ [ [ 110.440972223812437, -7.784407975304915 ], [ 110.440969823810534, -7.784516975304831 ], [ 110.440921191921291, -7.784515903105699 ], [ 110.440921086910777, -7.784517656247323 ], [ 110.4409775, -7.784518899999979 ], [ 110.440975600000016, -7.78460359999994 ], [ 110.44091601782101, -7.784602284305374 ], [ 110.440915934982371, -7.78460366728905 ], [ 110.440793934985706, -7.784596567291964 ], [ 110.440799262098693, -7.784506006333234 ], [ 110.440791, -7.784505599999947 ], [ 110.440796599999956, -7.784395099999927 ], [ 110.440864, -7.784399399999958 ], [ 110.440915, -7.78440209999998 ], [ 110.440914755907755, -7.784406708295504 ], [ 110.440972223812437, -7.784407975304915 ] ] ], [ [ [ 110.4411708, -7.784384299999944 ], [ 110.441152099999968, -7.7844828 ], [ 110.441040100000023, -7.784461799999953 ], [ 110.441058799999979, -7.784363399999962 ], [ 110.4411708, -7.784384299999944 ] ] ], [ [ [ 110.440595099999982, -7.784361399999981 ], [ 110.440591799999979, -7.7844309 ], [ 110.440553700000024, -7.784429099999989 ], [ 110.440557100000049, -7.784359599999927 ], [ 110.440595099999982, -7.784361399999981 ] ] ], [ [ [ 110.4405472, -7.784349899999942 ], [ 110.440544100000025, -7.784434799999929 ], [ 110.440450399999989, -7.784431499999949 ], [ 110.440453399999981, -7.784346599999935 ], [ 110.4405472, -7.784349899999942 ] ] ], [ [ [ 110.441520902178979, -7.78433858273341 ], [ 110.441493502181331, -7.78442138273459 ], [ 110.441451602180265, -7.784407782735967 ], [ 110.441479002177829, -7.784324982734903 ], [ 110.441520902178979, -7.78433858273341 ] ] ], [ [ [ 110.440510800000013, -7.784323499999947 ], [ 110.440509700000021, -7.784345400000015 ], [ 110.440460800000139, -7.7843431 ], [ 110.44046189999996, -7.784321099999935 ], [ 110.440510800000013, -7.784323499999947 ] ] ], [ [ [ 110.440447500000033, -7.784323599999975 ], [ 110.440444899999989, -7.784406199999943 ], [ 110.440338699999984, -7.784402799999971 ], [ 110.440341300000028, -7.784320199999982 ], [ 110.440447500000033, -7.784323599999975 ] ] ], [ [ [ 110.440338499999967, -7.784313 ], [ 110.4403347, -7.784399099999984 ], [ 110.440282699999969, -7.784396900000013 ], [ 110.44022320000002, -7.7843944 ], [ 110.440226899999985, -7.784308299999973 ], [ 110.440286400000019, -7.784310799999989 ], [ 110.440338499999967, -7.784313 ] ] ], [ [ [ 110.441694333714821, -7.784290708552284 ], [ 110.441692365532091, -7.784311142916252 ], [ 110.441694311699763, -7.784311294960582 ], [ 110.441682311694777, -7.784464194959928 ], [ 110.441637511695504, -7.784460694958389 ], [ 110.441638559258635, -7.784447347269843 ], [ 110.441558123067139, -7.784441548380925 ], [ 110.441561889861234, -7.784389566620564 ], [ 110.441556500000047, -7.7843892 ], [ 110.441562299999973, -7.784304799999918 ], [ 110.441563993147284, -7.784304915168491 ], [ 110.441566433709795, -7.784278808550243 ], [ 110.441694333714821, -7.784290708552284 ] ] ], [ [ [ 110.44132776292372, -7.784247302392831 ], [ 110.441392484340412, -7.784267597119344 ], [ 110.441395728014342, -7.784257600291077 ], [ 110.441450028013165, -7.784274900292307 ], [ 110.441377928009146, -7.784496800290328 ], [ 110.441323728010147, -7.784479500289014 ], [ 110.441329954349627, -7.784460311069029 ], [ 110.44126370390164, -7.784441121284064 ], [ 110.441278103899791, -7.784392121283549 ], [ 110.441279074312376, -7.784392402368566 ], [ 110.441294899999974, -7.784343599999923 ], [ 110.441296759873026, -7.784344190199853 ], [ 110.441308862922966, -7.78430630239272 ], [ 110.44132776292372, -7.784247302392831 ] ] ], [ [ [ 110.442001399999981, -7.784279499999976 ], [ 110.441960100000045, -7.784353799999981 ], [ 110.441888699999978, -7.784314799999968 ], [ 110.44193, -7.784240599999927 ], [ 110.442001399999981, -7.784279499999976 ] ] ], [ [ [ 110.441574199999977, -7.784211599999964 ], [ 110.441550199999952, -7.784338199999912 ], [ 110.441516400000083, -7.78433189999996 ], [ 110.441540400000022, -7.784205299999976 ], [ 110.441574199999977, -7.784211599999964 ] ] ], [ [ [ 110.441170743355983, -7.784218645996515 ], [ 110.441161617854647, -7.784278586130295 ], [ 110.441161699999967, -7.7842786 ], [ 110.44114620000002, -7.784368499999974 ], [ 110.44103910000004, -7.784350399999965 ], [ 110.441054500000021, -7.7842605 ], [ 110.441062504055083, -7.784261851431945 ], [ 110.441071443352911, -7.784203745996558 ], [ 110.441088043353602, -7.784206245996682 ], [ 110.441170743355983, -7.784218645996515 ] ] ], [ [ [ 110.4413169, -7.784222899999963 ], [ 110.441286, -7.784329499999942 ], [ 110.44116240000001, -7.784294299999972 ], [ 110.441193400000017, -7.784187699999934 ], [ 110.4413169, -7.784222899999963 ] ] ], [ [ [ 110.441510500000149, -7.7841831 ], [ 110.441498799999962, -7.7842316 ], [ 110.441318900000013, -7.784189499999988 ], [ 110.441330599999986, -7.784141 ], [ 110.441510500000149, -7.7841831 ] ] ], [ [ [ 110.440775196091536, -7.784136006607397 ], [ 110.440860287720298, -7.784160465104346 ], [ 110.440863116121321, -7.78414893772484 ], [ 110.44101931612461, -7.78418653772699 ], [ 110.441002116123272, -7.784256637726667 ], [ 110.440992351758482, -7.784254287279624 ], [ 110.440972047433064, -7.784330886334105 ], [ 110.440994284107447, -7.784337124675772 ], [ 110.440980284108051, -7.784386124675649 ], [ 110.440891884114052, -7.784361324675101 ], [ 110.440902789243481, -7.78432315672156 ], [ 110.4408660003932, -7.7843135951705 ], [ 110.440867434538376, -7.784308184789364 ], [ 110.440817257443271, -7.784297105221091 ], [ 110.440805967862005, -7.784341510906138 ], [ 110.440718667864374, -7.784319810908372 ], [ 110.440740743737663, -7.784232656336973 ], [ 110.440687475177086, -7.784215284229952 ], [ 110.440713475173752, -7.784137184228464 ], [ 110.440769517657088, -7.784155491436742 ], [ 110.440775196091536, -7.784136006607397 ] ] ], [ [ [ 110.441684444707391, -7.784128740897526 ], [ 110.441779086728729, -7.784141412632734 ], [ 110.441780573707092, -7.784136618916933 ], [ 110.441839573704414, -7.784154518918499 ], [ 110.441804373702496, -7.784268418917344 ], [ 110.441745273705152, -7.784250418915767 ], [ 110.441746573810974, -7.784246227641245 ], [ 110.441669744707411, -7.784235940897523 ], [ 110.441677044707404, -7.784182540897636 ], [ 110.441684444707391, -7.784128740897526 ] ] ], [ [ [ 110.441327800000025, -7.784124799999972 ], [ 110.441307300000076, -7.784208099999933 ], [ 110.441187200000172, -7.784179099999917 ], [ 110.441207700000049, -7.784095799999956 ], [ 110.441327800000025, -7.784124799999972 ] ] ], [ [ [ 110.4413641, -7.784098 ], [ 110.441357299999979, -7.7841253 ], [ 110.441219400000037, -7.784091499999952 ], [ 110.44122619999996, -7.784064199999923 ], [ 110.4413641, -7.784098 ] ] ], [ [ [ 110.441616800000062, -7.784079499999922 ], [ 110.441593700000027, -7.78417949999995 ], [ 110.441533099999972, -7.7841658 ], [ 110.441528600000041, -7.78418549999992 ], [ 110.441380499999951, -7.78415189999997 ], [ 110.441395900000046, -7.784085099999955 ], [ 110.44145570000002, -7.784098699999942 ], [ 110.4414679, -7.784045800000013 ], [ 110.4415562, -7.784065799999973 ], [ 110.441616800000062, -7.784079499999922 ] ] ], [ [ [ 110.4412037, -7.784053499999905 ], [ 110.441173200000023, -7.784192399999968 ], [ 110.441073699999961, -7.784171 ], [ 110.441104200000012, -7.784032099999926 ], [ 110.4412037, -7.784053499999905 ] ] ], [ [ [ 110.4416203, -7.784013799999927 ], [ 110.441614, -7.784059099999926 ], [ 110.441468599999979, -7.784039299999971 ], [ 110.441474800000037, -7.783994099999969 ], [ 110.4416203, -7.784013799999927 ] ] ], [ [ [ 110.442411900000053, -7.783972399999949 ], [ 110.44241, -7.78412339999995 ], [ 110.442148299999985, -7.78412 ], [ 110.442150299999952, -7.783969 ], [ 110.442411900000053, -7.783972399999949 ] ] ], [ [ [ 110.4414291, -7.7840266 ], [ 110.441421900000023, -7.784080599999951 ], [ 110.441251500000064, -7.784058299999939 ], [ 110.441264100000012, -7.7839642 ], [ 110.441346100000047, -7.783975 ], [ 110.441340800000049, -7.784015 ], [ 110.4414291, -7.7840266 ] ] ], [ [ [ 110.441037344219978, -7.784031719003994 ], [ 110.441027044217876, -7.784068819003416 ], [ 110.441021077239341, -7.784067202946884 ], [ 110.441006457034803, -7.784129947972469 ], [ 110.440953857037044, -7.784117847969466 ], [ 110.440954708437445, -7.784114198479076 ], [ 110.440854489423259, -7.784092982193409 ], [ 110.440848365322466, -7.784118720191672 ], [ 110.440798665320656, -7.784107020194412 ], [ 110.440835265312941, -7.783953720191703 ], [ 110.4408848653148, -7.783965320189096 ], [ 110.440880453593351, -7.783983861517018 ], [ 110.440985510824618, -7.784006102048157 ], [ 110.440983145550433, -7.784017040195603 ], [ 110.441037344219978, -7.784031719003994 ] ] ], [ [ [ 110.44197841292916, -7.78407171960298 ], [ 110.441953912926778, -7.784184519602302 ], [ 110.441890978561688, -7.78417106132887 ], [ 110.44189013130152, -7.784174820864483 ], [ 110.441851231302508, -7.784166220862775 ], [ 110.441857461156815, -7.784138577217557 ], [ 110.441786322282482, -7.784122179959426 ], [ 110.441784212381066, -7.784132722951324 ], [ 110.441672412379106, -7.784110822954236 ], [ 110.44170461237519, -7.78394892295309 ], [ 110.441816612377082, -7.783970822950288 ], [ 110.44180727763559, -7.784017467868702 ], [ 110.441887699999981, -7.7840361 ], [ 110.4418875291761, -7.784036823735741 ], [ 110.441919631306561, -7.784043920866179 ], [ 110.441916336623933, -7.784058540324627 ], [ 110.44197841292916, -7.78407171960298 ] ] ], [ [ [ 110.442136, -7.78394 ], [ 110.442131900000049, -7.784033 ], [ 110.442031900000046, -7.784028700000021 ], [ 110.442036, -7.783935699999951 ], [ 110.442136, -7.78394 ] ] ], [ [ [ 110.441079199999976, -7.783953799999934 ], [ 110.4410698, -7.784004399999926 ], [ 110.440959699999965, -7.7839844 ], [ 110.440969100000018, -7.783933799999966 ], [ 110.441079199999976, -7.783953799999934 ] ] ], [ [ [ 110.441228900000098, -7.78394209999995 ], [ 110.441211, -7.784049299999919 ], [ 110.441147200000103, -7.784038799999963 ], [ 110.441156100000043, -7.783985099999966 ], [ 110.441133099999988, -7.7839812 ], [ 110.441142599999978, -7.78392780000002 ], [ 110.441228900000098, -7.78394209999995 ] ] ], [ [ [ 110.441977100000031, -7.783899900000025 ], [ 110.4419724, -7.7839963 ], [ 110.441903600000018, -7.783993 ], [ 110.441908400000031, -7.7838965 ], [ 110.441977100000031, -7.783899900000025 ] ] ], [ [ [ 110.440232099999989, -7.783889299999932 ], [ 110.4402296, -7.7840092 ], [ 110.440095699999958, -7.784006499999951 ], [ 110.4400982, -7.783886599999976 ], [ 110.440232099999989, -7.783889299999932 ] ] ], [ [ [ 110.441633200000084, -7.783890699999941 ], [ 110.441624599999983, -7.783993599999944 ], [ 110.441510300000118, -7.783984299999984 ], [ 110.441518800000026, -7.783881299999959 ], [ 110.441633200000084, -7.783890699999941 ] ] ], [ [ [ 110.442500286718101, -7.783880251516701 ], [ 110.442499799918295, -7.784048099999913 ], [ 110.442505989564069, -7.784048099999935 ], [ 110.442505989564168, -7.783985497620202 ], [ 110.442558389565122, -7.783985497620256 ], [ 110.442558389565036, -7.784051697620273 ], [ 110.442556, -7.784051697620224 ], [ 110.442556, -7.7841209 ], [ 110.442413200000047, -7.7841209 ], [ 110.442413200000033, -7.784048099999937 ], [ 110.442416099336185, -7.784048099999938 ], [ 110.442416586716092, -7.783880051516543 ], [ 110.442500286718101, -7.783880251516701 ] ] ], [ [ [ 110.441504900000041, -7.783895199999979 ], [ 110.44149059999998, -7.783975 ], [ 110.441371299999986, -7.783954299999968 ], [ 110.441385399999987, -7.783874299999918 ], [ 110.441504900000041, -7.783895199999979 ] ] ], [ [ [ 110.44097210000001, -7.783880299999963 ], [ 110.440956300000025, -7.783975599999971 ], [ 110.440896, -7.783965699999934 ], [ 110.440911899999989, -7.783870499999976 ], [ 110.44097210000001, -7.783880299999963 ] ] ], [ [ [ 110.440903500000047, -7.783872899999985 ], [ 110.440890099999962, -7.783960499999971 ], [ 110.440858099999986, -7.783955700000011 ], [ 110.440871500000014, -7.783868099999919 ], [ 110.440903500000047, -7.783872899999985 ] ] ], [ [ [ 110.442752400000046, -7.783851899999939 ], [ 110.442750700000076, -7.783953699999936 ], [ 110.4425415, -7.7839503 ], [ 110.442543199999974, -7.783848499999921 ], [ 110.442752400000046, -7.783851899999939 ] ] ], [ [ [ 110.441514899999959, -7.783852600000015 ], [ 110.4415089, -7.783888 ], [ 110.441384700000029, -7.783867499999961 ], [ 110.4413907, -7.783832 ], [ 110.441514899999959, -7.783852600000015 ] ] ], [ [ [ 110.44107379999997, -7.783835499999987 ], [ 110.441068100000024, -7.783893799999936 ], [ 110.440984499999956, -7.783885699999984 ], [ 110.440990200000016, -7.783827399999945 ], [ 110.44107379999997, -7.783835499999987 ] ] ], [ [ [ 110.440922, -7.783831399999948 ], [ 110.440918700000026, -7.783866 ], [ 110.440867300000036, -7.783861199999982 ], [ 110.440870600000025, -7.7838267 ], [ 110.440922, -7.783831399999948 ] ] ], [ [ [ 110.4422615000001, -7.783809299999949 ], [ 110.442261, -7.783923599999934 ], [ 110.44219080000002, -7.783923299999969 ], [ 110.442191199999968, -7.783809 ], [ 110.4422615000001, -7.783809299999949 ] ] ], [ [ [ 110.440959300000046, -7.783806899999955 ], [ 110.440956, -7.783867899999946 ], [ 110.440925399999955, -7.78386619999996 ], [ 110.440928699999972, -7.783805199999988 ], [ 110.440959300000046, -7.783806899999955 ] ] ], [ [ [ 110.442957300000018, -7.783801799999987 ], [ 110.442957, -7.78385429999997 ], [ 110.442866599999974, -7.783853799999933 ], [ 110.4428669, -7.783801399999954 ], [ 110.442957300000018, -7.783801799999987 ] ] ], [ [ [ 110.44218349999997, -7.7838008 ], [ 110.442181599999969, -7.783932 ], [ 110.442124900000124, -7.783931199999915 ], [ 110.442025899999962, -7.783929699999987 ], [ 110.442027800000034, -7.783798499999977 ], [ 110.442126799999969, -7.7838 ], [ 110.44218349999997, -7.7838008 ] ] ], [ [ [ 110.44114171507033, -7.783795180713798 ], [ 110.441219838012515, -7.783807587333788 ], [ 110.441220500000028, -7.783803799999974 ], [ 110.441291100000015, -7.783815899999969 ], [ 110.441289683922562, -7.783824001599745 ], [ 110.441364427961915, -7.78383494809722 ], [ 110.44135622795983, -7.783889648096844 ], [ 110.441340527960136, -7.783887348096194 ], [ 110.441332627958147, -7.783940048095698 ], [ 110.441270980353707, -7.783931007593115 ], [ 110.441270299999985, -7.783934899999977 ], [ 110.4411997, -7.78392279999994 ], [ 110.441200737525449, -7.783916864159311 ], [ 110.441124115071986, -7.783904680714127 ], [ 110.44114171507033, -7.783795180713798 ] ] ], [ [ [ 110.440860900000047, -7.783796499999989 ], [ 110.4408541, -7.783855 ], [ 110.440775199999948, -7.7838459 ], [ 110.4407821, -7.783787399999922 ], [ 110.440860900000047, -7.783796499999989 ] ] ], [ [ [ 110.442718900000017, -7.7837904 ], [ 110.442716399999981, -7.783845599999947 ], [ 110.4426501, -7.7838428 ], [ 110.442652500000037, -7.783787499999952 ], [ 110.442718900000017, -7.7837904 ] ] ], [ [ [ 110.441530138808574, -7.783778819861028 ], [ 110.441611037346178, -7.783785318904106 ], [ 110.441611141195679, -7.783783916934027 ], [ 110.44167934119568, -7.783788816934229 ], [ 110.441671841195358, -7.783888716934131 ], [ 110.441605494127487, -7.783883943062805 ], [ 110.441605438808949, -7.783884619860691 ], [ 110.441522238808815, -7.783877919861052 ], [ 110.441530138808574, -7.783778819861028 ] ] ], [ [ [ 110.442779399999964, -7.783770899999975 ], [ 110.4427789, -7.783831 ], [ 110.442727, -7.78383049999995 ], [ 110.442727500000018, -7.783770399999958 ], [ 110.442779399999964, -7.783770899999975 ] ] ], [ [ [ 110.441097299999939, -7.783782099999947 ], [ 110.4410892, -7.783834799999955 ], [ 110.4409787, -7.7838181 ], [ 110.440986799999962, -7.7837655 ], [ 110.441097299999939, -7.783782099999947 ] ] ], [ [ [ 110.442497800000012, -7.783769499999958 ], [ 110.442493500000026, -7.783865099999976 ], [ 110.4424171, -7.783861699999941 ], [ 110.4424214, -7.783766099999962 ], [ 110.442497800000012, -7.783769499999958 ] ] ], [ [ [ 110.441515362397823, -7.783754470660594 ], [ 110.441504362396117, -7.783840870660248 ], [ 110.441453831458446, -7.783834575002047 ], [ 110.441453676412166, -7.783836349202243 ], [ 110.441397976411821, -7.783831549203528 ], [ 110.441405776409638, -7.783741149203237 ], [ 110.441461576409978, -7.783745949201853 ], [ 110.441461426696222, -7.783747662382923 ], [ 110.441515362397823, -7.783754470660594 ] ] ], [ [ [ 110.4400907, -7.784001999999895 ], [ 110.44000029999998, -7.784002 ], [ 110.440000299999966, -7.783718899999953 ], [ 110.440090699999985, -7.783718899999952 ], [ 110.4400907, -7.784001999999895 ] ] ], [ [ [ 110.4402799, -7.78372060000001 ], [ 110.440276199999985, -7.783873199999944 ], [ 110.4401919, -7.78387109999993 ], [ 110.440195599999967, -7.783718599999936 ], [ 110.4402799, -7.78372060000001 ] ] ], [ [ [ 110.440113800000049, -7.783710199999923 ], [ 110.439995500000023, -7.783710899999986 ], [ 110.439995099999962, -7.783636599999983 ], [ 110.440113400000016, -7.783636 ], [ 110.440113800000049, -7.783710199999923 ] ] ], [ [ [ 110.440410000000213, -7.783174599999941 ], [ 110.4404094, -7.7832257 ], [ 110.440239200000164, -7.78322389999996 ], [ 110.440239799999901, -7.783172799999951 ], [ 110.440410000000213, -7.783174599999941 ] ] ], [ [ [ 110.442270000000164, -7.783159599999965 ], [ 110.44226790000009, -7.7832352 ], [ 110.442188500000015, -7.783233099999965 ], [ 110.442190600000089, -7.783157599999966 ], [ 110.442270000000164, -7.783159599999965 ] ] ], [ [ [ 110.442495355579979, -7.783233311666597 ], [ 110.442495100000059, -7.783246899999989 ], [ 110.442494693857768, -7.78324689223925 ], [ 110.442432300000021, -7.78324569999998 ], [ 110.4424342, -7.78315 ], [ 110.442496899999924, -7.783151199999936 ], [ 110.442495355579979, -7.783233311666597 ] ] ], [ [ [ 110.442426400000059, -7.78315489999998 ], [ 110.4424222, -7.78322849999996 ], [ 110.442315899999926, -7.7832226 ], [ 110.442320099999975, -7.783149 ], [ 110.442426400000059, -7.78315489999998 ] ] ], [ [ [ 110.442182200000019, -7.783231399999907 ], [ 110.442133199999972, -7.783231799999964 ], [ 110.442132400000105, -7.783138799999985 ], [ 110.442181399999981, -7.783138399999975 ], [ 110.442182200000019, -7.783231399999907 ] ] ], [ [ [ 110.441190400000124, -7.783139199999953 ], [ 110.441183600000102, -7.783228799999987 ], [ 110.441126100000133, -7.7832246 ], [ 110.441132999999894, -7.783135 ], [ 110.441190400000124, -7.783139199999953 ] ] ], [ [ [ 110.442554236524629, -7.783116030471618 ], [ 110.442545032398982, -7.783201540845319 ], [ 110.442508200000034, -7.783199499999977 ], [ 110.442513000000119, -7.783113799999984 ], [ 110.442554236524629, -7.783116030471618 ] ] ], [ [ [ 110.441131, -7.783113199999943 ], [ 110.441122499999921, -7.783238899999919 ], [ 110.441072100000014, -7.783235599999941 ], [ 110.441080500000083, -7.783109899999934 ], [ 110.441131, -7.783113199999943 ] ] ], [ [ [ 110.441068800000224, -7.7831129 ], [ 110.441063200000073, -7.7832451 ], [ 110.440960100000083, -7.783240899999933 ], [ 110.44096569999995, -7.783108800000025 ], [ 110.441068800000224, -7.7831129 ] ] ], [ [ [ 110.441319600000156, -7.783211899999902 ], [ 110.441251700000038, -7.783212699999979 ], [ 110.441250400000115, -7.783109800000017 ], [ 110.441318200000197, -7.783108899999924 ], [ 110.441319600000156, -7.783211899999902 ] ] ], [ [ [ 110.441432566592312, -7.783204994002195 ], [ 110.441365700000077, -7.783207 ], [ 110.441362600000133, -7.783103699999959 ], [ 110.441431567318148, -7.783101630980489 ], [ 110.441432566592312, -7.783204994002195 ] ] ], [ [ [ 110.440219300000066, -7.783092199999953 ], [ 110.440217100000069, -7.783219499999861 ], [ 110.440145400000162, -7.783218200000016 ], [ 110.440145518665844, -7.783211338969058 ], [ 110.440091259714492, -7.783209381173182 ], [ 110.440092459713341, -7.783176181173097 ], [ 110.440146094917893, -7.78317802114445 ], [ 110.440146303245456, -7.783165976019131 ], [ 110.440095597907572, -7.783162905789538 ], [ 110.440099997904568, -7.783093205789172 ], [ 110.440147511998731, -7.783096088076334 ], [ 110.440147599999904, -7.783091 ], [ 110.440219300000066, -7.783092199999953 ] ] ], [ [ [ 110.439561599999948, -7.783166199999941 ], [ 110.439500700000025, -7.783176400000015 ], [ 110.439487600000106, -7.783099499999932 ], [ 110.439548500000157, -7.7830892 ], [ 110.439561599999948, -7.783166199999941 ] ] ], [ [ [ 110.440840500000135, -7.783086599999959 ], [ 110.440829200000081, -7.783141599999976 ], [ 110.440775200000047, -7.783130599999919 ], [ 110.440779800000115, -7.783108499999975 ], [ 110.44075520000024, -7.783103499999922 ], [ 110.440762, -7.783070599999947 ], [ 110.440840500000135, -7.783086599999959 ] ] ], [ [ [ 110.441961163171797, -7.783279917137613 ], [ 110.441853300000076, -7.783281699999941 ], [ 110.441849500000131, -7.7830646 ], [ 110.441958400000075, -7.783062699999893 ], [ 110.441959994039721, -7.783153811948134 ], [ 110.441962200000106, -7.78327989999994 ], [ 110.441961163171797, -7.783279917137613 ] ] ], [ [ [ 110.440941, -7.783075199999989 ], [ 110.4409288, -7.783138800000019 ], [ 110.440837700000074, -7.783121600000012 ], [ 110.44085, -7.783058 ], [ 110.440941, -7.783075199999989 ] ] ], [ [ [ 110.441690986886812, -7.783054792054252 ], [ 110.441695503168475, -7.783148480821316 ], [ 110.441699707105755, -7.783148323271245 ], [ 110.441702807106807, -7.783232023271307 ], [ 110.441605185308262, -7.78323562307639 ], [ 110.441603476632423, -7.783058887790268 ], [ 110.441690986886812, -7.783054792054252 ] ] ], [ [ [ 110.439824062780744, -7.783046796503987 ], [ 110.439822180372516, -7.783075802706759 ], [ 110.439823700000204, -7.783075899999956 ], [ 110.439817700000049, -7.783169699999972 ], [ 110.4397848, -7.7831677 ], [ 110.439790899999977, -7.783073799999958 ], [ 110.439793781554059, -7.783073984489813 ], [ 110.439795662780256, -7.783044996504008 ], [ 110.439824062780744, -7.783046796503987 ] ] ], [ [ [ 110.439941900000022, -7.783037 ], [ 110.439940504913196, -7.783164324947589 ], [ 110.439943292936704, -7.78316425856584 ], [ 110.439944192936537, -7.783203158565958 ], [ 110.43987289293986, -7.783204758565549 ], [ 110.439872079353506, -7.783173191405922 ], [ 110.439869853501833, -7.783173168320017 ], [ 110.43987013131553, -7.783219285368298 ], [ 110.439812731316692, -7.783219685368533 ], [ 110.439812331316588, -7.783169885368595 ], [ 110.439824731761718, -7.783169799105256 ], [ 110.439826200000027, -7.783035699999967 ], [ 110.439941900000022, -7.783037 ] ] ], [ [ [ 110.439786434316161, -7.783036253253602 ], [ 110.439773634317362, -7.783133053253899 ], [ 110.439715734320856, -7.783125553254089 ], [ 110.439728634319607, -7.78302875325388 ], [ 110.439786434316161, -7.783036253253602 ] ] ], [ [ [ 110.439723008454976, -7.783026351637041 ], [ 110.43971630845661, -7.78310655163737 ], [ 110.439634808460724, -7.78309995163887 ], [ 110.439641508459047, -7.783019751638532 ], [ 110.439723008454976, -7.783026351637041 ] ] ], [ [ [ 110.440954100000098, -7.783027899999979 ], [ 110.440947, -7.7830699 ], [ 110.440850500000067, -7.7830539 ], [ 110.440857600000129, -7.783012 ], [ 110.440954100000098, -7.783027899999979 ] ] ], [ [ [ 110.44052281581574, -7.783148972226436 ], [ 110.440521855631175, -7.783157993314855 ], [ 110.440462200000084, -7.783154099999949 ], [ 110.44047170000006, -7.783011399999929 ], [ 110.440547385795142, -7.783016441570224 ], [ 110.44052281581574, -7.783148972226436 ] ] ], [ [ [ 110.442566747423086, -7.782999798724274 ], [ 110.442558412475577, -7.783077234050781 ], [ 110.442506500000121, -7.783076799999906 ], [ 110.442507100000071, -7.782999300000021 ], [ 110.442566747423086, -7.782999798724274 ] ] ], [ [ [ 110.44085579999998, -7.783011799999989 ], [ 110.440841900000066, -7.7830826 ], [ 110.440756199999981, -7.783066 ], [ 110.440770100000165, -7.782995199999947 ], [ 110.44085579999998, -7.783011799999989 ] ] ], [ [ [ 110.442499300000051, -7.782988699999938 ], [ 110.442496300000172, -7.783082099999937 ], [ 110.442362, -7.783078 ], [ 110.442364900000143, -7.782984599999938 ], [ 110.442499300000051, -7.782988699999938 ] ] ], [ [ [ 110.4407639, -7.7829894 ], [ 110.440742499999914, -7.783081199999963 ], [ 110.440711915885061, -7.783074193762414 ], [ 110.440729077042505, -7.782981626202568 ], [ 110.440729116307537, -7.782981414405953 ], [ 110.4407639, -7.7829894 ] ] ], [ [ [ 110.441282300000083, -7.782977099999945 ], [ 110.441278900000071, -7.783078700000016 ], [ 110.441232200000201, -7.783077199999983 ], [ 110.441235600000127, -7.782975600000016 ], [ 110.441282300000083, -7.782977099999945 ] ] ], [ [ [ 110.441362299999966, -7.783069899999973 ], [ 110.441289200000114, -7.783069899999974 ], [ 110.441289200000114, -7.7829702 ], [ 110.441362300000023, -7.7829702 ], [ 110.441362299999966, -7.783069899999973 ] ] ], [ [ [ 110.441124900000105, -7.782988299999987 ], [ 110.441116300000104, -7.783051499999979 ], [ 110.44097480000012, -7.783032699999919 ], [ 110.440983299999985, -7.782969599999961 ], [ 110.441124900000105, -7.782988299999987 ] ] ], [ [ [ 110.4404652, -7.782963299999976 ], [ 110.440454200000133, -7.783150199999976 ], [ 110.440350700000096, -7.783144399999934 ], [ 110.440361500000108, -7.7829573 ], [ 110.4404652, -7.782963299999976 ] ] ], [ [ [ 110.441825205967916, -7.782976300700662 ], [ 110.441824005966652, -7.78304240070052 ], [ 110.441780298481831, -7.783041587957589 ], [ 110.44178030000009, -7.783041799999939 ], [ 110.441720700000133, -7.783042199999977 ], [ 110.441720670357228, -7.783038059878924 ], [ 110.441644088131099, -7.783041758198313 ], [ 110.441640788128495, -7.782974258198236 ], [ 110.441720186759483, -7.782970517388524 ], [ 110.441720100000083, -7.7829584 ], [ 110.441779700000211, -7.782957999999878 ], [ 110.441779824977033, -7.78297545509148 ], [ 110.441825205967916, -7.782976300700662 ] ] ], [ [ [ 110.440356800000075, -7.78295659999993 ], [ 110.440346500000103, -7.7831118 ], [ 110.440274500000015, -7.783107099999966 ], [ 110.440275600000106, -7.783090699999933 ], [ 110.4402335999999, -7.783087899999979 ], [ 110.440238500000063, -7.783015199999978 ], [ 110.440274599999924, -7.783017500000011 ], [ 110.440279000000118, -7.782951599999974 ], [ 110.440356800000075, -7.78295659999993 ] ] ], [ [ [ 110.442493900000144, -7.7829379 ], [ 110.442492800000053, -7.7829756 ], [ 110.442394800000187, -7.782972699999955 ], [ 110.442396, -7.782935 ], [ 110.442493900000144, -7.7829379 ] ] ], [ [ [ 110.442260700000034, -7.782938699999957 ], [ 110.442255100000096, -7.78304369999992 ], [ 110.442108200000035, -7.783036 ], [ 110.442113799999859, -7.782931 ], [ 110.442260700000034, -7.782938699999957 ] ] ], [ [ [ 110.433151400000028, -7.782939699999958 ], [ 110.433134300000049, -7.783015799999968 ], [ 110.4330351, -7.782993900000013 ], [ 110.4330522, -7.782917799999922 ], [ 110.433151400000028, -7.782939699999958 ] ] ], [ [ [ 110.44026500000011, -7.782933800000018 ], [ 110.440262000000274, -7.783007099999956 ], [ 110.440086, -7.783 ], [ 110.440089, -7.782926699999965 ], [ 110.44026500000011, -7.782933800000018 ] ] ], [ [ [ 110.431190499999971, -7.78292569999995 ], [ 110.431187699999981, -7.782969399999929 ], [ 110.430994800000036, -7.7829572 ], [ 110.4309975, -7.78291369999993 ], [ 110.431190499999971, -7.78292569999995 ] ] ], [ [ [ 110.4409504, -7.782939599999967 ], [ 110.440935300000049, -7.783020399999983 ], [ 110.440862899999942, -7.783006700000013 ], [ 110.440878500000068, -7.782926 ], [ 110.4409504, -7.782939599999967 ] ] ], [ [ [ 110.439883900000197, -7.78291729999998 ], [ 110.439880999999872, -7.783010199999947 ], [ 110.439788400000026, -7.783007299999959 ], [ 110.439791300000209, -7.7829145 ], [ 110.439883900000197, -7.78291729999998 ] ] ], [ [ [ 110.44087610000004, -7.782926399999903 ], [ 110.440860300000153, -7.783003799999938 ], [ 110.440768600000212, -7.78298539999993 ], [ 110.440784400000013, -7.782908100000026 ], [ 110.44087610000004, -7.782926399999903 ] ] ], [ [ [ 110.442091897490016, -7.782917872470148 ], [ 110.442090297488903, -7.782954972470009 ], [ 110.442083791139851, -7.78295469169027 ], [ 110.44208182591133, -7.782982401395806 ], [ 110.442088948795231, -7.782982802387466 ], [ 110.442086148793663, -7.783033202387475 ], [ 110.442025290697316, -7.783029781368294 ], [ 110.442025321361882, -7.783031645777267 ], [ 110.441973595176023, -7.783032429507671 ], [ 110.441973595176108, -7.783043147663389 ], [ 110.441921630020246, -7.783043147664542 ], [ 110.441921595338428, -7.783044462104627 ], [ 110.441856995339322, -7.783042762107153 ], [ 110.441858995336204, -7.782966962106855 ], [ 110.441923595335538, -7.782968662104421 ], [ 110.441922624741935, -7.78300544766453 ], [ 110.441972077315967, -7.783005447663427 ], [ 110.44197163764828, -7.782978715876638 ], [ 110.4419438, -7.78297789999993 ], [ 110.441946100000024, -7.7829004 ], [ 110.442031400000076, -7.782902899999928 ], [ 110.442031033721676, -7.782915241992877 ], [ 110.442091897490016, -7.782917872470148 ] ] ], [ [ [ 110.439999900000103, -7.783016 ], [ 110.43997260000009, -7.7830162 ], [ 110.439971800000251, -7.782888099999949 ], [ 110.440068599999947, -7.7828875 ], [ 110.440069399999985, -7.782997699999979 ], [ 110.439999799999924, -7.7829981 ], [ 110.439999900000103, -7.783016 ] ] ], [ [ [ 110.433037799999966, -7.782904099999937 ], [ 110.433011500000049, -7.78296659999998 ], [ 110.432930299999953, -7.782933 ], [ 110.432956499999975, -7.782870599999919 ], [ 110.433037799999966, -7.782904099999937 ] ] ], [ [ [ 110.440571894524297, -7.782884241297889 ], [ 110.440549223421101, -7.78300652940186 ], [ 110.440477400000105, -7.783 ], [ 110.440484200000157, -7.782929 ], [ 110.440506775866368, -7.782931113617072 ], [ 110.440512299169072, -7.78287597420005 ], [ 110.440567599170365, -7.782881374199473 ], [ 110.44056735413568, -7.782883820393962 ], [ 110.440571894524297, -7.782884241297889 ] ] ], [ [ [ 110.431775299999941, -7.78286349999998 ], [ 110.431772, -7.782943799999919 ], [ 110.431683, -7.7829402999999 ], [ 110.43168620000003, -7.782859899999936 ], [ 110.431775299999941, -7.78286349999998 ] ] ], [ [ [ 110.431199, -7.7828606 ], [ 110.431194500000046, -7.782921799999986 ], [ 110.431117299999968, -7.7829163 ], [ 110.431121699999963, -7.782855099999984 ], [ 110.431199, -7.7828606 ] ] ], [ [ [ 110.431892000000104, -7.782856799999925 ], [ 110.431887800000027, -7.782960599999981 ], [ 110.431798900000032, -7.782957099999989 ], [ 110.431803100000025, -7.782853200000012 ], [ 110.431892000000104, -7.782856799999925 ] ] ], [ [ [ 110.439904300000109, -7.782863099999914 ], [ 110.43990249999986, -7.782913599999943 ], [ 110.439834800000042, -7.7829112 ], [ 110.439836500000098, -7.78286089999991 ], [ 110.439904300000109, -7.782863099999914 ] ] ], [ [ [ 110.431118299999952, -7.782854899999951 ], [ 110.43111380000002, -7.782917799999929 ], [ 110.431032599999952, -7.782912 ], [ 110.431037099999983, -7.782849099999925 ], [ 110.431118299999952, -7.782854899999951 ] ] ], [ [ [ 110.439831500000125, -7.7828563 ], [ 110.439829699999976, -7.782912 ], [ 110.439754500000191, -7.782909599999945 ], [ 110.439756400000121, -7.782853899999984 ], [ 110.439831500000125, -7.7828563 ] ] ], [ [ [ 110.441726510890547, -7.782854956571969 ], [ 110.441726993042209, -7.782868663437123 ], [ 110.441773800000064, -7.782867699999954 ], [ 110.441775600000042, -7.782951 ], [ 110.441729925133131, -7.782952018479588 ], [ 110.441730010895299, -7.782954456572117 ], [ 110.441679310896319, -7.782956156574659 ], [ 110.441602508430961, -7.782958742783829 ], [ 110.441602189375288, -7.782925741554999 ], [ 110.441607040024365, -7.782859044942986 ], [ 110.441675810891709, -7.782856656574408 ], [ 110.441726510890547, -7.782854956571969 ] ] ], [ [ [ 110.441122099999873, -7.7828704 ], [ 110.441107700000103, -7.7829595 ], [ 110.440993899999924, -7.7829413 ], [ 110.44100850000018, -7.7828522 ], [ 110.441122099999873, -7.7828704 ] ] ], [ [ [ 110.431542399999941, -7.782852 ], [ 110.431535399999987, -7.782919699999984 ], [ 110.431410100000036, -7.782907099999936 ], [ 110.4314171, -7.7828393 ], [ 110.431542399999941, -7.782852 ] ] ], [ [ [ 110.433366600000014, -7.782850399999953 ], [ 110.433341899999988, -7.782957899999966 ], [ 110.4333003, -7.782948499999976 ], [ 110.43328980000004, -7.782994299999963 ], [ 110.433246700000026, -7.782984599999931 ], [ 110.4332616, -7.782919799999975 ], [ 110.433268799999979, -7.782921399999952 ], [ 110.433289199999976, -7.78283290000002 ], [ 110.433366600000014, -7.782850399999953 ] ] ], [ [ [ 110.442583918840427, -7.782840268706988 ], [ 110.442574325550979, -7.782929394584053 ], [ 110.442501400000069, -7.782927699999947 ], [ 110.442503499999972, -7.782838399999935 ], [ 110.442583918840427, -7.782840268706988 ] ] ], [ [ [ 110.432095299999972, -7.782823399999902 ], [ 110.432089, -7.782977499999983 ], [ 110.4320551, -7.782976099999938 ], [ 110.4320614, -7.782822 ], [ 110.432095299999972, -7.782823399999902 ] ] ], [ [ [ 110.442481400000176, -7.782927099999987 ], [ 110.442402600000065, -7.7829271 ], [ 110.442402600000094, -7.78283009999996 ], [ 110.442481400000176, -7.782830099999961 ], [ 110.442481400000176, -7.782927099999987 ] ] ], [ [ [ 110.431392600000024, -7.782815199999978 ], [ 110.431389299999978, -7.782893399999967 ], [ 110.431346900000037, -7.7828916 ], [ 110.431347, -7.782889299999977 ], [ 110.43133, -7.782888599999983 ], [ 110.431331700000015, -7.782850100000021 ], [ 110.4313487, -7.782850799999976 ], [ 110.431350299999963, -7.782813399999978 ], [ 110.431392600000024, -7.782815199999978 ] ] ], [ [ [ 110.433974700000036, -7.782828399999977 ], [ 110.43396250000005, -7.782890399999987 ], [ 110.433892699999987, -7.782876899999978 ], [ 110.433904900000044, -7.782814899999951 ], [ 110.433974700000036, -7.782828399999977 ] ] ], [ [ [ 110.431988800000028, -7.782813799999919 ], [ 110.43198689999997, -7.782862299999954 ], [ 110.431913800000018, -7.782859399999985 ], [ 110.431915800000041, -7.782810799999969 ], [ 110.431988800000028, -7.782813799999919 ] ] ], [ [ [ 110.440082500000116, -7.782821 ], [ 110.44008060000013, -7.782884 ], [ 110.440041700000023, -7.782882899999978 ], [ 110.440043600000038, -7.782819900000013 ], [ 110.440082500000116, -7.782821 ] ] ], [ [ [ 110.44190880000005, -7.782905599999988 ], [ 110.441780500000107, -7.782905599999984 ], [ 110.441780500000149, -7.782814799999946 ], [ 110.441908800000036, -7.78281479999993 ], [ 110.44190880000005, -7.782905599999988 ] ] ], [ [ [ 110.433459, -7.782815299999963 ], [ 110.433446300000014, -7.782870400000013 ], [ 110.433431, -7.782866899999989 ], [ 110.4334226, -7.782903399999989 ], [ 110.433388, -7.782895599999969 ], [ 110.433396399999964, -7.782859099999951 ], [ 110.433390800000026, -7.78285779999994 ], [ 110.433403400000017, -7.7828027 ], [ 110.433459, -7.782815299999963 ] ] ], [ [ [ 110.439588100000066, -7.7828123 ], [ 110.439586100000071, -7.782887199999976 ], [ 110.439471100000162, -7.782884099999976 ], [ 110.43947300000012, -7.7828091 ], [ 110.439588100000066, -7.7828123 ] ] ], [ [ [ 110.44127610000001, -7.782807599999966 ], [ 110.441264799999971, -7.782960899999949 ], [ 110.441179, -7.782954599999938 ], [ 110.441190400000124, -7.782801400000046 ], [ 110.44127610000001, -7.782807599999966 ] ] ], [ [ [ 110.432054599999958, -7.782790499999966 ], [ 110.4320507, -7.782887499999979 ], [ 110.432, -7.782885400000015 ], [ 110.431998699999951, -7.7829165 ], [ 110.431973199999987, -7.78291549999997 ], [ 110.431971099999984, -7.782968499999957 ], [ 110.431897799999959, -7.782965599999985 ], [ 110.4319017, -7.782871799999918 ], [ 110.431974900000029, -7.7828747 ], [ 110.4319746, -7.782880399999935 ], [ 110.431998899999982, -7.782881399999931 ], [ 110.432002700000112, -7.7827885 ], [ 110.432054599999958, -7.782790499999966 ] ] ], [ [ [ 110.431256199999979, -7.7828 ], [ 110.4312497, -7.782860299999963 ], [ 110.43112739999998, -7.782847399999967 ], [ 110.431133799999969, -7.782787099999961 ], [ 110.431256199999979, -7.7828 ] ] ], [ [ [ 110.440983699999975, -7.782801899999934 ], [ 110.440955400000036, -7.782937599999968 ], [ 110.4408016, -7.782907 ], [ 110.440816, -7.7828359 ], [ 110.440893399999965, -7.782851299999919 ], [ 110.440899299999955, -7.782823200000011 ], [ 110.440931400000096, -7.782829799999934 ], [ 110.440939100000108, -7.782792800000043 ], [ 110.440983699999975, -7.782801899999934 ] ] ], [ [ [ 110.4400403, -7.782794299999892 ], [ 110.4400373000001, -7.782861199999951 ], [ 110.439953200000076, -7.7828575 ], [ 110.4399563, -7.782790599999972 ], [ 110.4400403, -7.782794299999892 ] ] ], [ [ [ 110.441184900000209, -7.782796799999954 ], [ 110.441174800000084, -7.782862099999947 ], [ 110.441122800000031, -7.78285420000001 ], [ 110.441132899999971, -7.7827889 ], [ 110.441184900000209, -7.782796799999954 ] ] ], [ [ [ 110.433897599999966, -7.782794799999972 ], [ 110.433883699999953, -7.782865499999953 ], [ 110.4337811, -7.782845699999989 ], [ 110.433795100000012, -7.78277490000002 ], [ 110.433897599999966, -7.782794799999972 ] ] ], [ [ [ 110.441774799999962, -7.782842099999975 ], [ 110.441673, -7.782844299999984 ], [ 110.441671500000126, -7.782781499999929 ], [ 110.441773299999937, -7.7827791 ], [ 110.441774799999962, -7.782842099999975 ] ] ], [ [ [ 110.4411266, -7.782792699999978 ], [ 110.441113800000039, -7.782866599999953 ], [ 110.441000600000052, -7.782847399999945 ], [ 110.441013399999946, -7.78277339999997 ], [ 110.4411266, -7.782792699999978 ] ] ], [ [ [ 110.432989699999979, -7.7827876 ], [ 110.4329792, -7.7828327 ], [ 110.432858599999989, -7.782805 ], [ 110.432869100000133, -7.78276 ], [ 110.432989699999979, -7.7827876 ] ] ], [ [ [ 110.44210590000003, -7.782770699999899 ], [ 110.442098300000112, -7.782893 ], [ 110.442030200000048, -7.782888899999947 ], [ 110.44203780000008, -7.782766499999927 ], [ 110.44210590000003, -7.782770699999899 ] ] ], [ [ [ 110.4332556, -7.782769899999927 ], [ 110.433226100000013, -7.78288220000001 ], [ 110.433150699999985, -7.7828628 ], [ 110.433180300000046, -7.782750499999951 ], [ 110.4332556, -7.782769899999927 ] ] ], [ [ [ 110.44050225133752, -7.78275987300659 ], [ 110.440501651336163, -7.78286247300654 ], [ 110.440493993115439, -7.782862416068346 ], [ 110.440498346078755, -7.782862789359983 ], [ 110.440493946078661, -7.782913289359973 ], [ 110.440427998129678, -7.782907729794377 ], [ 110.440425634842597, -7.782940705036204 ], [ 110.440372034844032, -7.782936905037287 ], [ 110.44037760811193, -7.782859140513695 ], [ 110.440370650722585, -7.782859077753103 ], [ 110.440371650722952, -7.782758777753171 ], [ 110.44044925072447, -7.78275947775357 ], [ 110.44044924875196, -7.782759675603329 ], [ 110.44050225133752, -7.78275987300659 ] ] ], [ [ [ 110.439759799999948, -7.782755899999944 ], [ 110.439760100000086, -7.78283259999996 ], [ 110.43971489999997, -7.78283229999996 ], [ 110.439715200000094, -7.782799299999954 ], [ 110.439658700000052, -7.78279960000002 ], [ 110.439658400000013, -7.7827565 ], [ 110.439759799999948, -7.782755899999944 ] ] ], [ [ [ 110.439950700000054, -7.78275649999997 ], [ 110.439948000000172, -7.782857099999979 ], [ 110.439872500000135, -7.782855099999988 ], [ 110.439875200000088, -7.782754500000022 ], [ 110.439950700000054, -7.78275649999997 ] ] ], [ [ [ 110.430998499999973, -7.7827663 ], [ 110.430985600000085, -7.782924 ], [ 110.4309067, -7.782917700000014 ], [ 110.430907312697826, -7.782910262795563 ], [ 110.430863361147104, -7.782906673127881 ], [ 110.430863365915968, -7.782906614954693 ], [ 110.430795484502937, -7.782901143639828 ], [ 110.43080878449932, -7.782739343639288 ], [ 110.430881984500616, -7.782745243637677 ], [ 110.430881313203713, -7.782753410247876 ], [ 110.430926161143645, -7.782757073126087 ], [ 110.430925888201003, -7.782760402595572 ], [ 110.430998499999973, -7.7827663 ] ] ], [ [ [ 110.439867100000058, -7.782748699999956 ], [ 110.439866200000054, -7.782848399999964 ], [ 110.439765299999891, -7.782847499999955 ], [ 110.439766099999943, -7.7827478 ], [ 110.439867100000058, -7.782748699999956 ] ] ], [ [ [ 110.440139300000013, -7.7827481 ], [ 110.440137100000101, -7.782837599999956 ], [ 110.440099099999983, -7.782836699999975 ], [ 110.440101300000066, -7.782747199999946 ], [ 110.440139300000013, -7.7827481 ] ] ], [ [ [ 110.432600800000031, -7.782749099999988 ], [ 110.432603199999988, -7.782819599999976 ], [ 110.432530900000032, -7.7828124 ], [ 110.432519900000017, -7.782788900000025 ], [ 110.432552599999966, -7.782798099999986 ], [ 110.432558199999988, -7.782733 ], [ 110.432600800000031, -7.782749099999988 ] ] ], [ [ [ 110.433101, -7.782733699999977 ], [ 110.433162399999972, -7.782758 ], [ 110.433152699999965, -7.782782099999962 ], [ 110.433161199999958, -7.7827855 ], [ 110.433107, -7.782920299999963 ], [ 110.4330028, -7.782879099999922 ], [ 110.433057, -7.782744399999957 ], [ 110.433091300000058, -7.782757899999939 ], [ 110.433101, -7.782733699999977 ] ] ], [ [ [ 110.441400700000116, -7.782744099999931 ], [ 110.441396, -7.782814099999975 ], [ 110.441346300000035, -7.782810799999963 ], [ 110.441291900000166, -7.78280729999994 ], [ 110.4412966000002, -7.7827373 ], [ 110.441350900000074, -7.782740899999946 ], [ 110.441400700000116, -7.782744099999931 ] ] ], [ [ [ 110.442594524878984, -7.782741733946106 ], [ 110.44258480911229, -7.782831997690131 ], [ 110.44249040000021, -7.782828299999962 ], [ 110.442494000000153, -7.782737799999961 ], [ 110.442594524878984, -7.782741733946106 ] ] ], [ [ [ 110.442483800000048, -7.782817099999924 ], [ 110.442387700000069, -7.782817099999941 ], [ 110.442387700000054, -7.782735399999934 ], [ 110.442483800000048, -7.782735399999904 ], [ 110.442483800000048, -7.782817099999924 ] ] ], [ [ [ 110.433698899999939, -7.782730299999971 ], [ 110.433689100000038, -7.782779899999976 ], [ 110.433664300000046, -7.782775099999943 ], [ 110.433653, -7.782832399999941 ], [ 110.433541499999976, -7.782810899999968 ], [ 110.433558200000036, -7.782726199999987 ], [ 110.4336588, -7.7827457 ], [ 110.433663100000032, -7.7827234 ], [ 110.433698899999939, -7.782730299999971 ] ] ], [ [ [ 110.431131499999978, -7.782730199999929 ], [ 110.431120599999971, -7.7828423 ], [ 110.43101, -7.7828318 ], [ 110.43102090000005, -7.782719699999955 ], [ 110.431131499999978, -7.782730199999929 ] ] ], [ [ [ 110.441290100000032, -7.782738699999949 ], [ 110.441284299999978, -7.782802800000014 ], [ 110.441190899999881, -7.782794399999928 ], [ 110.441196800000029, -7.782730299999964 ], [ 110.441290100000032, -7.782738699999949 ] ] ], [ [ [ 110.440209500000122, -7.782727299999977 ], [ 110.440206700000076, -7.7828402 ], [ 110.440155200000078, -7.782839099999971 ], [ 110.440158000000139, -7.782726099999965 ], [ 110.440209500000122, -7.782727299999977 ] ] ], [ [ [ 110.440094, -7.782725599999898 ], [ 110.440092600000071, -7.7828176 ], [ 110.440054600000025, -7.782817 ], [ 110.440056099999978, -7.782725 ], [ 110.440094, -7.782725599999898 ] ] ], [ [ [ 110.430596233670755, -7.782712401415177 ], [ 110.430710203450673, -7.78272076358242 ], [ 110.430710399999938, -7.782718099999935 ], [ 110.430782100000016, -7.7827233 ], [ 110.430770599999946, -7.7828778 ], [ 110.430625899999967, -7.7828672 ], [ 110.430626172705033, -7.782863508743892 ], [ 110.430538440455678, -7.782857075668409 ], [ 110.430543940454157, -7.782783475668099 ], [ 110.430638040454028, -7.782790275666168 ], [ 110.430637921802131, -7.782791865603075 ], [ 110.4307046, -7.782796699999945 ], [ 110.43070483125743, -7.782793566064091 ], [ 110.430590733672204, -7.782785201415379 ], [ 110.430596233670755, -7.782712401415177 ] ] ], [ [ [ 110.440350300000063, -7.782792613684115 ], [ 110.440350300000134, -7.782836399999948 ], [ 110.440349310528816, -7.782836400000028 ], [ 110.440348258594085, -7.782858299370892 ], [ 110.440251258596618, -7.782853899370959 ], [ 110.440252358596709, -7.78283089937102 ], [ 110.440254800000176, -7.782831012632244 ], [ 110.440254800000147, -7.782787 ], [ 110.440264948816335, -7.782787000000917 ], [ 110.440264948816477, -7.78277041368326 ], [ 110.44026494881669, -7.782721913683261 ], [ 110.440355748818618, -7.782721913683581 ], [ 110.440355748818348, -7.78277041368372 ], [ 110.440355748818249, -7.782792613683601 ], [ 110.440350300000063, -7.782792613684115 ] ] ], [ [ [ 110.441184700000079, -7.782727399999982 ], [ 110.441177100000075, -7.7827889 ], [ 110.441139699999908, -7.782784299999957 ], [ 110.441147300000111, -7.782722799999959 ], [ 110.441184700000079, -7.782727399999982 ] ] ], [ [ [ 110.442030099999883, -7.782721799999968 ], [ 110.442027700000111, -7.782864599999965 ], [ 110.441926100000089, -7.7828628 ], [ 110.441928499999989, -7.782720200000012 ], [ 110.442030099999883, -7.782721799999968 ] ] ], [ [ [ 110.4339979, -7.782719699999972 ], [ 110.4339831, -7.78279459999992 ], [ 110.433967499999952, -7.782791599999935 ], [ 110.433963300000087, -7.78281250000002 ], [ 110.433914099999981, -7.782803 ], [ 110.4339182, -7.782782 ], [ 110.4339079, -7.782780099999972 ], [ 110.433922700000011, -7.7827051 ], [ 110.4339979, -7.782719699999972 ] ] ], [ [ [ 110.440942600000056, -7.7827124 ], [ 110.440927500000129, -7.782817399999977 ], [ 110.440872100000107, -7.782809599999912 ], [ 110.440887100000069, -7.782704599999978 ], [ 110.440942600000056, -7.7827124 ] ] ], [ [ [ 110.441139699999908, -7.782720299999934 ], [ 110.441128800000072, -7.782788 ], [ 110.440999599999955, -7.782767599999935 ], [ 110.441010499999976, -7.782699899999919 ], [ 110.441139699999908, -7.782720299999934 ] ] ], [ [ [ 110.4318241, -7.782689499999965 ], [ 110.431821400000047, -7.782757099999965 ], [ 110.431891, -7.782759900000022 ], [ 110.431888399999977, -7.782825699999959 ], [ 110.431806499999965, -7.782822399999952 ], [ 110.431806100000017, -7.782832 ], [ 110.4317126, -7.782828299999987 ], [ 110.431713, -7.782818699999971 ], [ 110.431693300000049, -7.78281790000001 ], [ 110.431696, -7.7827521 ], [ 110.431705799999989, -7.782752499999931 ], [ 110.431708500000028, -7.782684899999939 ], [ 110.4318241, -7.782689499999965 ] ] ], [ [ [ 110.4319046, -7.782687799999976 ], [ 110.431901800000119, -7.782756399999989 ], [ 110.4318273, -7.7827535 ], [ 110.431830099999971, -7.78268480000002 ], [ 110.4319046, -7.782687799999976 ] ] ], [ [ [ 110.441000200000104, -7.782700699999988 ], [ 110.44098719999991, -7.782794299999924 ], [ 110.440936, -7.782787299999976 ], [ 110.440949000000131, -7.782693699999946 ], [ 110.441000200000104, -7.782700699999988 ] ] ], [ [ [ 110.441836700000039, -7.782694699999926 ], [ 110.441835899999958, -7.782768 ], [ 110.44168130000007, -7.782766300000019 ], [ 110.441682100000165, -7.782693 ], [ 110.441836700000039, -7.782694699999926 ] ] ], [ [ [ 110.441922700000049, -7.7826942 ], [ 110.441920900000156, -7.782811 ], [ 110.44188079999995, -7.782810399999925 ], [ 110.441840800000094, -7.782809699999936 ], [ 110.441842600000086, -7.782693 ], [ 110.441882600000028, -7.782693599999923 ], [ 110.441922700000049, -7.7826942 ] ] ], [ [ [ 110.431507, -7.782691899999964 ], [ 110.431493499999988, -7.782775299999933 ], [ 110.431408800000014, -7.7827619 ], [ 110.431422400000031, -7.782678399999938 ], [ 110.431507, -7.782691899999964 ] ] ], [ [ [ 110.433025900000047, -7.7826933 ], [ 110.433003699999972, -7.782788299999956 ], [ 110.432935200000031, -7.782772599999987 ], [ 110.432957399999978, -7.782677599999954 ], [ 110.433025900000047, -7.7826933 ] ] ], [ [ [ 110.431288900000098, -7.782676299999908 ], [ 110.431286200000031, -7.782739 ], [ 110.431254, -7.782737599999952 ], [ 110.43125670000002, -7.782674899999964 ], [ 110.431288900000098, -7.782676299999908 ] ] ], [ [ [ 110.433884300000017, -7.782690599999969 ], [ 110.433875, -7.78273759999995 ], [ 110.433811500000076, -7.782725299999979 ], [ 110.433820699999984, -7.7826783 ], [ 110.433884300000017, -7.782690599999969 ] ] ], [ [ [ 110.4335567, -7.782690100000017 ], [ 110.433534099999989, -7.782804799999969 ], [ 110.433468, -7.782792 ], [ 110.433490600000042, -7.782677299999904 ], [ 110.4335567, -7.782690100000017 ] ] ], [ [ [ 110.439595308523522, -7.782718612088089 ], [ 110.439609900000079, -7.782719 ], [ 110.439608100000115, -7.782792899999984 ], [ 110.4395592, -7.78279169999998 ], [ 110.439559432709018, -7.782782133075016 ], [ 110.439464345342714, -7.782778874034889 ], [ 110.439466445340557, -7.782716574034587 ], [ 110.439526843206735, -7.782718583238621 ], [ 110.439527096388574, -7.782683644277722 ], [ 110.439595496392826, -7.782684044279613 ], [ 110.439595308523522, -7.782718612088089 ] ] ], [ [ [ 110.433476500000012, -7.782688499999963 ], [ 110.433457899999979, -7.782783 ], [ 110.433353299999951, -7.782762699999975 ], [ 110.433367, -7.782692899999976 ], [ 110.433399400000042, -7.782699199999962 ], [ 110.4334043, -7.78267449999994 ], [ 110.433476500000012, -7.782688499999963 ] ] ], [ [ [ 110.431237400000029, -7.782678 ], [ 110.431231100000048, -7.782757 ], [ 110.431138200000106, -7.782749699999972 ], [ 110.4311446, -7.7826707 ], [ 110.431237400000029, -7.782678 ] ] ], [ [ [ 110.43138279999998, -7.782674099999931 ], [ 110.431377299999966, -7.782802599999989 ], [ 110.431344200000012, -7.782801199999941 ], [ 110.431343, -7.782830299999947 ], [ 110.431293100000019, -7.782828199999951 ], [ 110.431294300000033, -7.782799099999974 ], [ 110.431291200000047, -7.782799 ], [ 110.431296699999962, -7.782670499999949 ], [ 110.43138279999998, -7.782674099999931 ] ] ], [ [ [ 110.4326764, -7.782682299999946 ], [ 110.432668599999957, -7.782738 ], [ 110.432658600000025, -7.782736699999958 ], [ 110.4326498, -7.782799899999945 ], [ 110.4326025, -7.782793399999944 ], [ 110.432608200000033, -7.782752199999989 ], [ 110.432611300000033, -7.782730199999928 ], [ 110.432581599999963, -7.78272619999994 ], [ 110.4325894, -7.78267039999996 ], [ 110.4326764, -7.782682299999946 ] ] ], [ [ [ 110.440877500000155, -7.782685899999928 ], [ 110.440872100000107, -7.78272269999996 ], [ 110.440789000000123, -7.782710699999948 ], [ 110.440794400000215, -7.78267389999998 ], [ 110.440877500000155, -7.782685899999928 ] ] ], [ [ [ 110.432568, -7.782671299999963 ], [ 110.432557700000018, -7.782734599999973 ], [ 110.4325516, -7.782772 ], [ 110.432523400000065, -7.782767499999896 ], [ 110.432521499999979, -7.782779299999937 ], [ 110.432461200000034, -7.782769699999916 ], [ 110.432469600000019, -7.782718399999967 ], [ 110.432488399999968, -7.782721399999944 ], [ 110.4324984, -7.782660199999944 ], [ 110.432568, -7.782671299999963 ] ] ], [ [ [ 110.4327849, -7.782736899999943 ], [ 110.432772200000045, -7.782791299999928 ], [ 110.432732799999954, -7.7827823 ], [ 110.432728700000055, -7.782799699999924 ], [ 110.432659099999981, -7.782783699999931 ], [ 110.432688099999979, -7.782659899999982 ], [ 110.432757699999968, -7.782675799999966 ], [ 110.432745500000024, -7.782727799999924 ], [ 110.4327849, -7.782736899999943 ] ] ], [ [ [ 110.433812400000022, -7.782728700000018 ], [ 110.433806399999952, -7.782759399999973 ], [ 110.4337929, -7.78275679999991 ], [ 110.433790499999986, -7.7827693 ], [ 110.43371209999998, -7.782754099999955 ], [ 110.4337306, -7.782660100000021 ], [ 110.433809000000139, -7.782675299999949 ], [ 110.433799, -7.782726099999973 ], [ 110.433812400000022, -7.782728700000018 ] ] ], [ [ [ 110.4329414, -7.782677399999941 ], [ 110.432922, -7.782760299999963 ], [ 110.432829899999987, -7.78273909999997 ], [ 110.4328492, -7.782656299999954 ], [ 110.4329414, -7.782677399999941 ] ] ], [ [ [ 110.440600746099037, -7.782726822912644 ], [ 110.440600529387581, -7.782729784626441 ], [ 110.440584176589169, -7.782817991745998 ], [ 110.440511499999985, -7.782814699999917 ], [ 110.440515535639648, -7.782728543789948 ], [ 110.440515356324056, -7.782728548182426 ], [ 110.440513856324102, -7.78266524818235 ], [ 110.440514649323362, -7.782665229899992 ], [ 110.440583941740343, -7.782692526920527 ], [ 110.440584738181471, -7.782726083649573 ], [ 110.440600746099037, -7.782726822912644 ] ] ], [ [ [ 110.442602553544262, -7.7826671441158 ], [ 110.442595862839994, -7.782729303700106 ], [ 110.442418100000083, -7.782724199999961 ], [ 110.442419899999962, -7.7826619 ], [ 110.442602553544262, -7.7826671441158 ] ] ], [ [ [ 110.439829965285014, -7.782654116732354 ], [ 110.439829865284111, -7.782695416732362 ], [ 110.439793665284313, -7.782695316731688 ], [ 110.439793565283594, -7.782738916731537 ], [ 110.439737326139422, -7.78273882543346 ], [ 110.439737400000169, -7.78275020000001 ], [ 110.4396862, -7.782750599999944 ], [ 110.439685600000132, -7.782658199999941 ], [ 110.439732155827855, -7.782657836282795 ], [ 110.439732165285776, -7.782653816730475 ], [ 110.439829965285014, -7.782654116732354 ] ] ], [ [ [ 110.442106900000113, -7.782658299999964 ], [ 110.442104, -7.7827137 ], [ 110.442034200000123, -7.782710099999983 ], [ 110.44203700000017, -7.782654700000016 ], [ 110.442106900000113, -7.782658299999964 ] ] ], [ [ [ 110.432839800000025, -7.782653 ], [ 110.4328301, -7.7826944 ], [ 110.43276939999997, -7.7826804 ], [ 110.432779, -7.782639 ], [ 110.432839800000025, -7.782653 ] ] ], [ [ [ 110.4339775, -7.782646499999919 ], [ 110.433967200000026, -7.7826986 ], [ 110.4339302, -7.782691499999927 ], [ 110.43394040000004, -7.782639299999979 ], [ 110.4339775, -7.782646499999919 ] ] ], [ [ [ 110.4312423, -7.782639799999915 ], [ 110.4312391, -7.782675699999978 ], [ 110.4311435, -7.7826673 ], [ 110.431146700000056, -7.782631499999963 ], [ 110.4312423, -7.782639799999915 ] ] ], [ [ [ 110.432472099999956, -7.782647299999944 ], [ 110.4324501, -7.782788800000011 ], [ 110.432355700000016, -7.782774299999958 ], [ 110.43237770000006, -7.782632899999987 ], [ 110.432472099999956, -7.782647299999944 ] ] ], [ [ [ 110.440044072165534, -7.782641627482962 ], [ 110.440045072164963, -7.782687827482912 ], [ 110.440032357972072, -7.782688128608785 ], [ 110.440047800000158, -7.782688799999969 ], [ 110.440043400000064, -7.7827854 ], [ 110.439953800000097, -7.7827814 ], [ 110.439958100000126, -7.782684899999899 ], [ 110.440007035450208, -7.782687027630503 ], [ 110.440006072164408, -7.782642427482616 ], [ 110.440044072165534, -7.782641627482962 ] ] ], [ [ [ 110.431141099999962, -7.7826394 ], [ 110.431132600000026, -7.782727799999938 ], [ 110.431021800000039, -7.782717199999918 ], [ 110.431030300000046, -7.7826289 ], [ 110.431141099999962, -7.7826394 ] ] ], [ [ [ 110.441372600000165, -7.7826535 ], [ 110.441365500000231, -7.782736599999929 ], [ 110.441230600000068, -7.78272540000001 ], [ 110.441237600000107, -7.782642199999921 ], [ 110.441372600000165, -7.7826535 ] ] ], [ [ [ 110.440106700000158, -7.782637499999985 ], [ 110.440106200000045, -7.782713199999882 ], [ 110.440062, -7.782712899999947 ], [ 110.440062500000067, -7.782637199999963 ], [ 110.440106700000158, -7.782637499999985 ] ] ], [ [ [ 110.4334998, -7.782641899999931 ], [ 110.433495700000023, -7.782662599999962 ], [ 110.433486400000049, -7.7826608 ], [ 110.433482700000013, -7.782679599999937 ], [ 110.433408900000032, -7.78266530000001 ], [ 110.4334182, -7.7826178 ], [ 110.433492099999981, -7.7826321 ], [ 110.433490500000033, -7.782640099999962 ], [ 110.4334998, -7.782641899999931 ] ] ], [ [ [ 110.433694400000036, -7.7826287 ], [ 110.43368609999996, -7.782670599999965 ], [ 110.433657600000046, -7.78266509999998 ], [ 110.433651400000031, -7.782696299999959 ], [ 110.433612099999962, -7.7826887 ], [ 110.433626700000019, -7.782614900000017 ], [ 110.433666, -7.782622500000011 ], [ 110.433665799999957, -7.7826232 ], [ 110.433694400000036, -7.7826287 ] ] ], [ [ [ 110.4326637, -7.782639899999954 ], [ 110.432659500000028, -7.782667699999929 ], [ 110.432649800000064, -7.782666199999984 ], [ 110.432649299999966, -7.782669399999989 ], [ 110.432607299999972, -7.782663199999972 ], [ 110.432615199999987, -7.782610399999983 ], [ 110.4326572, -7.782616499999945 ], [ 110.4326539, -7.7826384 ], [ 110.4326637, -7.782639899999954 ] ] ], [ [ [ 110.432354600000011, -7.782614099999934 ], [ 110.4323342, -7.782777899999988 ], [ 110.432246, -7.7827672 ], [ 110.4322663, -7.782603299999936 ], [ 110.432354600000011, -7.782614099999934 ] ] ], [ [ [ 110.433052700000133, -7.782636299999969 ], [ 110.4330403, -7.782689199999938 ], [ 110.432898600000016, -7.782656700000014 ], [ 110.432911, -7.782603799999937 ], [ 110.433052700000133, -7.782636299999969 ] ] ], [ [ [ 110.440461193950696, -7.782628705856649 ], [ 110.440461193950696, -7.782628936693927 ], [ 110.440461430977635, -7.78262893159658 ], [ 110.440476705663329, -7.782643478918527 ], [ 110.440485196595461, -7.782650582553771 ], [ 110.440494531572071, -7.782656540372113 ], [ 110.440504556135295, -7.782661253794393 ], [ 110.44051015175765, -7.782663458131111 ], [ 110.440510400000207, -7.78267519999993 ], [ 110.440507596245524, -7.78267526029614 ], [ 110.440508529057695, -7.782721434514825 ], [ 110.440435329058801, -7.782722834514402 ], [ 110.440434306879027, -7.782676836415996 ], [ 110.440380199999979, -7.782678 ], [ 110.440379536152236, -7.782646599999705 ], [ 110.440375793946743, -7.782646599999338 ], [ 110.440375793947112, -7.782610199999357 ], [ 110.440441762804213, -7.782610200000057 ], [ 110.440461193950696, -7.782628705856649 ] ] ], [ [ [ 110.431630699999971, -7.782610199999964 ], [ 110.431613699999986, -7.782705799999976 ], [ 110.43153690000004, -7.782692399999931 ], [ 110.431553900000011, -7.782596799999934 ], [ 110.431630699999971, -7.782610199999964 ] ] ], [ [ [ 110.431526799999986, -7.7826096 ], [ 110.431513600000017, -7.782684 ], [ 110.431433500000011, -7.78267 ], [ 110.431446700000038, -7.7825956 ], [ 110.431526799999986, -7.7826096 ] ] ], [ [ [ 110.431382200000016, -7.782603599999953 ], [ 110.431375299999985, -7.782659599999984 ], [ 110.431306700000093, -7.782651199999989 ], [ 110.431313700000061, -7.782595299999978 ], [ 110.431382200000016, -7.782603599999953 ] ] ], [ [ [ 110.4322309, -7.782618899999989 ], [ 110.4322243, -7.782712 ], [ 110.432187200000129, -7.782709400000014 ], [ 110.432186, -7.7827265 ], [ 110.432128500000047, -7.782722599999944 ], [ 110.432137399999974, -7.782596199999972 ], [ 110.432194800000104, -7.782600199999931 ], [ 110.432193700000028, -7.782616299999946 ], [ 110.4322309, -7.782618899999989 ] ] ], [ [ [ 110.431012, -7.782605 ], [ 110.43100640000003, -7.782672900000019 ], [ 110.430871499999938, -7.782662 ], [ 110.430877099999975, -7.782594099999976 ], [ 110.431012, -7.782605 ] ] ], [ [ [ 110.43200309999996, -7.7825966 ], [ 110.431999600000026, -7.782681599999941 ], [ 110.431927900000048, -7.782678699999966 ], [ 110.431931299999974, -7.782593799999949 ], [ 110.43200309999996, -7.7825966 ] ] ], [ [ [ 110.433621400000021, -7.782608799999911 ], [ 110.433605, -7.782692 ], [ 110.4335096, -7.782673499999957 ], [ 110.433526, -7.782590399999936 ], [ 110.433621400000021, -7.782608799999911 ] ] ], [ [ [ 110.432127200000025, -7.782594500000013 ], [ 110.432114799999965, -7.782771199999971 ], [ 110.432017200000061, -7.782764399999929 ], [ 110.432017700000017, -7.782757299999973 ], [ 110.431961299999969, -7.7827534 ], [ 110.431964300000047, -7.782710799999923 ], [ 110.4320207, -7.7827147 ], [ 110.432029600000021, -7.782587699999954 ], [ 110.432127200000025, -7.782594500000013 ] ] ], [ [ [ 110.440199300000174, -7.782684299999987 ], [ 110.440144400000079, -7.782684299999975 ], [ 110.440144400000108, -7.782594699999941 ], [ 110.44019930000016, -7.78259469999993 ], [ 110.440199300000174, -7.782684299999987 ] ] ], [ [ [ 110.441811700000088, -7.782689499999955 ], [ 110.441691300000073, -7.78269 ], [ 110.441691000000148, -7.782596699999987 ], [ 110.441811300000126, -7.782596199999978 ], [ 110.441811700000088, -7.782689499999955 ] ] ], [ [ [ 110.433346100000065, -7.782645299999938 ], [ 110.433317700000018, -7.782734599999966 ], [ 110.433123, -7.78267369999998 ], [ 110.433151400000085, -7.782584499999953 ], [ 110.433346100000065, -7.782645299999938 ] ] ], [ [ [ 110.442044300000049, -7.7825977 ], [ 110.442043500000082, -7.782646399999951 ], [ 110.44194250000001, -7.78264459999995 ], [ 110.441943399999985, -7.782595899999955 ], [ 110.442044300000049, -7.7825977 ] ] ], [ [ [ 110.433509800000024, -7.782589 ], [ 110.4335074, -7.782601299999923 ], [ 110.4335094, -7.782601599999972 ], [ 110.433504100000107, -7.7826286 ], [ 110.433445400000082, -7.782617299999937 ], [ 110.433450800000031, -7.7825903 ], [ 110.433482199999958, -7.78259639999997 ], [ 110.433484599999971, -7.782584199999958 ], [ 110.433509800000024, -7.782589 ] ] ], [ [ [ 110.431294300000033, -7.782586 ], [ 110.43128750000001, -7.782642900000019 ], [ 110.4312186, -7.782634799999928 ], [ 110.431225500000039, -7.782577899999954 ], [ 110.431294300000033, -7.782586 ] ] ], [ [ [ 110.43192369999997, -7.782579199999963 ], [ 110.431919499999978, -7.782684399999975 ], [ 110.431837300000026, -7.782681099999957 ], [ 110.431841600000013, -7.782575899999971 ], [ 110.43192369999997, -7.782579199999963 ] ] ], [ [ [ 110.442213899999985, -7.7825923 ], [ 110.442206600000191, -7.7826759 ], [ 110.442159, -7.782671800000019 ], [ 110.442166300000054, -7.782588199999923 ], [ 110.442213899999985, -7.7825923 ] ] ], [ [ [ 110.440902300000104, -7.7825868 ], [ 110.440895900000086, -7.782633 ], [ 110.440813500000019, -7.782621699999946 ], [ 110.440819899999923, -7.782575499999938 ], [ 110.440902300000104, -7.7825868 ] ] ], [ [ [ 110.440351440029531, -7.782612410367858 ], [ 110.440350135207538, -7.782640072590243 ], [ 110.440351071671856, -7.782640082517414 ], [ 110.440350371671897, -7.782699682517467 ], [ 110.44026557167355, -7.782698782517289 ], [ 110.440266171673528, -7.782639182517328 ], [ 110.440271090650683, -7.782639234662476 ], [ 110.440270400000117, -7.782610399999909 ], [ 110.440282622125636, -7.782610096345092 ], [ 110.440282859989694, -7.78257076936548 ], [ 110.440340159992118, -7.782571069364265 ], [ 110.44033991315456, -7.782611879990344 ], [ 110.440351440029531, -7.782612410367858 ] ] ], [ [ [ 110.441208800000055, -7.782579600000027 ], [ 110.441201100000029, -7.782696799999932 ], [ 110.441094400000111, -7.7826899 ], [ 110.441097, -7.782649899999974 ], [ 110.441058900000073, -7.78264749999995 ], [ 110.441063900000032, -7.782570299999866 ], [ 110.441208800000055, -7.782579600000027 ] ] ], [ [ [ 110.4318295, -7.78255449999997 ], [ 110.4318253, -7.782659699999985 ], [ 110.431716, -7.782655399999948 ], [ 110.431720300000023, -7.78255009999998 ], [ 110.4318295, -7.78255449999997 ] ] ], [ [ [ 110.430681162418708, -7.782561499596982 ], [ 110.430753092164323, -7.782567293709534 ], [ 110.430753109472434, -7.782567082093033 ], [ 110.430838609470896, -7.782573982097403 ], [ 110.430827909464384, -7.782703582096337 ], [ 110.430751164426624, -7.782697381381716 ], [ 110.430751105685786, -7.782698095603391 ], [ 110.430669286195311, -7.782691504849028 ], [ 110.430668006296543, -7.782706233233613 ], [ 110.430557106297684, -7.782696733233707 ], [ 110.430563906297621, -7.78261963323372 ], [ 110.430564919935918, -7.782619720143219 ], [ 110.430570900000049, -7.7825472 ], [ 110.430681599999971, -7.78255619999994 ], [ 110.430681162418708, -7.782561499596982 ] ] ], [ [ [ 110.431202399999975, -7.782560599999957 ], [ 110.431195899999963, -7.78262619999994 ], [ 110.431037700000047, -7.782610700000015 ], [ 110.431038199999975, -7.782605799999931 ], [ 110.431029399999957, -7.782605 ], [ 110.431035400000013, -7.782544299999939 ], [ 110.431202399999975, -7.782560599999957 ] ] ], [ [ [ 110.433931800000067, -7.782615699999978 ], [ 110.43392080000001, -7.782662499999944 ], [ 110.433901600000013, -7.782658099999935 ], [ 110.433895599999971, -7.782683699999986 ], [ 110.4338283, -7.782668099999967 ], [ 110.433857, -7.782545699999972 ], [ 110.433924399999952, -7.7825612 ], [ 110.4339126, -7.782611299999973 ], [ 110.433931800000067, -7.782615699999978 ] ] ], [ [ [ 110.432788699999946, -7.7825621 ], [ 110.43276390000004, -7.78266829999997 ], [ 110.432669599999954, -7.782646699999967 ], [ 110.432694499999982, -7.78254049999998 ], [ 110.432788699999946, -7.7825621 ] ] ], [ [ [ 110.441907799999882, -7.782544399999937 ], [ 110.44190360000016, -7.782682199999941 ], [ 110.441838800000113, -7.782680299999982 ], [ 110.441843000000119, -7.782542399999968 ], [ 110.441907799999882, -7.782544399999937 ] ] ], [ [ [ 110.4338487, -7.782545299999932 ], [ 110.433822100000029, -7.782658599999964 ], [ 110.433739, -7.782639399999976 ], [ 110.433765600000044, -7.782526099999938 ], [ 110.4338487, -7.782545299999932 ] ] ], [ [ [ 110.442342499999953, -7.782533899999929 ], [ 110.442334600000123, -7.782623399999983 ], [ 110.442271200000192, -7.782618 ], [ 110.44227909999988, -7.782528399999927 ], [ 110.442342499999953, -7.782533899999929 ] ] ], [ [ [ 110.442452300000014, -7.782599499999963 ], [ 110.442351200000061, -7.782599499999966 ], [ 110.442351200000061, -7.782526699999987 ], [ 110.4424523, -7.7825267 ], [ 110.442452300000014, -7.782599499999963 ] ] ], [ [ [ 110.433742571300471, -7.782520800758192 ], [ 110.433738371300237, -7.78253860075822 ], [ 110.433747671300537, -7.782540700758226 ], [ 110.433729971299627, -7.782616200758008 ], [ 110.433720571299347, -7.782614000758076 ], [ 110.433716471299192, -7.782631800757929 ], [ 110.433671671298072, -7.782621500757792 ], [ 110.433675871298249, -7.782603700757758 ], [ 110.433630371297241, -7.782593200757516 ], [ 110.433648171298103, -7.78251780075768 ], [ 110.433693671299181, -7.782528300757916 ], [ 110.43369777129945, -7.782510500757941 ], [ 110.433742571300471, -7.782520800758192 ] ] ], [ [ [ 110.442277202856445, -7.782519872211759 ], [ 110.442263702856479, -7.782622172211804 ], [ 110.442225302857338, -7.782618872211619 ], [ 110.44223420285752, -7.782518572211663 ], [ 110.442277202856445, -7.782519872211759 ] ] ], [ [ [ 110.433101299999976, -7.782520500000015 ], [ 110.433085, -7.782584900000016 ], [ 110.433009700000042, -7.782566199999944 ], [ 110.433025900000032, -7.78250179999998 ], [ 110.433101299999976, -7.782520500000015 ] ] ], [ [ [ 110.441422763987276, -7.782523347955815 ], [ 110.441410963984296, -7.782632547955381 ], [ 110.441368535275799, -7.782628120610727 ], [ 110.44136560000004, -7.782646399999938 ], [ 110.441306700000069, -7.782637099999973 ], [ 110.441327800000167, -7.782505699999932 ], [ 110.441386700000024, -7.782515 ], [ 110.441385975920099, -7.782519509200378 ], [ 110.441422763987276, -7.782523347955815 ] ] ], [ [ [ 110.440104358933809, -7.782562703172852 ], [ 110.440103858933128, -7.782591003172905 ], [ 110.440039012559168, -7.782589952641423 ], [ 110.440039000325214, -7.78259050457936 ], [ 110.44010106696328, -7.782591056283939 ], [ 110.440100766962445, -7.782620556283975 ], [ 110.440038346515706, -7.782620001434307 ], [ 110.440038300000253, -7.782622099999971 ], [ 110.439899400000073, -7.782619199999968 ], [ 110.439901900000081, -7.782501899999891 ], [ 110.440040899999943, -7.782504799999939 ], [ 110.440039639759874, -7.782561656244019 ], [ 110.440104358933809, -7.782562703172852 ] ] ], [ [ [ 110.442118299999962, -7.78250359999994 ], [ 110.442113334547415, -7.782559816018858 ], [ 110.442136442821621, -7.782559816018248 ], [ 110.44213644282064, -7.782626916018225 ], [ 110.442076742823119, -7.782626916017233 ], [ 110.442076742824042, -7.782559816017395 ], [ 110.442077960730543, -7.782559816017458 ], [ 110.442083200000084, -7.782500499999952 ], [ 110.442118299999962, -7.78250359999994 ] ] ], [ [ [ 110.432617399999984, -7.7825043 ], [ 110.432597, -7.782585099999904 ], [ 110.4325304, -7.7825686 ], [ 110.43255070000005, -7.782487799999977 ], [ 110.432617399999984, -7.7825043 ] ] ], [ [ [ 110.431403, -7.782492799999942 ], [ 110.4313895, -7.782602399999939 ], [ 110.431309100000121, -7.782592699999943 ], [ 110.431322599999987, -7.782483099999903 ], [ 110.431403, -7.782492799999942 ] ] ], [ [ [ 110.441318900000084, -7.782503499999935 ], [ 110.44130410000011, -7.782631499999878 ], [ 110.441231499999958, -7.782623299999891 ], [ 110.441238367577768, -7.78256390474621 ], [ 110.441203294970023, -7.782559681343763 ], [ 110.441211694968928, -7.782490581343477 ], [ 110.44124989496926, -7.782495181342983 ], [ 110.44124983204901, -7.782495698936858 ], [ 110.441318900000084, -7.782503499999935 ] ] ], [ [ [ 110.4313058, -7.782490899999943 ], [ 110.431294, -7.782567499999977 ], [ 110.431200900000036, -7.7825535 ], [ 110.431212600000038, -7.78247689999995 ], [ 110.4313058, -7.782490899999943 ] ] ], [ [ [ 110.442206500000097, -7.782491199999987 ], [ 110.442201200000085, -7.782551 ], [ 110.442155700000043, -7.7825471 ], [ 110.442161, -7.782487200000015 ], [ 110.442206500000097, -7.782491199999987 ] ] ], [ [ [ 110.441925200000156, -7.7824862 ], [ 110.441924899999961, -7.7825341 ], [ 110.441840100000036, -7.782533499999937 ], [ 110.441840400000103, -7.782485599999927 ], [ 110.441925200000156, -7.7824862 ] ] ], [ [ [ 110.432533900000024, -7.782474 ], [ 110.432516900000024, -7.78257059999998 ], [ 110.432473900000033, -7.782563099999942 ], [ 110.432490900000118, -7.782466599999984 ], [ 110.432533900000024, -7.782474 ] ] ], [ [ [ 110.44010419999988, -7.782473399999909 ], [ 110.440101600000091, -7.782542199999932 ], [ 110.440056400000103, -7.782540499999962 ], [ 110.440059000000119, -7.782471599999972 ], [ 110.44010419999988, -7.782473399999909 ] ] ], [ [ [ 110.439770142493913, -7.78247035233513 ], [ 110.439770142494282, -7.782507552335124 ], [ 110.439747173681042, -7.78250755233681 ], [ 110.439745800000154, -7.782541599999885 ], [ 110.439707170967893, -7.782540051890522 ], [ 110.439707178117786, -7.782540408889387 ], [ 110.439754127961123, -7.782542039687742 ], [ 110.439751227961551, -7.782626939687926 ], [ 110.439708883271891, -7.782625548804607 ], [ 110.439709317881039, -7.782647249242761 ], [ 110.439670817881037, -7.782647949244566 ], [ 110.439668149549462, -7.782514809002103 ], [ 110.439653170625391, -7.782514945484227 ], [ 110.439652770624548, -7.782474245484337 ], [ 110.439696670626674, -7.782473845483231 ], [ 110.439696953678265, -7.782502645901772 ], [ 110.439697042492057, -7.782502644056343 ], [ 110.439697042491701, -7.782470352336027 ], [ 110.439770142493913, -7.78247035233513 ] ] ], [ [ [ 110.430998900000034, -7.782459 ], [ 110.430997800000014, -7.78247259999996 ], [ 110.431022100000078, -7.782474499999932 ], [ 110.431017599999976, -7.782529899999961 ], [ 110.431012100000046, -7.782529399999953 ], [ 110.431010099999966, -7.7825536 ], [ 110.4309536, -7.782549099999963 ], [ 110.430955599999976, -7.782524899999938 ], [ 110.430935199999979, -7.782523199999962 ], [ 110.430939700000039, -7.782467799999969 ], [ 110.430962, -7.782469599999983 ], [ 110.430962500000021, -7.782463799999943 ], [ 110.4309631, -7.7824561 ], [ 110.430998900000034, -7.782459 ] ] ], [ [ [ 110.4320862, -7.7824678 ], [ 110.432080300000081, -7.782521399999964 ], [ 110.431951599999977, -7.7825074 ], [ 110.43195750000001, -7.7824538 ], [ 110.4320862, -7.7824678 ] ] ], [ [ [ 110.431188399999982, -7.782468799999978 ], [ 110.431177000000105, -7.78254159999998 ], [ 110.431064100000071, -7.782524299999932 ], [ 110.431075499999963, -7.782451399999978 ], [ 110.431188399999982, -7.782468799999978 ] ] ], [ [ [ 110.44205149461817, -7.782580611978614 ], [ 110.441954894620523, -7.78258061197613 ], [ 110.441954894621503, -7.782541411976081 ], [ 110.441969900000146, -7.78254141197791 ], [ 110.441969900000146, -7.78246580000002 ], [ 110.442055, -7.7824658 ], [ 110.44205500000011, -7.782543899999974 ], [ 110.442051494619093, -7.782543900000318 ], [ 110.44205149461817, -7.782580611978614 ] ] ], [ [ [ 110.433527499999968, -7.7824614 ], [ 110.433521099999979, -7.782488399999894 ], [ 110.433531800000111, -7.782490899999967 ], [ 110.4335105, -7.7825817 ], [ 110.4334578, -7.782569599999947 ], [ 110.433454600000033, -7.782583299999968 ], [ 110.433395900000079, -7.7825697 ], [ 110.433399100000017, -7.782556 ], [ 110.433390099999968, -7.782553899999915 ], [ 110.433411499999963, -7.782463099999974 ], [ 110.433463400000051, -7.782475099999989 ], [ 110.4334697, -7.78244809999997 ], [ 110.433527499999968, -7.7824614 ] ] ], [ [ [ 110.442328799999885, -7.782514899999975 ], [ 110.442259400000111, -7.782514899999978 ], [ 110.442259400000111, -7.782459699999941 ], [ 110.442328799999885, -7.782459699999949 ], [ 110.442328799999885, -7.782514899999975 ] ] ], [ [ [ 110.440763100000112, -7.7824624 ], [ 110.440757200000149, -7.782521799999907 ], [ 110.440702299999955, -7.78251649999994 ], [ 110.440708200000103, -7.782457 ], [ 110.440763100000112, -7.7824624 ] ] ], [ [ [ 110.44040012701592, -7.782530935189433 ], [ 110.440400578678179, -7.782539686908248 ], [ 110.440374100000057, -7.7825395 ], [ 110.440374700000064, -7.782452299999968 ], [ 110.440402699834664, -7.782452464704886 ], [ 110.44040012701592, -7.782530935189433 ] ] ], [ [ [ 110.440254998260471, -7.782457882136239 ], [ 110.44025289825943, -7.782500682136129 ], [ 110.44025152958946, -7.782500615910173 ], [ 110.440248707782217, -7.782551502483509 ], [ 110.440248007781889, -7.782563702483474 ], [ 110.440205119156971, -7.78256131978153 ], [ 110.440205000000134, -7.782565399999971 ], [ 110.440135, -7.782563399999988 ], [ 110.440138300000115, -7.782450399999952 ], [ 110.440208300000052, -7.782452399999947 ], [ 110.440208203271894, -7.782455712206567 ], [ 110.440254998260471, -7.782457882136239 ] ] ], [ [ [ 110.440369900000093, -7.782452 ], [ 110.440368399999869, -7.782541199999825 ], [ 110.440278499999891, -7.7825397 ], [ 110.440280000000101, -7.78245049999996 ], [ 110.440369900000093, -7.782452 ] ] ], [ [ [ 110.442432700000055, -7.782516499999952 ], [ 110.442344500000132, -7.782516499999944 ], [ 110.442344500000118, -7.7824495 ], [ 110.442432700000111, -7.7824495 ], [ 110.442432700000055, -7.782516499999952 ] ] ], [ [ [ 110.432480400000017, -7.782449099999971 ], [ 110.4324746, -7.782482299999962 ], [ 110.43248250000002, -7.782483699999982 ], [ 110.432468899999961, -7.782560499999931 ], [ 110.43235380000003, -7.782540599999956 ], [ 110.4323673, -7.782463799999945 ], [ 110.4323946, -7.782468499999982 ], [ 110.432400500000043, -7.782435199999962 ], [ 110.432480400000017, -7.782449099999971 ] ] ], [ [ [ 110.432188200000013, -7.782438599999979 ], [ 110.432170100000036, -7.782529199999935 ], [ 110.432101400000022, -7.782515799999951 ], [ 110.432119500000013, -7.78242519999995 ], [ 110.432188200000013, -7.782438599999979 ] ] ], [ [ [ 110.430922099999961, -7.782434500000012 ], [ 110.430913200000035, -7.7825418 ], [ 110.43088750000004, -7.782539699999988 ], [ 110.4308847, -7.782573899999986 ], [ 110.43081330000004, -7.782568099999926 ], [ 110.430825699999986, -7.782416599999904 ], [ 110.430897100000024, -7.782422399999971 ], [ 110.430896299999958, -7.7824324 ], [ 110.430922099999961, -7.782434500000012 ] ] ], [ [ [ 110.441766600000079, -7.782437099999955 ], [ 110.441758899999982, -7.782536799999943 ], [ 110.441631189928586, -7.782526982831261 ], [ 110.441638437489459, -7.782427328589926 ], [ 110.441766600000079, -7.782437099999955 ] ] ], [ [ [ 110.4319049, -7.782427499999956 ], [ 110.431896600000044, -7.782508399999987 ], [ 110.4317466, -7.782493299999989 ], [ 110.4317548, -7.782412499999955 ], [ 110.4319049, -7.782427499999956 ] ] ], [ [ [ 110.430811699999978, -7.78241420000001 ], [ 110.430799300000032, -7.7825642 ], [ 110.430732199999952, -7.782558799999989 ], [ 110.430744600000025, -7.78240869999998 ], [ 110.430811699999978, -7.78241420000001 ] ] ], [ [ [ 110.433207300000049, -7.782407299999943 ], [ 110.433280300000135, -7.7824314 ], [ 110.433275, -7.78244709999998 ], [ 110.433283899999978, -7.78245 ], [ 110.433263900000014, -7.782509599999976 ], [ 110.433291199999971, -7.782518599999927 ], [ 110.4332711, -7.782578099999967 ], [ 110.4332024, -7.782555399999974 ], [ 110.433215099999956, -7.782517699999934 ], [ 110.433158300000073, -7.782499 ], [ 110.433185700000081, -7.782417599999924 ], [ 110.433202, -7.782423 ], [ 110.433207300000049, -7.782407299999943 ] ] ], [ [ [ 110.441064400000201, -7.782405599999896 ], [ 110.441152326351187, -7.782420862325451 ], [ 110.441153204696647, -7.782415931879627 ], [ 110.441198804696256, -7.782423831880728 ], [ 110.441191304695295, -7.782465931880306 ], [ 110.441149432335834, -7.782458677676922 ], [ 110.441148207623087, -7.782465610426417 ], [ 110.441197423007296, -7.782473255535226 ], [ 110.441191823006633, -7.78250855553501 ], [ 110.44114198864618, -7.78250081427452 ], [ 110.441139199999967, -7.782516599999959 ], [ 110.44112709046226, -7.782514498018084 ], [ 110.441124136011766, -7.782531793865055 ], [ 110.441060300973177, -7.782520955829674 ], [ 110.441058714386571, -7.782530287113063 ], [ 110.441036614386945, -7.782526587114016 ], [ 110.441042514385074, -7.782491887113822 ], [ 110.441048966037613, -7.782492967254512 ], [ 110.441064400000201, -7.782405599999896 ] ] ], [ [ [ 110.441318785016335, -7.78242153980709 ], [ 110.441362961469849, -7.782428714450634 ], [ 110.44136404251978, -7.782423124284422 ], [ 110.441422442518828, -7.782434124286576 ], [ 110.441407242515979, -7.782512824285782 ], [ 110.441348842516902, -7.78250172428356 ], [ 110.441349177468624, -7.782499992231472 ], [ 110.441305357136898, -7.782492875425114 ], [ 110.441304537576059, -7.782497229341998 ], [ 110.441218337575407, -7.782481429343759 ], [ 110.441232737573827, -7.782404829343314 ], [ 110.441318937574479, -7.782420729341589 ], [ 110.441318785016335, -7.78242153980709 ] ] ], [ [ [ 110.44023156170141, -7.782418413124354 ], [ 110.440230561701057, -7.782446913124303 ], [ 110.440189908786778, -7.782445514514447 ], [ 110.440189899589953, -7.782446503166368 ], [ 110.440120699589926, -7.782445903166776 ], [ 110.440120726803698, -7.782442002527143 ], [ 110.440082460325797, -7.78244200252829 ], [ 110.440082460324547, -7.782402002528184 ], [ 110.440122460324574, -7.782402002526904 ], [ 110.440122460324687, -7.782402915813965 ], [ 110.440190299589858, -7.782403503166378 ], [ 110.440190174138067, -7.782416989239872 ], [ 110.44023156170141, -7.782418413124354 ] ] ], [ [ [ 110.430708100000018, -7.782400499999943 ], [ 110.430691299999978, -7.782553199999946 ], [ 110.430558900000108, -7.782538899999927 ], [ 110.4305757, -7.782386199999983 ], [ 110.430708100000018, -7.782400499999943 ] ] ], [ [ [ 110.433146800000017, -7.782408699999972 ], [ 110.433119299999944, -7.782517499999944 ], [ 110.4330393, -7.782497699999976 ], [ 110.433066799999978, -7.782388899999952 ], [ 110.433146800000017, -7.782408699999972 ] ] ], [ [ [ 110.440056580328374, -7.782393997466148 ], [ 110.44005278032796, -7.782495297466184 ], [ 110.44001163392322, -7.782493699547298 ], [ 110.440011599180337, -7.782494606334984 ], [ 110.439922499180042, -7.782491206335868 ], [ 110.439926499179052, -7.782386806335696 ], [ 110.440015599179148, -7.782390206334808 ], [ 110.440015511213772, -7.782392502231247 ], [ 110.440056580328374, -7.782393997466148 ] ] ], [ [ [ 110.433039899999955, -7.7823896 ], [ 110.433012199999979, -7.782499299999947 ], [ 110.432931799999963, -7.7824794 ], [ 110.432959499999981, -7.782369599999939 ], [ 110.433039899999955, -7.7823896 ] ] ], [ [ [ 110.432832200000092, -7.78239129999998 ], [ 110.432812499999983, -7.782469499999957 ], [ 110.432719899999938, -7.782446599999919 ], [ 110.432739599999977, -7.782368299999948 ], [ 110.432832200000092, -7.78239129999998 ] ] ], [ [ [ 110.440676400000086, -7.782396599999981 ], [ 110.440670900000114, -7.78244589999996 ], [ 110.440618558678679, -7.782440268339414 ], [ 110.440618376215767, -7.782441921563014 ], [ 110.44058757621535, -7.782438521564202 ], [ 110.440594176213338, -7.782378721563733 ], [ 110.440624976213741, -7.782382121562686 ], [ 110.440624009546639, -7.78239088015671 ], [ 110.440676400000086, -7.782396599999981 ] ] ], [ [ [ 110.431660400000027, -7.782389199999988 ], [ 110.431643, -7.782498 ], [ 110.431555599999982, -7.782484199999907 ], [ 110.431564, -7.78243140000002 ], [ 110.431527799999984, -7.782425699999987 ], [ 110.431537399999982, -7.782365399999966 ], [ 110.431605799999971, -7.782376199999983 ], [ 110.431605099999985, -7.782380499999968 ], [ 110.431660400000027, -7.782389199999988 ] ] ], [ [ [ 110.432349200000061, -7.782373 ], [ 110.432340800000034, -7.782420299999987 ], [ 110.43228940000003, -7.78241139999996 ], [ 110.432297700000078, -7.782364199999963 ], [ 110.432349200000061, -7.782373 ] ] ], [ [ [ 110.432730099999986, -7.782372799999957 ], [ 110.432693499999985, -7.782517799999966 ], [ 110.432620600000021, -7.782499699999984 ], [ 110.4326571, -7.782354699999954 ], [ 110.432730099999986, -7.782372799999957 ] ] ], [ [ [ 110.4329363, -7.78241469999996 ], [ 110.432891899999973, -7.78259079999996 ], [ 110.43288889999998, -7.78259 ], [ 110.432877099999985, -7.782636599999915 ], [ 110.432821600000025, -7.782622799999955 ], [ 110.4328334, -7.7825762 ], [ 110.432800599999979, -7.782568099999946 ], [ 110.4328549, -7.782353 ], [ 110.43292270000002, -7.782369799999973 ], [ 110.432912800000025, -7.78240890000002 ], [ 110.4329363, -7.78241469999996 ] ] ], [ [ [ 110.4323664, -7.782441399999953 ], [ 110.432350699999944, -7.782530299999936 ], [ 110.432267299999978, -7.782515899999947 ], [ 110.432265800000025, -7.782524499999979 ], [ 110.432181800000023, -7.782509899999942 ], [ 110.4322116, -7.782341 ], [ 110.432295599999989, -7.782355499999944 ], [ 110.432283, -7.782427 ], [ 110.4323664, -7.782441399999953 ] ] ], [ [ [ 110.441119200000088, -7.7823582 ], [ 110.441113000000101, -7.782394099999957 ], [ 110.441074799999868, -7.782387599999929 ], [ 110.441081000000139, -7.7823516 ], [ 110.441119200000088, -7.7823582 ] ] ], [ [ [ 110.431921399999965, -7.782344799999931 ], [ 110.431914899999981, -7.782387899999943 ], [ 110.4318734, -7.782381699999988 ], [ 110.4318799, -7.782338699999978 ], [ 110.431921399999965, -7.782344799999931 ] ] ], [ [ [ 110.442308300000079, -7.7823474 ], [ 110.442300400000121, -7.782436800000017 ], [ 110.442257700000056, -7.782433099999885 ], [ 110.442265600000098, -7.782343699999958 ], [ 110.442308300000079, -7.7823474 ] ] ], [ [ [ 110.4321213, -7.782338299999926 ], [ 110.432100500000033, -7.782448899999926 ], [ 110.432006300000012, -7.78243149999994 ], [ 110.4320271, -7.7823209 ], [ 110.4321213, -7.782338299999926 ] ] ], [ [ [ 110.44039750000006, -7.7823218 ], [ 110.440394500000224, -7.782429399999848 ], [ 110.440302900000063, -7.782426899999989 ], [ 110.440305900000027, -7.782319299999969 ], [ 110.44039750000006, -7.7823218 ] ] ], [ [ [ 110.442184600000047, -7.782325699999951 ], [ 110.442175, -7.782434699999923 ], [ 110.442114400000193, -7.782429499999943 ], [ 110.442124, -7.782320499999984 ], [ 110.442184600000047, -7.782325699999951 ] ] ], [ [ [ 110.4420894000001, -7.782316999999876 ], [ 110.442089400000114, -7.782423 ], [ 110.441975300000053, -7.782423 ], [ 110.441975300000053, -7.78231699999986 ], [ 110.4420894000001, -7.782316999999876 ] ] ], [ [ [ 110.430739700000061, -7.782299099999952 ], [ 110.430736100000047, -7.7823488 ], [ 110.430703399999985, -7.7823465 ], [ 110.430707100000021, -7.782296799999967 ], [ 110.430739700000061, -7.782299099999952 ] ] ], [ [ [ 110.431290100000055, -7.782299699999935 ], [ 110.431284500000018, -7.782398499999954 ], [ 110.431212300000013, -7.782394499999957 ], [ 110.4312179, -7.782295699999981 ], [ 110.431290100000055, -7.782299699999935 ] ] ], [ [ [ 110.441234400000198, -7.78231619999998 ], [ 110.441215200000116, -7.7824121 ], [ 110.441159599999963, -7.7824012 ], [ 110.441178700000066, -7.782305299999971 ], [ 110.441234400000198, -7.78231619999998 ] ] ], [ [ [ 110.440936900000139, -7.782394399999847 ], [ 110.440920399999982, -7.782458899999897 ], [ 110.440862400000157, -7.782444299999979 ], [ 110.440855100000093, -7.782472599999949 ], [ 110.440831686451986, -7.782466739536796 ], [ 110.440824707033087, -7.782508616050801 ], [ 110.440778507033713, -7.782501016050876 ], [ 110.440786107033375, -7.782455416050821 ], [ 110.44078709943021, -7.782455579302312 ], [ 110.440772400000171, -7.782451899999853 ], [ 110.440784, -7.782406399999975 ], [ 110.440809399999949, -7.7824128 ], [ 110.440814800000155, -7.7823917 ], [ 110.440776600000177, -7.782382099999849 ], [ 110.440797700000033, -7.7822994 ], [ 110.440920700000021, -7.78233029999988 ], [ 110.440906300000066, -7.782386699999942 ], [ 110.440936900000139, -7.782394399999847 ] ] ], [ [ [ 110.439744655144281, -7.78240106868735 ], [ 110.439654755146719, -7.782403968687135 ], [ 110.439653555146904, -7.782369468687125 ], [ 110.439690979634022, -7.78236822120658 ], [ 110.439686500000207, -7.782301400000013 ], [ 110.439743500000148, -7.78229759999994 ], [ 110.439748300000161, -7.782369200000021 ], [ 110.439743651829787, -7.78236950987827 ], [ 110.439744655144281, -7.78240106868735 ] ] ], [ [ [ 110.432650299999963, -7.782305 ], [ 110.432605199999955, -7.7824837 ], [ 110.432536400000032, -7.7824667 ], [ 110.432581499999984, -7.782288 ], [ 110.432650299999963, -7.782305 ] ] ], [ [ [ 110.431468200000026, -7.782297299999891 ], [ 110.431452399999969, -7.782402300000013 ], [ 110.431368300000031, -7.782389899999943 ], [ 110.431384200000011, -7.782284899999951 ], [ 110.431468200000026, -7.782297299999891 ] ] ], [ [ [ 110.431828, -7.782292299999957 ], [ 110.431810500000012, -7.7823849 ], [ 110.431800900000042, -7.782383100000018 ], [ 110.431797299999985, -7.782402299999969 ], [ 110.431758399999978, -7.782395099999902 ], [ 110.431762, -7.78237589999996 ], [ 110.431746799999985, -7.78237309999998 ], [ 110.431764200000018, -7.782280499999957 ], [ 110.431828, -7.782292299999957 ] ] ], [ [ [ 110.431661, -7.782287899999957 ], [ 110.431646799999967, -7.782376699999987 ], [ 110.4315891, -7.782367699999988 ], [ 110.431590300000025, -7.7823604 ], [ 110.431529300000022, -7.78235080000001 ], [ 110.431534500000055, -7.782318099999925 ], [ 110.4315955, -7.782327699999947 ], [ 110.4316033, -7.782278900000012 ], [ 110.431661, -7.782287899999957 ] ] ], [ [ [ 110.431195599999938, -7.782300799999961 ], [ 110.431184, -7.78239179999993 ], [ 110.4311209, -7.782383899999988 ], [ 110.4311253, -7.782349599999963 ], [ 110.431102200000026, -7.782346699999938 ], [ 110.431111800000039, -7.782271899999967 ], [ 110.431162, -7.782278199999947 ], [ 110.431159699999981, -7.782296299999932 ], [ 110.431195599999938, -7.782300799999961 ] ] ], [ [ [ 110.439807099999967, -7.7823871 ], [ 110.439758900000157, -7.782390499999893 ], [ 110.43975130000004, -7.782284199999967 ], [ 110.439799499999964, -7.78228089999998 ], [ 110.439807099999967, -7.7823871 ] ] ], [ [ [ 110.441967400000095, -7.782288499999985 ], [ 110.441956400000095, -7.782413499999956 ], [ 110.441865000000163, -7.782405599999975 ], [ 110.441876, -7.782280599999969 ], [ 110.441967400000095, -7.782288499999985 ] ] ], [ [ [ 110.442620399999868, -7.782478099999969 ], [ 110.442583100000064, -7.7824914 ], [ 110.442511400000072, -7.782293199999947 ], [ 110.442548700000103, -7.78228 ], [ 110.442620399999868, -7.782478099999969 ] ] ], [ [ [ 110.43986036817374, -7.782363781337881 ], [ 110.439863108147179, -7.782389615372438 ], [ 110.439819208147711, -7.782394215372359 ], [ 110.439816430541995, -7.782368026517911 ], [ 110.439813600000079, -7.782368299999916 ], [ 110.439809500000081, -7.782326699999962 ], [ 110.439805400000111, -7.7822842 ], [ 110.439888100000246, -7.782276299999972 ], [ 110.43989229999994, -7.782318799999927 ], [ 110.439896400000208, -7.782360299999988 ], [ 110.43986036817374, -7.782363781337881 ] ] ], [ [ [ 110.432465799999974, -7.782274399999952 ], [ 110.4324329, -7.782392800000012 ], [ 110.432397, -7.782383099999988 ], [ 110.432429900000031, -7.782264599999984 ], [ 110.432465799999974, -7.782274399999952 ] ] ], [ [ [ 110.432566, -7.782285899999944 ], [ 110.432523400000022, -7.782454499999949 ], [ 110.432434, -7.7824324 ], [ 110.432476599999973, -7.7822638 ], [ 110.432566, -7.782285899999944 ] ] ], [ [ [ 110.44230130000021, -7.782278799999971 ], [ 110.442297200000141, -7.782325999999876 ], [ 110.442228600000035, -7.782320099999944 ], [ 110.442232800000198, -7.782272899999962 ], [ 110.44230130000021, -7.782278799999971 ] ] ], [ [ [ 110.441706899999971, -7.782273799999937 ], [ 110.441700100000205, -7.782411799999986 ], [ 110.441639776249772, -7.78240892058469 ], [ 110.441640004779785, -7.782405778288594 ], [ 110.441640230498123, -7.782399618509494 ], [ 110.441640230483642, -7.782270538126142 ], [ 110.441706899999971, -7.782273799999937 ] ] ], [ [ [ 110.440780800000013, -7.7823379 ], [ 110.440760300000065, -7.782455899999988 ], [ 110.44067890000008, -7.782440799999985 ], [ 110.4406835, -7.782414200000016 ], [ 110.440717100000029, -7.78242 ], [ 110.44071850646867, -7.782411902151519 ], [ 110.440686397388731, -7.782408004517836 ], [ 110.440693597387991, -7.782349004517654 ], [ 110.440728297388219, -7.782353104517294 ], [ 110.440727260028765, -7.782361502867755 ], [ 110.440730300000055, -7.782344 ], [ 110.440594210224361, -7.782320761766319 ], [ 110.440606008268304, -7.782267360045673 ], [ 110.440778600000073, -7.782296799999987 ], [ 110.440771800000135, -7.782336299999923 ], [ 110.440780800000013, -7.7823379 ] ] ], [ [ [ 110.4400619, -7.782266199999913 ], [ 110.440063100000089, -7.782381699999982 ], [ 110.439981500000016, -7.782382599999966 ], [ 110.439981449728506, -7.782378133559679 ], [ 110.439915165817155, -7.782380170217447 ], [ 110.439911765814301, -7.782270970217401 ], [ 110.43998021991996, -7.782268869810858 ], [ 110.4399802, -7.782267099999985 ], [ 110.4400619, -7.782266199999913 ] ] ], [ [ [ 110.431596199999959, -7.782266 ], [ 110.431588699999963, -7.782313 ], [ 110.431489099999979, -7.782297399999937 ], [ 110.431496700000011, -7.78225039999996 ], [ 110.431596199999959, -7.782266 ] ] ], [ [ [ 110.432423300000011, -7.782273899999943 ], [ 110.432396899999972, -7.7823688 ], [ 110.432294500000012, -7.782340899999983 ], [ 110.432320900000022, -7.782246 ], [ 110.432423300000011, -7.782273899999943 ] ] ], [ [ [ 110.442400800000101, -7.782264099999852 ], [ 110.442394300000075, -7.78233839999996 ], [ 110.442385340598861, -7.782337629606138 ], [ 110.442378210119969, -7.782418441701139 ], [ 110.442323710120903, -7.782413741701182 ], [ 110.442331510120553, -7.782325341701156 ], [ 110.442332165031516, -7.782325398179722 ], [ 110.442338000000206, -7.782258699999935 ], [ 110.442400800000101, -7.782264099999852 ] ] ], [ [ [ 110.440290600000111, -7.7822508 ], [ 110.44029010000007, -7.782336099999923 ], [ 110.440242199999901, -7.782335900000021 ], [ 110.440242700000027, -7.78225049999997 ], [ 110.440290600000111, -7.7822508 ] ] ], [ [ [ 110.432315000000116, -7.78224919999992 ], [ 110.432296, -7.782317599999988 ], [ 110.432233, -7.782300500000015 ], [ 110.432252, -7.782232099999963 ], [ 110.432315000000116, -7.78224919999992 ] ] ], [ [ [ 110.440613060858993, -7.782235437764517 ], [ 110.440609800000232, -7.782260799999924 ], [ 110.440607521361159, -7.782260511303551 ], [ 110.440613060858993, -7.782235437764517 ] ] ], [ [ [ 110.431285600000024, -7.782224499999942 ], [ 110.431283, -7.782271899999963 ], [ 110.431254300000049, -7.7822703 ], [ 110.431253, -7.782293299999947 ], [ 110.431202800000023, -7.7822905 ], [ 110.431204100000031, -7.782267599999962 ], [ 110.431206700000075, -7.782220099999946 ], [ 110.431285600000024, -7.782224499999942 ] ] ], [ [ [ 110.432117, -7.782230099999963 ], [ 110.432100500000047, -7.782317899999945 ], [ 110.432033800000028, -7.7823056 ], [ 110.432050299999958, -7.782217800000015 ], [ 110.432117, -7.782230099999963 ] ] ], [ [ [ 110.440871600000108, -7.782247699999964 ], [ 110.440859800000027, -7.782303899999928 ], [ 110.440747500000057, -7.782280899999977 ], [ 110.440759200000144, -7.782224699999947 ], [ 110.440871600000108, -7.782247699999964 ] ] ], [ [ [ 110.441857431301472, -7.782230099747975 ], [ 110.441851531300998, -7.782297299748095 ], [ 110.441849144186691, -7.782297094405173 ], [ 110.441846662955044, -7.78238926756639 ], [ 110.441793589902503, -7.782387930293151 ], [ 110.441793516984191, -7.782397008663084 ], [ 110.441728116986425, -7.782396508666244 ], [ 110.44172901698154, -7.782296908665843 ], [ 110.4417855920356, -7.782297341856988 ], [ 110.441785745352348, -7.782291640742955 ], [ 110.441767831299885, -7.782290099747793 ], [ 110.441773731300188, -7.782222899747814 ], [ 110.441857431301472, -7.782230099747975 ] ] ], [ [ [ 110.43120039999998, -7.782215799999942 ], [ 110.431192400000029, -7.782277799999967 ], [ 110.4311167, -7.782268399999944 ], [ 110.431124600000018, -7.782206299999959 ], [ 110.43120039999998, -7.782215799999942 ] ] ], [ [ [ 110.440398800000196, -7.7822144 ], [ 110.440398100000095, -7.782284399999925 ], [ 110.440308599999909, -7.782283599999868 ], [ 110.440309200000229, -7.782213599999899 ], [ 110.440398800000196, -7.7822144 ] ] ], [ [ [ 110.430957511576125, -7.78223887297588 ], [ 110.430997, -7.782242799999943 ], [ 110.430998099999954, -7.78223170000001 ], [ 110.431051199999985, -7.782237 ], [ 110.4310501, -7.782248099999909 ], [ 110.431066099999981, -7.7822497 ], [ 110.431056299999952, -7.782346399999989 ], [ 110.431021300000069, -7.782342899999961 ], [ 110.431019599999928, -7.782359 ], [ 110.430948, -7.7823519 ], [ 110.430949600000019, -7.782335800000012 ], [ 110.430914899999976, -7.782332299999989 ], [ 110.43092352161257, -7.782246350525237 ], [ 110.43091654204072, -7.782245668311232 ], [ 110.430921442041324, -7.782197568311248 ], [ 110.430961242042898, -7.782201568311549 ], [ 110.430957511576125, -7.78223887297588 ] ] ], [ [ [ 110.431495299999966, -7.78220619999995 ], [ 110.431486300000103, -7.7822659 ], [ 110.431480700000037, -7.78226509999992 ], [ 110.431476700000019, -7.7822917 ], [ 110.431383300000121, -7.7822778 ], [ 110.431387300000011, -7.782251299999937 ], [ 110.4313689, -7.782248499999981 ], [ 110.431377900000015, -7.7821888 ], [ 110.431495299999966, -7.78220619999995 ] ] ], [ [ [ 110.432246500000034, -7.782203499999989 ], [ 110.432226499999956, -7.782309499999946 ], [ 110.432178800000131, -7.782300699999925 ], [ 110.43217570000003, -7.782317199999969 ], [ 110.432131400000031, -7.782309 ], [ 110.432141800000011, -7.782253399999942 ], [ 110.432148500000125, -7.782254599999908 ], [ 110.4321611, -7.7821877 ], [ 110.432246500000034, -7.782203499999989 ] ] ], [ [ [ 110.4316129, -7.78219630000002 ], [ 110.431603899999971, -7.782252599999971 ], [ 110.431528300000025, -7.78224069999996 ], [ 110.431537300000059, -7.7821844 ], [ 110.4316129, -7.78219630000002 ] ] ], [ [ [ 110.43925250000008, -7.782226799999965 ], [ 110.439222600000022, -7.782232099999956 ], [ 110.439216600000051, -7.782198899999969 ], [ 110.439246400000059, -7.782193599999964 ], [ 110.43925250000008, -7.782226799999965 ] ] ], [ [ [ 110.441740600000188, -7.782201899999854 ], [ 110.441734500000209, -7.782272 ], [ 110.441653200000033, -7.782265 ], [ 110.441659400000191, -7.782194899999978 ], [ 110.441740600000188, -7.782201899999854 ] ] ], [ [ [ 110.441027800000015, -7.782220599999948 ], [ 110.440997500000151, -7.7823411 ], [ 110.440878800000107, -7.782311899999959 ], [ 110.440909200000121, -7.782191299999945 ], [ 110.441027800000015, -7.782220599999948 ] ] ], [ [ [ 110.439688595896015, -7.78218920034784 ], [ 110.439689533366561, -7.782196093061904 ], [ 110.439707001103258, -7.782193799318835 ], [ 110.439716701102995, -7.782267499318893 ], [ 110.43969953996087, -7.782269666129714 ], [ 110.439700795897195, -7.782278900347825 ], [ 110.439637795896786, -7.782287300348649 ], [ 110.4396256958957, -7.782197500348726 ], [ 110.439688595896015, -7.78218920034784 ] ] ], [ [ [ 110.4423968, -7.78219539999994 ], [ 110.442395000000133, -7.782240499999929 ], [ 110.44231809999998, -7.782237299999947 ], [ 110.442320000000151, -7.782192299999858 ], [ 110.4423968, -7.78219539999994 ] ] ], [ [ [ 110.440053500000218, -7.7822585 ], [ 110.439959700000074, -7.782261399999977 ], [ 110.439957500000062, -7.782191 ], [ 110.440051200000184, -7.782188099999957 ], [ 110.440053500000218, -7.7822585 ] ] ], [ [ [ 110.4316847, -7.782228199999966 ], [ 110.431676699999954, -7.782278299999961 ], [ 110.431662500000016, -7.782276099999916 ], [ 110.431662300000013, -7.782277299999969 ], [ 110.431604500000105, -7.782268300000025 ], [ 110.43161910000002, -7.782176499999948 ], [ 110.431677, -7.782185600000014 ], [ 110.43167050000001, -7.782226 ], [ 110.4316847, -7.782228199999966 ] ] ], [ [ [ 110.441952900000146, -7.782192599999975 ], [ 110.441946399999978, -7.782266699999951 ], [ 110.441880900000058, -7.782261 ], [ 110.441887400000056, -7.782186899999951 ], [ 110.441952900000146, -7.782192599999975 ] ] ], [ [ [ 110.442306700000088, -7.782187999999861 ], [ 110.442299200000207, -7.782272599999928 ], [ 110.442225900000011, -7.782266299999947 ], [ 110.4422334, -7.782181599999926 ], [ 110.442306700000088, -7.782187999999861 ] ] ], [ [ [ 110.4420894000001, -7.782316999999876 ], [ 110.442018600000068, -7.782310899999967 ], [ 110.442030200000062, -7.782179599999933 ], [ 110.442100899999858, -7.782185699999892 ], [ 110.4420894000001, -7.782316999999876 ] ] ], [ [ [ 110.430830200000017, -7.78217229999998 ], [ 110.430821, -7.782298399999938 ], [ 110.430704099999971, -7.78229 ], [ 110.430713300000093, -7.78216389999997 ], [ 110.430830200000017, -7.78217229999998 ] ] ], [ [ [ 110.440236869701124, -7.782274002058124 ], [ 110.440236800000093, -7.782287799999937 ], [ 110.440236583620219, -7.782287798758192 ], [ 110.440234766010221, -7.782376602038809 ], [ 110.440168866013124, -7.782375202039588 ], [ 110.440170664464119, -7.782287420456253 ], [ 110.4401671, -7.782287399999978 ], [ 110.440167800000054, -7.782174599999904 ], [ 110.440237399999972, -7.782175 ], [ 110.440236869701124, -7.782274002058124 ] ] ], [ [ [ 110.432049900000024, -7.782178599999954 ], [ 110.4320303, -7.782283 ], [ 110.432009100000016, -7.782279099999913 ], [ 110.4319983, -7.782336499999983 ], [ 110.43194189999997, -7.782326100000015 ], [ 110.431943500000017, -7.782317699999898 ], [ 110.43192860000002, -7.782314899999959 ], [ 110.431936499999978, -7.782272899999954 ], [ 110.431951399999932, -7.782275599999978 ], [ 110.431952699999968, -7.782268599999965 ], [ 110.4319444, -7.782267099999983 ], [ 110.431964, -7.782162799999978 ], [ 110.432049900000024, -7.782178599999954 ] ] ], [ [ [ 110.440887400000094, -7.78218879999992 ], [ 110.440878, -7.782237 ], [ 110.440777100000261, -7.7822177 ], [ 110.440786400000064, -7.782169599999938 ], [ 110.440887400000094, -7.78218879999992 ] ] ], [ [ [ 110.439891700000146, -7.7822573 ], [ 110.439784900000191, -7.782266499999954 ], [ 110.439784803049633, -7.782265393552548 ], [ 110.439741700224232, -7.782272221723837 ], [ 110.43972780022159, -7.782185621724151 ], [ 110.439777127124316, -7.782177792055508 ], [ 110.439776900000041, -7.782175199999945 ], [ 110.439883699999925, -7.782166 ], [ 110.439891700000146, -7.7822573 ] ] ], [ [ [ 110.440321600000075, -7.78216510000001 ], [ 110.440320800000066, -7.782207599999941 ], [ 110.4402503, -7.782206299999952 ], [ 110.440251100000026, -7.7821638 ], [ 110.440321600000075, -7.78216510000001 ] ] ], [ [ [ 110.431262499999974, -7.782167899999972 ], [ 110.431255300000018, -7.782215599999988 ], [ 110.431129499999983, -7.782197 ], [ 110.431136699999954, -7.78214919999993 ], [ 110.431262499999974, -7.782167899999972 ] ] ], [ [ [ 110.430702900000028, -7.782154500000021 ], [ 110.430696, -7.782249499999976 ], [ 110.4305962, -7.7822424 ], [ 110.430603099999971, -7.78214729999996 ], [ 110.430702900000028, -7.782154500000021 ] ] ], [ [ [ 110.439943800000179, -7.7822637 ], [ 110.439897600000151, -7.782264799999979 ], [ 110.439895099999973, -7.782156399999982 ], [ 110.439941300000157, -7.7821553 ], [ 110.439943800000179, -7.7822637 ] ] ], [ [ [ 110.441230100000197, -7.7821758 ], [ 110.441215000000213, -7.78228609999998 ], [ 110.441071800000103, -7.7822669 ], [ 110.441087, -7.7821565 ], [ 110.441230100000197, -7.7821758 ] ] ], [ [ [ 110.440749199999956, -7.782167 ], [ 110.440738199999913, -7.782276199999946 ], [ 110.440615800000018, -7.782264199999948 ], [ 110.440623294582906, -7.782189116657013 ], [ 110.440626700000209, -7.782154999999853 ], [ 110.44063074444675, -7.78215539619058 ], [ 110.440749199999956, -7.782167 ] ] ], [ [ [ 110.4413799000002, -7.782152300000016 ], [ 110.441368100000105, -7.782265399999828 ], [ 110.441247400000037, -7.782253 ], [ 110.441259299999842, -7.782139899999933 ], [ 110.4413799000002, -7.782152300000016 ] ] ], [ [ [ 110.430992500000073, -7.782139 ], [ 110.43098879999998, -7.7821758 ], [ 110.4309714, -7.782174099999954 ], [ 110.4309708, -7.7821802999999 ], [ 110.430913, -7.7821746 ], [ 110.43091830000003, -7.782122699999943 ], [ 110.430976, -7.782128399999986 ], [ 110.430975100000012, -7.782137199999967 ], [ 110.430992500000073, -7.782139 ] ] ], [ [ [ 110.431963, -7.782123899999972 ], [ 110.4319409, -7.782241299999988 ], [ 110.4318948, -7.782232800000015 ], [ 110.431884899999943, -7.782285699999957 ], [ 110.431786000000159, -7.782267399999925 ], [ 110.43181, -7.782140099999951 ], [ 110.431862599999988, -7.782149799999943 ], [ 110.431870600000025, -7.782106899999984 ], [ 110.431963, -7.782123899999972 ] ] ], [ [ [ 110.442657424990756, -7.782124455691118 ], [ 110.442644816848144, -7.782259114394141 ], [ 110.442610599999952, -7.782252 ], [ 110.442638399999922, -7.782120499999946 ], [ 110.442657424990756, -7.782124455691118 ] ] ], [ [ [ 110.43168729999995, -7.782111699999941 ], [ 110.43167950000003, -7.782168899999971 ], [ 110.431605700000034, -7.782159 ], [ 110.431613499999983, -7.7821018 ], [ 110.43168729999995, -7.782111699999941 ] ] ], [ [ [ 110.441768900000213, -7.782120299999944 ], [ 110.441764, -7.782176299999954 ], [ 110.441643700000157, -7.782165899999943 ], [ 110.441648700000101, -7.782109900000066 ], [ 110.441768900000213, -7.782120299999944 ] ] ], [ [ [ 110.4309094, -7.782096899999956 ], [ 110.4309039, -7.782173 ], [ 110.430825499999969, -7.782167399999922 ], [ 110.430831099999978, -7.782091299999933 ], [ 110.4309094, -7.782096899999956 ] ] ], [ [ [ 110.442621700000061, -7.782098499999917 ], [ 110.442618799999906, -7.7821768 ], [ 110.442588, -7.78217559999998 ], [ 110.442587100000097, -7.7821995 ], [ 110.442493200000087, -7.7821961 ], [ 110.442496899999952, -7.782094 ], [ 110.442621700000061, -7.782098499999917 ] ] ], [ [ [ 110.441348900000094, -7.782088400000039 ], [ 110.441343699999933, -7.782138799999965 ], [ 110.44127320000004, -7.78213169999996 ], [ 110.44127840000013, -7.782081299999912 ], [ 110.441348900000094, -7.782088400000039 ] ] ], [ [ [ 110.44088880000011, -7.782085299999982 ], [ 110.44088560000003, -7.782157 ], [ 110.440776899999918, -7.782152200000014 ], [ 110.4407801, -7.782080499999808 ], [ 110.44088880000011, -7.782085299999982 ] ] ], [ [ [ 110.442386300000038, -7.782089699999986 ], [ 110.442378200000192, -7.78218159999995 ], [ 110.442273600000036, -7.782172599999924 ], [ 110.4422817, -7.782080599999935 ], [ 110.442386300000038, -7.782089699999986 ] ] ], [ [ [ 110.441234357086444, -7.782082254370182 ], [ 110.441223257086236, -7.782168754370155 ], [ 110.441086457085575, -7.78215155437023 ], [ 110.441097557085598, -7.782065054370266 ], [ 110.441234357086444, -7.782082254370182 ] ] ], [ [ [ 110.431497200000024, -7.782059599999987 ], [ 110.431482399999965, -7.7821876 ], [ 110.431416, -7.782180099999972 ], [ 110.431430800000072, -7.782052099999967 ], [ 110.431497200000024, -7.782059599999987 ] ] ], [ [ [ 110.431678800000014, -7.782060199999941 ], [ 110.431672699999979, -7.782105199999933 ], [ 110.431598900000054, -7.7820953 ], [ 110.431605, -7.782050399999934 ], [ 110.431678800000014, -7.782060199999941 ] ] ], [ [ [ 110.431596900000031, -7.7820995 ], [ 110.431586899999985, -7.782172799999926 ], [ 110.431541399999986, -7.782166699999935 ], [ 110.43154250000002, -7.782158899999922 ], [ 110.431509, -7.782154400000011 ], [ 110.431524299999964, -7.782042499999957 ], [ 110.431592900000041, -7.782051699999911 ], [ 110.43158659999996, -7.782098099999962 ], [ 110.431596900000031, -7.7820995 ] ] ], [ [ [ 110.439773500000058, -7.782067 ], [ 110.43976360000002, -7.782142199999985 ], [ 110.439644700000116, -7.78212679999992 ], [ 110.439654600000068, -7.782051599999943 ], [ 110.439773500000058, -7.782067 ] ] ], [ [ [ 110.440344135035531, -7.782070683566497 ], [ 110.440340335034847, -7.782111283566375 ], [ 110.440322935035184, -7.782109683566069 ], [ 110.440323174917083, -7.782107120619034 ], [ 110.440242900000101, -7.782101099999942 ], [ 110.440246600000108, -7.782052199999895 ], [ 110.440330600000124, -7.782058399999972 ], [ 110.440329772193579, -7.782069362845186 ], [ 110.440344135035531, -7.782070683566497 ] ] ], [ [ [ 110.440768800000043, -7.782058199999958 ], [ 110.440749700000069, -7.782161199999957 ], [ 110.440690499999874, -7.782150399999946 ], [ 110.440709600000119, -7.782047399999928 ], [ 110.440768800000043, -7.782058199999958 ] ] ], [ [ [ 110.441440299999925, -7.78209489999997 ], [ 110.441435700000156, -7.782138499999933 ], [ 110.441354500000017, -7.782130199999966 ], [ 110.441359, -7.782086599999903 ], [ 110.441363400000043, -7.782044399999948 ], [ 110.44144459999994, -7.782052699999938 ], [ 110.441440299999925, -7.78209489999997 ] ] ], [ [ [ 110.440696500000143, -7.782045400000047 ], [ 110.440678600000041, -7.782153699999945 ], [ 110.440632766025558, -7.782146245878282 ], [ 110.440656483715614, -7.782038892027306 ], [ 110.440696500000143, -7.782045400000047 ] ] ], [ [ [ 110.431412300000019, -7.782043699999988 ], [ 110.431391, -7.782184400000012 ], [ 110.431367799999975, -7.782181 ], [ 110.431361099999961, -7.782225299999981 ], [ 110.431262100000041, -7.782210599999959 ], [ 110.431268799999941, -7.782166300000022 ], [ 110.43129, -7.7820256 ], [ 110.431412300000019, -7.782043699999988 ] ] ], [ [ [ 110.440239300000115, -7.7820371 ], [ 110.440236299999967, -7.782109900000034 ], [ 110.440172, -7.782107299999838 ], [ 110.440175, -7.782034499999953 ], [ 110.440239300000115, -7.7820371 ] ] ], [ [ [ 110.440168900000174, -7.782124599999947 ], [ 110.440094600000037, -7.782124599999942 ], [ 110.440094600000052, -7.78203420000002 ], [ 110.440168900000145, -7.78203420000001 ], [ 110.440168900000174, -7.782124599999947 ] ] ], [ [ [ 110.440481062600995, -7.78203423411636 ], [ 110.440462282813741, -7.78211923728842 ], [ 110.440425, -7.7821147 ], [ 110.440422199999972, -7.7821373 ], [ 110.440352300000058, -7.7821287 ], [ 110.440358100000168, -7.782081899999879 ], [ 110.440395100000117, -7.78208639999998 ], [ 110.440402700000149, -7.782024699999931 ], [ 110.440481062600995, -7.78203423411636 ] ] ], [ [ [ 110.442310399999982, -7.7820706 ], [ 110.442247899999941, -7.78207349999997 ], [ 110.442245800000052, -7.782028399999958 ], [ 110.442308300000064, -7.7820255 ], [ 110.442310399999982, -7.7820706 ] ] ], [ [ [ 110.431287700000013, -7.782027899999929 ], [ 110.431266800000074, -7.782166300000026 ], [ 110.431146, -7.782148399999961 ], [ 110.431166899999965, -7.78201 ], [ 110.431287700000013, -7.782027899999929 ] ] ], [ [ [ 110.440390100000158, -7.782020799999948 ], [ 110.440382900000017, -7.7820706 ], [ 110.440361900000141, -7.782067699999934 ], [ 110.440369100000012, -7.7820179 ], [ 110.440390100000158, -7.782020799999948 ] ] ], [ [ [ 110.441233300000107, -7.782023099999965 ], [ 110.441230600000068, -7.7820654 ], [ 110.441133900000068, -7.782059499999963 ], [ 110.441136500000098, -7.782017099999989 ], [ 110.441233300000107, -7.782023099999965 ] ] ], [ [ [ 110.441357700000111, -7.782026099999933 ], [ 110.441350700000058, -7.782081299999918 ], [ 110.441270000000145, -7.782071200000048 ], [ 110.4412771, -7.782016099999893 ], [ 110.441357700000111, -7.782026099999933 ] ] ], [ [ [ 110.440325300000126, -7.782017 ], [ 110.440324746266455, -7.782023359006581 ], [ 110.440325700451965, -7.782016151860314 ], [ 110.440358400451942, -7.782020351860671 ], [ 110.440353700451439, -7.782055851860476 ], [ 110.440322268381692, -7.782051814713592 ], [ 110.44032220000004, -7.782052599999934 ], [ 110.44024830000015, -7.782046299999937 ], [ 110.440251400000065, -7.782010699999931 ], [ 110.440325300000126, -7.782017 ] ] ], [ [ [ 110.430919700000032, -7.782002299999944 ], [ 110.430913900000036, -7.7820815 ], [ 110.430840399999951, -7.782076299999948 ], [ 110.4308462, -7.781997099999922 ], [ 110.430919700000032, -7.782002299999944 ] ] ], [ [ [ 110.440080200000153, -7.78201530000004 ], [ 110.440073900000101, -7.782113199999984 ], [ 110.43995560000009, -7.782105699999979 ], [ 110.439962, -7.78200779999986 ], [ 110.440080200000153, -7.78201530000004 ] ] ], [ [ [ 110.441124182021994, -7.782011447718704 ], [ 110.44111978202163, -7.782064547718558 ], [ 110.441090620890265, -7.78206216804264 ], [ 110.441077661364815, -7.782185523526161 ], [ 110.441034061364903, -7.782181023526233 ], [ 110.441047661364806, -7.782052523526168 ], [ 110.44104798669693, -7.782052557181209 ], [ 110.441051882019863, -7.782005547718403 ], [ 110.441124182021994, -7.782011447718704 ] ] ], [ [ [ 110.431111299999984, -7.781981099999965 ], [ 110.431095, -7.782142799999934 ], [ 110.431101100000049, -7.782143399999983 ], [ 110.43109670000004, -7.782187899999916 ], [ 110.431053700000021, -7.782183699999949 ], [ 110.431056199999958, -7.782159299999977 ], [ 110.431045200000042, -7.782158199999972 ], [ 110.431042400000052, -7.7821853 ], [ 110.4309966, -7.78218079999996 ], [ 110.430999299999954, -7.782153699999945 ], [ 110.4309971, -7.782153499999937 ], [ 110.430999200000045, -7.782132599999988 ], [ 110.430985100000029, -7.782131199999951 ], [ 110.430990699999953, -7.782076 ], [ 110.431004799999982, -7.78207739999994 ], [ 110.43101539999995, -7.78197159999996 ], [ 110.431111299999984, -7.781981099999965 ] ] ], [ [ [ 110.442455300000148, -7.781997099999955 ], [ 110.442439900000124, -7.78207 ], [ 110.4423816, -7.78205790000001 ], [ 110.442397000000128, -7.781985 ], [ 110.442455300000148, -7.781997099999955 ] ] ], [ [ [ 110.442662300000038, -7.781984399999951 ], [ 110.442661500000085, -7.782074399999972 ], [ 110.442584900000114, -7.782073699999904 ], [ 110.442585800000117, -7.781983699999968 ], [ 110.442662300000038, -7.781984399999951 ] ] ], [ [ [ 110.442554299999898, -7.781983199999971 ], [ 110.442536500000116, -7.782067399999966 ], [ 110.442481100000151, -7.782055899999925 ], [ 110.442498900000132, -7.7819717 ], [ 110.442554299999898, -7.781983199999971 ] ] ], [ [ [ 110.442279830362907, -7.781966270891075 ], [ 110.442319665294804, -7.781966765575209 ], [ 110.442326475473635, -7.781966363020054 ], [ 110.442324600000163, -7.781987599999984 ], [ 110.442278300000112, -7.7819836 ], [ 110.442279830362907, -7.781966270891075 ] ] ], [ [ [ 110.44224158666016, -7.7819860703894 ], [ 110.442235486659825, -7.782056270389165 ], [ 110.442233772366052, -7.782056123749038 ], [ 110.442237108113446, -7.7821267153767 ], [ 110.442187408114151, -7.782129015376635 ], [ 110.4421837081142, -7.782050715376635 ], [ 110.44218651569183, -7.782050585448623 ], [ 110.442192487065896, -7.781981865642542 ], [ 110.442175086658466, -7.781980370389172 ], [ 110.442176415707166, -7.781964986651619 ], [ 110.442243380047273, -7.781965818238251 ], [ 110.44224158666016, -7.7819860703894 ] ] ], [ [ [ 110.442169270348543, -7.782057301371312 ], [ 110.442172205115384, -7.782120799060472 ], [ 110.4421138051203, -7.782123499060244 ], [ 110.442110781664169, -7.78206000647447 ], [ 110.442089300000077, -7.782061 ], [ 110.442084715836046, -7.781963847890529 ], [ 110.442164937429183, -7.781964844110318 ], [ 110.442169300000018, -7.782057299999948 ], [ 110.442169270348543, -7.782057301371312 ] ] ], [ [ [ 110.442075800000069, -7.7820664 ], [ 110.442001300000086, -7.782069899999952 ], [ 110.441996219897675, -7.781962748917007 ], [ 110.44207100479062, -7.781963677621913 ], [ 110.442075800000069, -7.7820664 ] ] ], [ [ [ 110.44104779999995, -7.7819663 ], [ 110.441038500000062, -7.782106100000011 ], [ 110.440959, -7.782100899999903 ], [ 110.440968300000051, -7.781961200000016 ], [ 110.44104779999995, -7.7819663 ] ] ], [ [ [ 110.441993422254313, -7.78201204668304 ], [ 110.441992622254446, -7.78206024668304 ], [ 110.441915422257452, -7.782058846683189 ], [ 110.441916233313478, -7.782015500246003 ], [ 110.441916199999966, -7.782015499999936 ], [ 110.441916632386238, -7.781961760571426 ], [ 110.44198432964518, -7.781962601259654 ], [ 110.441983933095713, -7.782011886685042 ], [ 110.441993422254313, -7.78201204668304 ] ] ], [ [ [ 110.441804200000135, -7.7820275 ], [ 110.441838840028538, -7.782030482705801 ], [ 110.4418419459207, -7.781960833088702 ], [ 110.44190062936805, -7.781961561840353 ], [ 110.441897331382791, -7.782035519141584 ], [ 110.441906400000207, -7.782036299999982 ], [ 110.44189810000006, -7.78213109999994 ], [ 110.441795900000116, -7.782122300000025 ], [ 110.441804200000135, -7.7820275 ] ] ], [ [ [ 110.441804200000135, -7.7820275 ], [ 110.441729300000119, -7.782021 ], [ 110.441730519269825, -7.782007193059858 ], [ 110.441640230453359, -7.781999431076533 ], [ 110.441640230448726, -7.781958328115313 ], [ 110.441810114802877, -7.78196043779877 ], [ 110.441804200000135, -7.7820275 ] ] ], [ [ [ 110.440369000000217, -7.781969199999969 ], [ 110.44036400000013, -7.782013299999957 ], [ 110.440244899999968, -7.781999900000017 ], [ 110.440249900000097, -7.7819558 ], [ 110.440369000000217, -7.781969199999969 ] ] ], [ [ [ 110.440059499999975, -7.781957199999866 ], [ 110.440055200000046, -7.78201280000002 ], [ 110.439967799999934, -7.7820061 ], [ 110.43997209999992, -7.781950500000017 ], [ 110.440059499999975, -7.781957199999866 ] ] ], [ [ [ 110.440959405548099, -7.782005511868721 ], [ 110.440950105548168, -7.782114411868783 ], [ 110.440905305548782, -7.782110611868834 ], [ 110.440914302815003, -7.782006377581779 ], [ 110.440911292279708, -7.782006081463448 ], [ 110.440916792279808, -7.781951281463443 ], [ 110.440953392280363, -7.781954781463634 ], [ 110.440948403697561, -7.782004576588804 ], [ 110.440959405548099, -7.782005511868721 ] ] ], [ [ [ 110.430930500000031, -7.781936 ], [ 110.430926100000036, -7.781995600000019 ], [ 110.430873800000072, -7.781991899999979 ], [ 110.430878099999958, -7.7819323 ], [ 110.430930500000031, -7.781936 ] ] ], [ [ [ 110.439896900000022, -7.781957799999976 ], [ 110.439873599999956, -7.782082899999954 ], [ 110.439799, -7.782069299999982 ], [ 110.439822200000066, -7.78194419999994 ], [ 110.439896900000022, -7.781957799999976 ] ] ], [ [ [ 110.431001300000034, -7.781937 ], [ 110.430992, -7.78206479999996 ], [ 110.4309268, -7.782060099999923 ], [ 110.430936099999968, -7.781932300000024 ], [ 110.431001300000034, -7.781937 ] ] ], [ [ [ 110.44090040985337, -7.781984909954808 ], [ 110.44089110985243, -7.782052309954707 ], [ 110.440855309853205, -7.782047409954188 ], [ 110.440858212917661, -7.782026401761769 ], [ 110.4407768, -7.782015299999961 ], [ 110.440788400000102, -7.781932300000018 ], [ 110.440874100000059, -7.781944 ], [ 110.440873100936656, -7.78195121063352 ], [ 110.440902804434515, -7.781955205841229 ], [ 110.440898812697625, -7.781984695811082 ], [ 110.44090040985337, -7.781984909954808 ] ] ], [ [ [ 110.440774599999898, -7.781935199999959 ], [ 110.440756800000159, -7.782042099999948 ], [ 110.440659298951815, -7.782026149367668 ], [ 110.440664533108944, -7.782002457898434 ], [ 110.440692018177117, -7.781921690070454 ], [ 110.440774599999898, -7.781935199999959 ] ] ], [ [ [ 110.440497277887346, -7.781960838674522 ], [ 110.440494150011872, -7.781974996414386 ], [ 110.440491220862057, -7.781974685659776 ], [ 110.440490677816896, -7.781978880334973 ], [ 110.440493206414743, -7.781979267429056 ], [ 110.440482797146913, -7.78202638302078 ], [ 110.440386400000023, -7.782014099999907 ], [ 110.440398934655377, -7.781917277822566 ], [ 110.440508963022651, -7.781924885507095 ], [ 110.440499833638768, -7.781951703049328 ], [ 110.440497277887346, -7.781960838674522 ] ] ], [ [ [ 110.44039361825304, -7.781916910230913 ], [ 110.440388500000253, -7.781962599999952 ], [ 110.440293250409582, -7.781952145776839 ], [ 110.44029310916676, -7.781953642067484 ], [ 110.440264609166576, -7.781951042068103 ], [ 110.440268584026342, -7.781908264997218 ], [ 110.44039361825304, -7.781916910230913 ] ] ], [ [ [ 110.442499100000219, -7.781910699999917 ], [ 110.442498600000235, -7.781964699999948 ], [ 110.44238760000006, -7.781963599999931 ], [ 110.442387876381289, -7.781933750833699 ], [ 110.442394720675139, -7.781924067670075 ], [ 110.442401093819186, -7.781910574904598 ], [ 110.442401324759359, -7.781909731056147 ], [ 110.442499100000219, -7.781910699999917 ] ] ], [ [ [ 110.4402519906712, -7.781907117683874 ], [ 110.440250399999883, -7.781929699999975 ], [ 110.440199900000067, -7.781926099999854 ], [ 110.440201484902317, -7.781903625566709 ], [ 110.4402519906712, -7.781907117683874 ] ] ], [ [ [ 110.442639, -7.781903599999913 ], [ 110.442638300000013, -7.781969199999946 ], [ 110.442510800000122, -7.781968 ], [ 110.442511400000072, -7.781902299999915 ], [ 110.442639, -7.781903599999913 ] ] ], [ [ [ 110.440186269140241, -7.781902573504139 ], [ 110.440183625332665, -7.781935043924223 ], [ 110.440241300000167, -7.781941 ], [ 110.440234900000092, -7.782000899999975 ], [ 110.440176900000026, -7.781994799999945 ], [ 110.44018315399768, -7.781935436656997 ], [ 110.440177028228646, -7.781934945941621 ], [ 110.44017490000013, -7.781954099999934 ], [ 110.440169152869174, -7.781953474906528 ], [ 110.440166317636155, -7.781975543748753 ], [ 110.440112317637983, -7.781968843749336 ], [ 110.440114975328925, -7.781947582219215 ], [ 110.440113300000164, -7.781947399999931 ], [ 110.440115233801635, -7.781929995786565 ], [ 110.440108690507017, -7.781929471623465 ], [ 110.440111269002841, -7.781897387774381 ], [ 110.440186269140241, -7.781902573504139 ] ] ], [ [ [ 110.440104793424737, -7.781896940033854 ], [ 110.440096600000231, -7.7819954 ], [ 110.440058700000108, -7.7819923 ], [ 110.440066853752342, -7.781894316773499 ], [ 110.440104793424737, -7.781896940033854 ] ] ], [ [ [ 110.4413835000001, -7.7818997 ], [ 110.441370100000057, -7.7820073 ], [ 110.44130670000014, -7.781999599999882 ], [ 110.441320100000013, -7.781892 ], [ 110.4413835000001, -7.7818997 ] ] ], [ [ [ 110.440059482517697, -7.781893807104653 ], [ 110.440055104866403, -7.781935609381909 ], [ 110.439982104867184, -7.781928109381935 ], [ 110.439985759707099, -7.781893209244847 ], [ 110.439985044139021, -7.781893152752612 ], [ 110.439985404320268, -7.781888685120494 ], [ 110.440059482517697, -7.781893807104653 ] ] ], [ [ [ 110.439974325355863, -7.781887919088363 ], [ 110.439965100000165, -7.781961100000011 ], [ 110.439956632834267, -7.781960050713106 ], [ 110.439950010291298, -7.78202533007421 ], [ 110.43990401029204, -7.782020730074828 ], [ 110.43991074309551, -7.781954363860518 ], [ 110.439907, -7.781953899999827 ], [ 110.439915827592188, -7.781883874381127 ], [ 110.439974325355863, -7.781887919088363 ] ] ], [ [ [ 110.439908726617574, -7.781883383398828 ], [ 110.439902000000131, -7.781946699999952 ], [ 110.439821800000033, -7.781938399999973 ], [ 110.439828236094371, -7.781877818047647 ], [ 110.439908726617574, -7.781883383398828 ] ] ], [ [ [ 110.439823511082793, -7.781877491346459 ], [ 110.439790700000032, -7.782032299999941 ], [ 110.439741500000054, -7.782022 ], [ 110.439742793692233, -7.782015900048155 ], [ 110.439700077316544, -7.782005757349443 ], [ 110.439719077312517, -7.78192785734809 ], [ 110.439735936866228, -7.781931899021562 ], [ 110.439747730582525, -7.781872251660015 ], [ 110.439823511082793, -7.781877491346459 ] ] ], [ [ [ 110.4413, -7.781890600000014 ], [ 110.441283800000221, -7.782013899999913 ], [ 110.441139000000135, -7.781995299999866 ], [ 110.441155100000231, -7.781872 ], [ 110.4413, -7.781890600000014 ] ] ], [ [ [ 110.439707056844412, -7.781882999938827 ], [ 110.439692656846177, -7.781925499939242 ], [ 110.439634756848477, -7.781906299940472 ], [ 110.439646405009782, -7.781871921682745 ], [ 110.43964805297297, -7.781865359657322 ], [ 110.439700066548014, -7.781868956028713 ], [ 110.439697336785898, -7.78187977670771 ], [ 110.439707056844412, -7.781882999938827 ] ] ], [ [ [ 110.440795300000033, -7.7818184 ], [ 110.440777400000044, -7.781914799999985 ], [ 110.440699231335174, -7.781900493429753 ], [ 110.440707438517762, -7.78187637574125 ], [ 110.440708019568973, -7.781874483505052 ], [ 110.440711897209852, -7.78186210032701 ], [ 110.440731084122362, -7.781806647094056 ], [ 110.440795300000033, -7.7818184 ] ] ], [ [ [ 110.441126, -7.781794499999974 ], [ 110.441114400000075, -7.781926 ], [ 110.441108600000078, -7.781966699999937 ], [ 110.441054600000086, -7.781959100000014 ], [ 110.441060400000111, -7.781918399999914 ], [ 110.441073992914895, -7.78192031307681 ], [ 110.441085400000034, -7.781791 ], [ 110.441126, -7.781794499999974 ] ] ], [ [ [ 110.441467913844477, -7.781871264755136 ], [ 110.441467913843425, -7.781875129277728 ], [ 110.441378, -7.781869199999949 ], [ 110.441384500000197, -7.781773699999953 ], [ 110.441495100000111, -7.781781 ], [ 110.441493113702307, -7.781810639286946 ], [ 110.441484528335479, -7.781820594651918 ], [ 110.441477403464845, -7.781832116884176 ], [ 110.441472181427471, -7.781844612139038 ], [ 110.44146899183248, -7.781857770289429 ], [ 110.441467913844477, -7.781871264755136 ] ] ], [ [ [ 110.440788, -7.781772499999944 ], [ 110.440783599999932, -7.7818021 ], [ 110.440735799999985, -7.781795 ], [ 110.440736337621701, -7.781791463644369 ], [ 110.440740300000172, -7.781765399999975 ], [ 110.440747260665546, -7.781766436073866 ], [ 110.440788, -7.781772499999944 ] ] ], [ [ [ 110.441626500000154, -7.781720499999912 ], [ 110.441722099999964, -7.781728799999962 ], [ 110.44171694742252, -7.781787410569486 ], [ 110.441620730723258, -7.781786215666741 ], [ 110.441626500000154, -7.781720499999912 ] ] ], [ [ [ 110.440451, -7.781726499999954 ], [ 110.440447067510519, -7.78174833412065 ], [ 110.44029368672139, -7.781737728950258 ], [ 110.44030050000012, -7.781699899999966 ], [ 110.440451, -7.781726499999954 ] ] ], [ [ [ 110.439162499999924, -7.781800799999969 ], [ 110.439051099999972, -7.781826 ], [ 110.4390268, -7.781720599999962 ], [ 110.439138099999951, -7.781695399999957 ], [ 110.439162499999924, -7.781800799999969 ] ] ], [ [ [ 110.440099300000099, -7.781699399999926 ], [ 110.440096963361995, -7.781724126954998 ], [ 110.439938608907482, -7.781713177891634 ], [ 110.439941300000157, -7.781684699999951 ], [ 110.440099300000099, -7.781699399999926 ] ] ], [ [ [ 110.439935299999902, -7.781681299999943 ], [ 110.43993159272766, -7.781712692773619 ], [ 110.439839752228096, -7.781706342668415 ], [ 110.439844000000107, -7.781670699999961 ], [ 110.439935299999902, -7.781681299999943 ] ] ], [ [ [ 110.442678300000026, -7.781684 ], [ 110.4426669, -7.78180609999987 ], [ 110.44255239999994, -7.78179559999996 ], [ 110.442549900000159, -7.781822099999937 ], [ 110.442444399999957, -7.781812399999956 ], [ 110.4424504, -7.781747799999938 ], [ 110.442471499999968, -7.781749800000013 ], [ 110.442479299999903, -7.7816658 ], [ 110.442563800000059, -7.781673499999971 ], [ 110.442678300000026, -7.781684 ] ] ], [ [ [ 110.43982890000008, -7.781666399999954 ], [ 110.439824398666801, -7.781705281080863 ], [ 110.439739070292603, -7.781699381241839 ], [ 110.439744000000175, -7.781656799999959 ], [ 110.43982890000008, -7.781666399999954 ] ] ], [ [ [ 110.440575976432442, -7.781728033716401 ], [ 110.4405662601025, -7.781756575424938 ], [ 110.440542170792554, -7.781754909823651 ], [ 110.440468900000027, -7.78172589999997 ], [ 110.440498000000204, -7.781653799999987 ], [ 110.440592315807095, -7.781691082059906 ], [ 110.440579089406512, -7.781720180129878 ], [ 110.440576637345899, -7.781726163454761 ], [ 110.440575976432442, -7.781728033716401 ] ] ], [ [ [ 110.430252414794552, -7.781650672967994 ], [ 110.430321325465783, -7.781662765927972 ], [ 110.430322305323742, -7.781655690676975 ], [ 110.430405052560701, -7.78166693446647 ], [ 110.430405380774246, -7.781664564538399 ], [ 110.430486080772127, -7.781675464542678 ], [ 110.430483753131384, -7.781692271712254 ], [ 110.430566322202694, -7.781703556787198 ], [ 110.430555122195017, -7.781784456785528 ], [ 110.430472536499053, -7.78177326349969 ], [ 110.430471580766735, -7.781780164541484 ], [ 110.430402334798956, -7.781770811613448 ], [ 110.430402005319834, -7.781773190678925 ], [ 110.430307805320851, -7.781760390676341 ], [ 110.430317805106824, -7.781688185347259 ], [ 110.430302223450511, -7.781775241061619 ], [ 110.430230423453452, -7.781762641061039 ], [ 110.430236487835003, -7.781728758977674 ], [ 110.430122499999968, -7.781711199999916 ], [ 110.430135099999944, -7.781631299999978 ], [ 110.430252599999989, -7.781649499999936 ], [ 110.430252414794552, -7.781650672967994 ] ] ], [ [ [ 110.440860199999875, -7.781654699999958 ], [ 110.440829500000092, -7.781773099999893 ], [ 110.440753075291042, -7.781753643892768 ], [ 110.440804490446283, -7.781640530506838 ], [ 110.440860199999875, -7.781654699999958 ] ] ], [ [ [ 110.440272000000149, -7.781657500000024 ], [ 110.440257095973266, -7.78173519896505 ], [ 110.440111522635959, -7.781725133623338 ], [ 110.440129700000099, -7.781630699999892 ], [ 110.4402176, -7.781647299999969 ], [ 110.440272000000149, -7.781657500000024 ] ] ], [ [ [ 110.442192100000057, -7.7816413 ], [ 110.442187800000042, -7.781689999999831 ], [ 110.442044, -7.781677599999967 ], [ 110.442048300000053, -7.781628899999938 ], [ 110.442192100000057, -7.7816413 ] ] ], [ [ [ 110.441626500000154, -7.781720499999912 ], [ 110.441635199999979, -7.781620900000016 ], [ 110.441681600000095, -7.781624899999983 ], [ 110.441672800000077, -7.781724499999935 ], [ 110.441626500000154, -7.781720499999912 ] ] ], [ [ [ 110.441386200000153, -7.781625 ], [ 110.441369700000223, -7.78181219999994 ], [ 110.441291600000156, -7.781805500000014 ], [ 110.441308, -7.781618199999969 ], [ 110.441386200000153, -7.781625 ] ] ], [ [ [ 110.441055800000214, -7.781621699999982 ], [ 110.441045200000175, -7.781743099999979 ], [ 110.440943300000114, -7.781734399999887 ], [ 110.440954, -7.781612899999966 ], [ 110.441055800000214, -7.781621699999982 ] ] ], [ [ [ 110.441511700000063, -7.781685599999928 ], [ 110.441503800000106, -7.781775 ], [ 110.44138490000006, -7.7817648 ], [ 110.441392800000159, -7.781675299999986 ], [ 110.441399199999893, -7.781602299999981 ], [ 110.441507600000079, -7.781611599999946 ], [ 110.441501101089216, -7.781684687751707 ], [ 110.441511700000063, -7.781685599999928 ] ] ], [ [ [ 110.440471400000121, -7.7816282 ], [ 110.440453800000114, -7.781719 ], [ 110.440395200000083, -7.781707800000013 ], [ 110.440305, -7.781690700000015 ], [ 110.440322600000073, -7.781599899999947 ], [ 110.44041280000009, -7.781617 ], [ 110.440471400000121, -7.7816282 ] ] ], [ [ [ 110.441758600000057, -7.7815942999999 ], [ 110.441902500000097, -7.7816067 ], [ 110.44189540000022, -7.7816873 ], [ 110.44175150000008, -7.781674899999955 ], [ 110.441758600000057, -7.7815942999999 ] ] ], [ [ [ 110.440631183524587, -7.781605573114814 ], [ 110.440602966902588, -7.781667649658995 ], [ 110.440489800000051, -7.781629199999984 ], [ 110.440512000000112, -7.781565 ], [ 110.440631183524587, -7.781605573114814 ] ] ], [ [ [ 110.4402004, -7.781566499999945 ], [ 110.440185, -7.781636599999973 ], [ 110.440132600000055, -7.78162530000002 ], [ 110.440148, -7.7815552 ], [ 110.4402004, -7.781566499999945 ] ] ], [ [ [ 110.440101164288336, -7.781581048476323 ], [ 110.440101349711924, -7.781581090841283 ], [ 110.440101800000107, -7.781579299999922 ], [ 110.440129400000075, -7.781586099999977 ], [ 110.440103200000038, -7.781690299999951 ], [ 110.440075600000142, -7.781683499999953 ], [ 110.440078287269841, -7.781672812464187 ], [ 110.440058366138715, -7.781668210223376 ], [ 110.44005610239283, -7.781678099653381 ], [ 110.440012802392872, -7.781668399655861 ], [ 110.44004030238554, -7.781548699653781 ], [ 110.440083502385576, -7.781558399651376 ], [ 110.440083205867481, -7.781559695025059 ], [ 110.44010513627093, -7.78156516054559 ], [ 110.440101164288336, -7.781581048476323 ] ] ], [ [ [ 110.4421703000002, -7.781557799999923 ], [ 110.442165200000133, -7.781615199999986 ], [ 110.442090400000055, -7.78160869999989 ], [ 110.442095500000036, -7.781551399999945 ], [ 110.4421703000002, -7.781557799999923 ] ] ], [ [ [ 110.439996314582885, -7.78156503898489 ], [ 110.43997221458217, -7.781656738984565 ], [ 110.439928214583489, -7.781645338983822 ], [ 110.439928583731287, -7.781643935916033 ], [ 110.439900905134394, -7.78163907528472 ], [ 110.439917605130972, -7.781545375284002 ], [ 110.439958705130721, -7.781552675282577 ], [ 110.439958241027227, -7.781555261003024 ], [ 110.439996314582885, -7.78156503898489 ] ] ], [ [ [ 110.441278, -7.781553399999848 ], [ 110.441262500000036, -7.78172979999997 ], [ 110.441182600000019, -7.781722900000014 ], [ 110.441198100000037, -7.781546499999941 ], [ 110.441278, -7.781553399999848 ] ] ], [ [ [ 110.439885100000126, -7.781541299999911 ], [ 110.43986700000012, -7.781635 ], [ 110.439834800000071, -7.781628899999966 ], [ 110.43985290000002, -7.781535199999823 ], [ 110.439885100000126, -7.781541299999911 ] ] ], [ [ [ 110.440493600000096, -7.781552300000015 ], [ 110.440482800000254, -7.781621999999891 ], [ 110.440343700000042, -7.78160089999995 ], [ 110.440354500000083, -7.781531199999939 ], [ 110.440493600000096, -7.781552300000015 ] ] ], [ [ [ 110.441758600000057, -7.7815942999999 ], [ 110.4416805, -7.781587599999921 ], [ 110.441686200000021, -7.781522599999962 ], [ 110.441764299999903, -7.781529299999983 ], [ 110.441758600000057, -7.7815942999999 ] ] ], [ [ [ 110.440301400000138, -7.781526099999983 ], [ 110.440278300000145, -7.781624899999981 ], [ 110.440272792006695, -7.781623634913526 ], [ 110.440270151070962, -7.781635225687577 ], [ 110.440205951073025, -7.781621025688366 ], [ 110.440211351072477, -7.781597325688259 ], [ 110.440224433765508, -7.781600219368825 ], [ 110.440244800000215, -7.781513199999977 ], [ 110.440301400000138, -7.781526099999983 ] ] ], [ [ [ 110.440228799999957, -7.78151009999995 ], [ 110.440216200000151, -7.781563 ], [ 110.440155, -7.7815487 ], [ 110.440167499999959, -7.781495899999949 ], [ 110.440228799999957, -7.78151009999995 ] ] ], [ [ [ 110.439827900000182, -7.781499199999973 ], [ 110.439824264712954, -7.781527859590498 ], [ 110.439830495995068, -7.781528506853594 ], [ 110.439820895994629, -7.781618506853618 ], [ 110.43976609371569, -7.781612814362842 ], [ 110.4397613, -7.781653099999915 ], [ 110.439736819700784, -7.781650194065138 ], [ 110.439742757087473, -7.781517939761723 ], [ 110.439776900000041, -7.781522 ], [ 110.439776789551701, -7.78152292819095 ], [ 110.439779850186625, -7.781523246109259 ], [ 110.43978350000009, -7.781493699999972 ], [ 110.439827900000182, -7.781499199999973 ] ] ], [ [ [ 110.441812300000066, -7.781493299999926 ], [ 110.441911500000103, -7.781501899999909 ], [ 110.44190619999992, -7.78156239999988 ], [ 110.441807, -7.781553899999951 ], [ 110.441812300000066, -7.781493299999926 ] ] ], [ [ [ 110.439038300000121, -7.781529 ], [ 110.43895110000004, -7.781552799999861 ], [ 110.4389368, -7.781501299999979 ], [ 110.439024000000117, -7.781477499999926 ], [ 110.439038300000121, -7.781529 ] ] ], [ [ [ 110.440157900000145, -7.7814898 ], [ 110.440145300000054, -7.781553300000016 ], [ 110.440055699999931, -7.781536 ], [ 110.440068199999899, -7.781472499999893 ], [ 110.440157900000145, -7.7814898 ] ] ], [ [ [ 110.442218700000126, -7.781476799999904 ], [ 110.4422119, -7.781554499999905 ], [ 110.442156799999921, -7.781549699999975 ], [ 110.442163600000171, -7.781472099999875 ], [ 110.442218700000126, -7.781476799999904 ] ] ], [ [ [ 110.441485300000082, -7.781478499999955 ], [ 110.441461399999881, -7.781579699999976 ], [ 110.441380499999951, -7.7815608999999 ], [ 110.441404400000067, -7.7814597 ], [ 110.441485300000082, -7.781478499999955 ] ] ], [ [ [ 110.440653700000126, -7.781465499999938 ], [ 110.440638700000122, -7.781553 ], [ 110.440568700000185, -7.781541299999885 ], [ 110.44058370000019, -7.781453799999954 ], [ 110.440653700000126, -7.781465499999938 ] ] ], [ [ [ 110.44004680000009, -7.781464299999924 ], [ 110.4400318, -7.781549299999952 ], [ 110.439964700000033, -7.781537699999951 ], [ 110.439979700000109, -7.781452699999949 ], [ 110.44004680000009, -7.781464299999924 ] ] ], [ [ [ 110.441371099999913, -7.781456099999962 ], [ 110.441359100000042, -7.781532599999982 ], [ 110.44129, -7.7815219 ], [ 110.441302000000107, -7.781445499999981 ], [ 110.441371099999913, -7.781456099999962 ] ] ], [ [ [ 110.440568199999873, -7.781450799999951 ], [ 110.440556200000046, -7.781528299999948 ], [ 110.440497700000179, -7.781519399999857 ], [ 110.440509599999984, -7.781441899999943 ], [ 110.440568199999873, -7.781450799999951 ] ] ], [ [ [ 110.441760399999978, -7.781450399999914 ], [ 110.441755900000231, -7.781501299999933 ], [ 110.441668300000032, -7.781493699999948 ], [ 110.441672800000077, -7.781442799999935 ], [ 110.441760399999978, -7.781450399999914 ] ] ], [ [ [ 110.439965399999934, -7.7814577 ], [ 110.43993890000003, -7.7815383 ], [ 110.439832600000116, -7.781503900000015 ], [ 110.439859200000114, -7.781423299999989 ], [ 110.439965399999934, -7.7814577 ] ] ], [ [ [ 110.440502099999975, -7.781429199999963 ], [ 110.440491100000017, -7.781514700000012 ], [ 110.440387799999968, -7.7815017 ], [ 110.440398800000168, -7.781416199999855 ], [ 110.440502099999975, -7.781429199999963 ] ] ], [ [ [ 110.44197750000005, -7.7814202 ], [ 110.441973200000049, -7.7814694 ], [ 110.441896500000041, -7.7814628 ], [ 110.441900800000042, -7.7814136 ], [ 110.44197750000005, -7.7814202 ] ] ], [ [ [ 110.441812300000066, -7.781493299999926 ], [ 110.441786500000092, -7.781491100000023 ], [ 110.441793500000102, -7.781411 ], [ 110.441819300000105, -7.781413199999946 ], [ 110.441812300000066, -7.781493299999926 ] ] ], [ [ [ 110.440300300000018, -7.781409299999976 ], [ 110.440296300000213, -7.781447499999964 ], [ 110.44019110000022, -7.781436599999956 ], [ 110.440195100000011, -7.781398399999898 ], [ 110.440300300000018, -7.781409299999976 ] ] ], [ [ [ 110.442076299999968, -7.781399499999964 ], [ 110.442072399999986, -7.781442799999919 ], [ 110.442020399999961, -7.7814383 ], [ 110.4420242, -7.781395 ], [ 110.442076299999968, -7.781399499999964 ] ] ], [ [ [ 110.44241900474259, -7.781369664008079 ], [ 110.442517900954712, -7.781391478000886 ], [ 110.442519310492713, -7.781384334205952 ], [ 110.442656610489394, -7.781410934211078 ], [ 110.442643410487079, -7.781477934210278 ], [ 110.442556699392583, -7.781461071967239 ], [ 110.442549157954403, -7.781496708965219 ], [ 110.442461257960318, -7.781478408967074 ], [ 110.442470848396624, -7.781433089447292 ], [ 110.442407904744243, -7.781419264008375 ], [ 110.44241900474259, -7.781369664008079 ] ] ], [ [ [ 110.440684000000132, -7.781373 ], [ 110.44067200000022, -7.781453 ], [ 110.440583600000181, -7.78144 ], [ 110.440595600000023, -7.78136 ], [ 110.440684000000132, -7.781373 ] ] ], [ [ [ 110.44028380000006, -7.781360699999889 ], [ 110.4402797, -7.781401099999937 ], [ 110.440200700000133, -7.781393099999968 ], [ 110.440204800000103, -7.781352799999946 ], [ 110.44028380000006, -7.781360699999889 ] ] ], [ [ [ 110.442293800000115, -7.781347 ], [ 110.442287, -7.781424199999882 ], [ 110.4421971, -7.781416499999958 ], [ 110.442203900000123, -7.781339199999889 ], [ 110.442293800000115, -7.781347 ] ] ], [ [ [ 110.441864900000141, -7.7813374 ], [ 110.441860600000155, -7.781387 ], [ 110.441789100000094, -7.781380899999958 ], [ 110.441793500000102, -7.781331199999935 ], [ 110.441864900000141, -7.7813374 ] ] ], [ [ [ 110.442726490419332, -7.781346468412936 ], [ 110.442719846995473, -7.781421724690865 ], [ 110.442591300000032, -7.781394899999966 ], [ 110.442606800000078, -7.781321599999847 ], [ 110.442726490419332, -7.781346468412936 ] ] ], [ [ [ 110.440014100000184, -7.78131659999995 ], [ 110.440007700000052, -7.7813643 ], [ 110.439972400000073, -7.781359699999896 ], [ 110.439978699999969, -7.781311999999842 ], [ 110.440014100000184, -7.78131659999995 ] ] ], [ [ [ 110.441903499999881, -7.78131 ], [ 110.44196710000007, -7.781315499999943 ], [ 110.44196249999996, -7.781368399999985 ], [ 110.4418988, -7.781362899999979 ], [ 110.441903499999881, -7.78131 ] ] ], [ [ [ 110.441531700000127, -7.781327800000015 ], [ 110.441507400000049, -7.7814136 ], [ 110.441434700000087, -7.781393400000105 ], [ 110.441458999999881, -7.781307699999832 ], [ 110.441531700000127, -7.781327800000015 ] ] ], [ [ [ 110.440199300000174, -7.781312799999909 ], [ 110.440180300000222, -7.781424500000015 ], [ 110.440138999999888, -7.781417599999969 ], [ 110.440158000000139, -7.78130589999996 ], [ 110.440199300000174, -7.781312799999909 ] ] ], [ [ [ 110.441066900000038, -7.781315399999961 ], [ 110.441057300000153, -7.781424899999966 ], [ 110.44094040000013, -7.781414900000104 ], [ 110.440946798506033, -7.781341917042563 ], [ 110.440963458296551, -7.781312383768434 ], [ 110.440966078737475, -7.781306775426614 ], [ 110.441066900000038, -7.781315399999961 ] ] ], [ [ [ 110.440150800000097, -7.781308399999975 ], [ 110.440130200000141, -7.7814264 ], [ 110.440012800000119, -7.781406300000105 ], [ 110.440033400000132, -7.781288299999913 ], [ 110.440150800000097, -7.781308399999975 ] ] ], [ [ [ 110.439003900000117, -7.781477100000013 ], [ 110.438925900000015, -7.781495599999945 ], [ 110.438879099999937, -7.781301599999963 ], [ 110.438957100000081, -7.781283 ], [ 110.439003900000117, -7.781477100000013 ] ] ], [ [ [ 110.4405942, -7.781285499999974 ], [ 110.440578100000081, -7.78141269999993 ], [ 110.440502400000042, -7.781403299999817 ], [ 110.440518500000124, -7.781276099999983 ], [ 110.4405942, -7.781285499999974 ] ] ], [ [ [ 110.441435800000178, -7.781299699999988 ], [ 110.441405700000161, -7.781402299999866 ], [ 110.441321400000135, -7.781378099999978 ], [ 110.441351500000124, -7.781275399999939 ], [ 110.441435800000178, -7.781299699999988 ] ] ], [ [ [ 110.442409800000135, -7.781295899999903 ], [ 110.442402400000205, -7.78133119999993 ], [ 110.442303700000039, -7.7813107 ], [ 110.442311200000034, -7.781275399999932 ], [ 110.442409800000135, -7.781295899999903 ] ] ], [ [ [ 110.440204, -7.7812676 ], [ 110.440197700000056, -7.781305199999909 ], [ 110.440177199999951, -7.7813018 ], [ 110.440183400000109, -7.781264299999983 ], [ 110.440204, -7.7812676 ] ] ], [ [ [ 110.441903499999881, -7.78131 ], [ 110.441801800000079, -7.781301199999934 ], [ 110.441806899999889, -7.781243499999968 ], [ 110.441908500000039, -7.781252299999951 ], [ 110.441903499999881, -7.78131 ] ] ], [ [ [ 110.440351700000178, -7.781253199999869 ], [ 110.44033840000003, -7.781362599999957 ], [ 110.440199000000163, -7.781345899999988 ], [ 110.440212400000021, -7.781236499999978 ], [ 110.440351700000178, -7.781253199999869 ] ] ], [ [ [ 110.44273644787792, -7.781233670963169 ], [ 110.442727604370589, -7.781333849644792 ], [ 110.442708802139961, -7.781331491452218 ], [ 110.442709008259072, -7.781330519226987 ], [ 110.442641200000082, -7.781316399999866 ], [ 110.442657200000156, -7.781240900000015 ], [ 110.442725013071751, -7.781254930320301 ], [ 110.442729802141784, -7.781232291452709 ], [ 110.44273644787792, -7.781233670963169 ] ] ], [ [ [ 110.440501100000091, -7.7813696 ], [ 110.440497000000136, -7.781397999999865 ], [ 110.4404008, -7.781384399999967 ], [ 110.440404900000132, -7.78135599999981 ], [ 110.440423199999955, -7.781229100000012 ], [ 110.440519400000127, -7.781242699999961 ], [ 110.440501100000091, -7.7813696 ] ] ], [ [ [ 110.440757549035268, -7.781327569100326 ], [ 110.440748834741086, -7.781346740539964 ], [ 110.440639500000202, -7.781318299999888 ], [ 110.440663800000081, -7.781226199999911 ], [ 110.440795105062548, -7.781260332111581 ], [ 110.440760930223391, -7.781320914761852 ], [ 110.440757549035268, -7.781327569100326 ] ] ], [ [ [ 110.44018540000009, -7.781226599999985 ], [ 110.440174500000111, -7.781304 ], [ 110.440120199999939, -7.7812965 ], [ 110.440063100000103, -7.781288499999951 ], [ 110.440074100000089, -7.781211099999907 ], [ 110.440131199999954, -7.781219099999989 ], [ 110.44018540000009, -7.781226599999985 ] ] ], [ [ [ 110.439970300000041, -7.781213499999859 ], [ 110.439951600000128, -7.7813405 ], [ 110.439902600000138, -7.781333399999917 ], [ 110.4399213, -7.781206399999985 ], [ 110.439970300000041, -7.781213499999859 ] ] ], [ [ [ 110.44132360000016, -7.781249599999937 ], [ 110.441277100000022, -7.781389299999941 ], [ 110.441144900000083, -7.781346100000059 ], [ 110.441191400000193, -7.7812064 ], [ 110.44132360000016, -7.781249599999937 ] ] ], [ [ [ 110.442578028939423, -7.781304744061425 ], [ 110.442567128939231, -7.781358444061222 ], [ 110.442492228943152, -7.781343544060289 ], [ 110.442499503818084, -7.781308029446273 ], [ 110.442460200000099, -7.781300199999905 ], [ 110.442479500000033, -7.781205500000014 ], [ 110.442529600000071, -7.781215599999953 ], [ 110.442526124215775, -7.781232725482317 ], [ 110.442577097068224, -7.781243268429865 ], [ 110.44256468856311, -7.781302086687721 ], [ 110.442578028939423, -7.781304744061425 ] ] ], [ [ [ 110.430688500000016, -7.781205 ], [ 110.430670799999959, -7.781299099999916 ], [ 110.430579400000042, -7.781282199999948 ], [ 110.430597099999986, -7.781188099999973 ], [ 110.430688500000016, -7.781205 ] ] ], [ [ [ 110.440030299999961, -7.781201799999963 ], [ 110.440017200000227, -7.781296 ], [ 110.439968700000108, -7.7812893 ], [ 110.439981800000169, -7.781195199999951 ], [ 110.440030299999961, -7.781201799999963 ] ] ], [ [ [ 110.44006920000011, -7.781199799999989 ], [ 110.440056300000094, -7.781284299999949 ], [ 110.440025500000203, -7.78127969999994 ], [ 110.440038400000191, -7.781195199999952 ], [ 110.44006920000011, -7.781199799999989 ] ] ], [ [ [ 110.441467200000119, -7.781199100000014 ], [ 110.441438800000057, -7.781295099999962 ], [ 110.4413567000001, -7.781271299999934 ], [ 110.441385100000062, -7.7811753 ], [ 110.441467200000119, -7.781199100000014 ] ] ], [ [ [ 110.430594699999972, -7.781163799999937 ], [ 110.4305756, -7.781273299999947 ], [ 110.430531600000023, -7.781265799999947 ], [ 110.430550699999984, -7.781156299999938 ], [ 110.430594699999972, -7.781163799999937 ] ] ], [ [ [ 110.439666100000167, -7.781197 ], [ 110.43964743906065, -7.781236755914497 ], [ 110.43958223986138, -7.781168823080812 ], [ 110.439586299999974, -7.781160199999989 ], [ 110.439666100000167, -7.781197 ] ] ], [ [ [ 110.439712099999937, -7.781168399999924 ], [ 110.439696100000035, -7.781203499999902 ], [ 110.439664799999917, -7.781189499999935 ], [ 110.4396809, -7.781154399999965 ], [ 110.439712099999937, -7.781168399999924 ] ] ], [ [ [ 110.4403677, -7.781170599999947 ], [ 110.4403582, -7.781241399999923 ], [ 110.44021479999995, -7.781222499999884 ], [ 110.440224400000119, -7.7811517 ], [ 110.4403677, -7.781170599999947 ] ] ], [ [ [ 110.441947900000102, -7.78122 ], [ 110.441898800000033, -7.781223599999989 ], [ 110.441893400000097, -7.781151800000017 ], [ 110.44194250000001, -7.781148199999978 ], [ 110.441947900000102, -7.78122 ] ] ], [ [ [ 110.442644000000129, -7.781156399999942 ], [ 110.442635700000054, -7.7811957 ], [ 110.442530800000014, -7.78117389999996 ], [ 110.442539200000155, -7.7811346 ], [ 110.442644000000129, -7.781156399999942 ] ] ], [ [ [ 110.44179390000015, -7.781132699999938 ], [ 110.441788100000011, -7.781198399999957 ], [ 110.441718, -7.781192299999975 ], [ 110.44172380000019, -7.78112659999993 ], [ 110.44179390000015, -7.781132699999938 ] ] ], [ [ [ 110.43917340000003, -7.781175 ], [ 110.439120700000018, -7.781187699999869 ], [ 110.43910730000006, -7.781133199999894 ], [ 110.439160000000172, -7.7811205 ], [ 110.43917340000003, -7.781175 ] ] ], [ [ [ 110.440214100000063, -7.781119599999983 ], [ 110.440205900000095, -7.78116919999994 ], [ 110.440165900000096, -7.781162699999935 ], [ 110.440174100000036, -7.7811131 ], [ 110.440214100000063, -7.781119599999983 ] ] ], [ [ [ 110.441880200000227, -7.781112099999919 ], [ 110.441877500000132, -7.781212399999971 ], [ 110.441824300000164, -7.781211 ], [ 110.441827000000217, -7.781110699999886 ], [ 110.441880200000227, -7.781112099999919 ] ] ], [ [ [ 110.441193000000212, -7.781127599999963 ], [ 110.441162800000043, -7.781235899999954 ], [ 110.441096100000138, -7.78121759999994 ], [ 110.441126299999965, -7.78110929999996 ], [ 110.441193000000212, -7.781127599999963 ] ] ], [ [ [ 110.442072200000069, -7.7811132 ], [ 110.442067100000173, -7.781171799999956 ], [ 110.441976100000119, -7.781163899999934 ], [ 110.44198129999991, -7.781105300000065 ], [ 110.442072200000069, -7.7811132 ] ] ], [ [ [ 110.43968430000001, -7.781126599999967 ], [ 110.439661400000077, -7.781183199999924 ], [ 110.439591800000088, -7.781155599999973 ], [ 110.439614600000127, -7.781099 ], [ 110.43968430000001, -7.781126599999967 ] ] ], [ [ [ 110.439298199999953, -7.781253399999962 ], [ 110.43922419999997, -7.781271699999983 ], [ 110.439184399999974, -7.781113599999945 ], [ 110.439258400000128, -7.78109529999993 ], [ 110.439298199999953, -7.781253399999962 ] ] ], [ [ [ 110.440629400000063, -7.781106899999937 ], [ 110.440617100000026, -7.781149399999903 ], [ 110.440566400000208, -7.781135 ], [ 110.44057880000004, -7.781092499999947 ], [ 110.440629400000063, -7.781106899999937 ] ] ], [ [ [ 110.4398641, -7.781088100000074 ], [ 110.439856900000095, -7.781169099999936 ], [ 110.439780099999879, -7.7811625 ], [ 110.439787199999913, -7.781081399999954 ], [ 110.4398641, -7.781088100000074 ] ] ], [ [ [ 110.439577900000103, -7.78108489999985 ], [ 110.439563080856047, -7.781148860787837 ], [ 110.439550191149266, -7.781135430648808 ], [ 110.439560786258738, -7.781081001307331 ], [ 110.439577900000103, -7.78108489999985 ] ] ], [ [ [ 110.442654700000176, -7.781092400000074 ], [ 110.442649100000196, -7.7811186 ], [ 110.442557700000108, -7.781099599999934 ], [ 110.442563299999918, -7.781073399999902 ], [ 110.442654700000176, -7.781092400000074 ] ] ], [ [ [ 110.441036458231892, -7.781067830136409 ], [ 110.441096000000115, -7.781072999999853 ], [ 110.441085400000034, -7.781192999999872 ], [ 110.441011909256233, -7.781186722866746 ], [ 110.441023879798237, -7.781154973739552 ], [ 110.4410279253092, -7.781140135961289 ], [ 110.441028685255603, -7.78113496050238 ], [ 110.441036458231892, -7.781067830136409 ] ] ], [ [ [ 110.44002860000009, -7.7810714 ], [ 110.440007700000038, -7.781189799999965 ], [ 110.439955400000073, -7.7811807 ], [ 110.439976300000012, -7.781062399999982 ], [ 110.44002860000009, -7.7810714 ] ] ], [ [ [ 110.44083740000022, -7.781106799999914 ], [ 110.440796400000039, -7.781222099999872 ], [ 110.440650200000022, -7.781171 ], [ 110.440691200000202, -7.781055699999954 ], [ 110.44083740000022, -7.781106799999914 ] ] ], [ [ [ 110.441388500000144, -7.781052199999937 ], [ 110.441451599999965, -7.781057599999904 ], [ 110.441444800000028, -7.781134599999971 ], [ 110.441381700000036, -7.781129099999964 ], [ 110.441388500000144, -7.781052199999937 ] ] ], [ [ [ 110.441622500000079, -7.781058799999937 ], [ 110.441615, -7.781119 ], [ 110.44155, -7.781111 ], [ 110.441557500000116, -7.781050899999924 ], [ 110.441622500000079, -7.781058799999937 ] ] ], [ [ [ 110.440477200000075, -7.781058599999929 ], [ 110.440470499999961, -7.781087500000027 ], [ 110.440424500000162, -7.781077099999958 ], [ 110.440431200000205, -7.781048199999938 ], [ 110.440477200000075, -7.781058599999929 ] ] ], [ [ [ 110.44085990871001, -7.781094499465111 ], [ 110.44085410000018, -7.781110099999928 ], [ 110.440785600000112, -7.781085 ], [ 110.44079960000002, -7.781047399999986 ], [ 110.440862685737358, -7.781070516087611 ], [ 110.44085990871001, -7.781094499465111 ] ] ], [ [ [ 110.440156599999938, -7.781053499999945 ], [ 110.440136, -7.781188099999898 ], [ 110.440049400000035, -7.781175099999966 ], [ 110.440070000000134, -7.781040499999955 ], [ 110.440156599999938, -7.781053499999945 ] ] ], [ [ [ 110.440061700000157, -7.781029099999973 ], [ 110.440058300000047, -7.781054499999953 ], [ 110.440010199999989, -7.78104819999996 ], [ 110.440013600000086, -7.7810228 ], [ 110.440061700000157, -7.781029099999973 ] ] ], [ [ [ 110.440680799999981, -7.781053399999931 ], [ 110.4406588, -7.781112699999975 ], [ 110.440574400000116, -7.781082100000023 ], [ 110.440596400000075, -7.78102269999997 ], [ 110.440680799999981, -7.781053399999931 ] ] ], [ [ [ 110.441219, -7.781036199999944 ], [ 110.441201000000149, -7.781088 ], [ 110.44115830000014, -7.781073500000016 ], [ 110.441176300000222, -7.781021599999983 ], [ 110.441219, -7.781036199999944 ] ] ], [ [ [ 110.440427400000061, -7.78102979999993 ], [ 110.44042020000019, -7.781069799999971 ], [ 110.440349199999972, -7.781057299999988 ], [ 110.440356500000078, -7.781017199999951 ], [ 110.440427400000061, -7.78102979999993 ] ] ], [ [ [ 110.440350900000013, -7.781016199999953 ], [ 110.440342100000123, -7.78106239999997 ], [ 110.440285900000063, -7.781051899999893 ], [ 110.440294700000081, -7.7810057 ], [ 110.440350900000013, -7.781016199999953 ] ] ], [ [ [ 110.441868700000015, -7.78101369999995 ], [ 110.441863199999929, -7.781076099999964 ], [ 110.441785300000134, -7.781069399999947 ], [ 110.441790800000049, -7.781007 ], [ 110.441868700000015, -7.78101369999995 ] ] ], [ [ [ 110.442749576051042, -7.781084955864534 ], [ 110.442740475157251, -7.781188050202722 ], [ 110.442644805400676, -7.781168127220887 ], [ 110.44266100540041, -7.78109152722107 ], [ 110.442666684206458, -7.781092703964037 ], [ 110.442680301573901, -7.78100787730667 ], [ 110.442759939620885, -7.781020379624448 ], [ 110.442750377200611, -7.781078601616309 ], [ 110.442749576051042, -7.781084955864534 ] ] ], [ [ [ 110.441694300000066, -7.780999599999944 ], [ 110.441686200000021, -7.781092099999921 ], [ 110.441648599999922, -7.781088799999863 ], [ 110.441656699999982, -7.780996399999941 ], [ 110.441694300000066, -7.780999599999944 ] ] ], [ [ [ 110.438994100000016, -7.780991 ], [ 110.439006000000219, -7.781080399999956 ], [ 110.438978, -7.7810841 ], [ 110.438974900000034, -7.781060799999914 ], [ 110.438926399999929, -7.781067099999988 ], [ 110.438932900000211, -7.781115399999896 ], [ 110.438874900000144, -7.781123 ], [ 110.438859700000179, -7.781008699999969 ], [ 110.438917600000181, -7.781001099999954 ], [ 110.438994100000016, -7.780991 ] ] ], [ [ [ 110.44070750000013, -7.780999099999983 ], [ 110.440690700000175, -7.781049099999958 ], [ 110.440627400000082, -7.7810282 ], [ 110.440644200000051, -7.780978099999944 ], [ 110.44070750000013, -7.780999099999983 ] ] ], [ [ [ 110.439751000000214, -7.781031599999984 ], [ 110.439707500000068, -7.781126599999968 ], [ 110.439577400000076, -7.781068199999909 ], [ 110.439620900000108, -7.780973099999878 ], [ 110.439751000000214, -7.781031599999984 ] ] ], [ [ [ 110.440593400000111, -7.780986699999931 ], [ 110.440587100000172, -7.781015599999919 ], [ 110.440526300000116, -7.781002700000026 ], [ 110.440532599999955, -7.780973700000013 ], [ 110.440593400000111, -7.780986699999931 ] ] ], [ [ [ 110.441778100000121, -7.7809798 ], [ 110.441770599999884, -7.781046099999958 ], [ 110.441698200000033, -7.781038199999856 ], [ 110.441705700000028, -7.780971799999946 ], [ 110.441778100000121, -7.7809798 ] ] ], [ [ [ 110.44163780000018, -7.780971499999989 ], [ 110.4416326, -7.781030899999945 ], [ 110.4415817, -7.781026499999933 ], [ 110.441587, -7.78096710000001 ], [ 110.44163780000018, -7.780971499999989 ] ] ], [ [ [ 110.441036458231892, -7.781067830136409 ], [ 110.44104853953489, -7.780963491430095 ], [ 110.441110700000095, -7.78096889999996 ], [ 110.441101500000073, -7.78107339999992 ], [ 110.441036458231892, -7.781067830136409 ] ] ], [ [ [ 110.438469899999987, -7.780980599999954 ], [ 110.438453000000166, -7.781063799999917 ], [ 110.438341399999956, -7.781041499999965 ], [ 110.438358299999962, -7.780958299999891 ], [ 110.438469899999987, -7.780980599999954 ] ] ], [ [ [ 110.44052500000015, -7.780972 ], [ 110.440507500000095, -7.781058500000015 ], [ 110.440439900000015, -7.781045100000061 ], [ 110.440457400000042, -7.780958600000021 ], [ 110.44052500000015, -7.780972 ] ] ], [ [ [ 110.438578900000039, -7.780966499999952 ], [ 110.438557499999973, -7.781058799999929 ], [ 110.438479, -7.781040899999985 ], [ 110.438500400000024, -7.7809486 ], [ 110.438578900000039, -7.780966499999952 ] ] ], [ [ [ 110.439408677766806, -7.780960683516093 ], [ 110.439393410077741, -7.781039119544189 ], [ 110.439338600000198, -7.781025099999912 ], [ 110.439358700000099, -7.780947900000019 ], [ 110.439408677766806, -7.780960683516093 ] ] ], [ [ [ 110.44209550000005, -7.7809628 ], [ 110.442080500000088, -7.781033599999968 ], [ 110.441960900000112, -7.781008699999963 ], [ 110.441975900000102, -7.780937899999987 ], [ 110.44209550000005, -7.7809628 ] ] ], [ [ [ 110.438345500000025, -7.780935299999948 ], [ 110.4383327, -7.7809906 ], [ 110.4382704, -7.780976499999978 ], [ 110.4382833, -7.780921100000019 ], [ 110.438345500000025, -7.780935299999948 ] ] ], [ [ [ 110.440432899999891, -7.7809466 ], [ 110.440417699999841, -7.78102269999996 ], [ 110.440296499999974, -7.780998799999969 ], [ 110.440311700000066, -7.78092269999997 ], [ 110.440432899999891, -7.7809466 ] ] ], [ [ [ 110.440825200000106, -7.780945699999973 ], [ 110.440787200000159, -7.781074399999977 ], [ 110.440698200000085, -7.7810486 ], [ 110.4407362, -7.78091990000001 ], [ 110.440825200000106, -7.780945699999973 ] ] ], [ [ [ 110.441388500000144, -7.781052199999937 ], [ 110.441323400000044, -7.781046599999925 ], [ 110.441334800000064, -7.780916700000012 ], [ 110.441399900000022, -7.780922299999936 ], [ 110.441388500000144, -7.781052199999937 ] ] ], [ [ [ 110.440556, -7.780917399999983 ], [ 110.440545000000185, -7.780965899999901 ], [ 110.440508500000178, -7.780957799999918 ], [ 110.440519500000192, -7.7809093 ], [ 110.440556, -7.780917399999983 ] ] ], [ [ [ 110.438240899999968, -7.780921299999947 ], [ 110.438222, -7.781003 ], [ 110.438137600000033, -7.780983799999927 ], [ 110.4381566, -7.780902099999933 ], [ 110.438240899999968, -7.780921299999947 ] ] ], [ [ [ 110.439783800000086, -7.780934099999945 ], [ 110.439767000000174, -7.780968799999856 ], [ 110.439699199999922, -7.780936499999964 ], [ 110.439715999999891, -7.780901899999914 ], [ 110.439783800000086, -7.780934099999945 ] ] ], [ [ [ 110.440271200000097, -7.7809198 ], [ 110.440256900000179, -7.781004299999971 ], [ 110.440143299999889, -7.780985500000026 ], [ 110.440157600000106, -7.78090099999987 ], [ 110.440271200000097, -7.7809198 ] ] ], [ [ [ 110.441874, -7.780895399999939 ], [ 110.441941300000067, -7.780909399999938 ], [ 110.441933000000105, -7.780948499999978 ], [ 110.441865700000037, -7.780934599999955 ], [ 110.441874, -7.780895399999939 ] ] ], [ [ [ 110.442764543556109, -7.780894473555676 ], [ 110.442760343554454, -7.780978773555455 ], [ 110.442611343560614, -7.780971573552382 ], [ 110.44261334356132, -7.780932273552506 ], [ 110.442690143558238, -7.780935973554044 ], [ 110.442692343558974, -7.780890973554231 ], [ 110.442764543556109, -7.780894473555676 ] ] ], [ [ [ 110.4412441, -7.780893499999958 ], [ 110.441238300000165, -7.780959199999964 ], [ 110.441168100000056, -7.780953099999961 ], [ 110.44117390000001, -7.780887399999985 ], [ 110.4412441, -7.780893499999958 ] ] ], [ [ [ 110.441795199999973, -7.780899099999953 ], [ 110.441788100000011, -7.780932599999979 ], [ 110.4417193, -7.780918299999969 ], [ 110.441726399999979, -7.780884799999936 ], [ 110.441795199999973, -7.780899099999953 ] ] ], [ [ [ 110.439145, -7.780880899999946 ], [ 110.439212900000101, -7.781046 ], [ 110.43916850000015, -7.781063899999907 ], [ 110.439140700000067, -7.780996200000013 ], [ 110.439127200000115, -7.781001600000021 ], [ 110.43911490000005, -7.780971599999906 ], [ 110.439128400000229, -7.780966200000025 ], [ 110.439100600000046, -7.780898799999957 ], [ 110.439145, -7.780880899999946 ] ] ], [ [ [ 110.438090699999975, -7.78089139999996 ], [ 110.438073499999973, -7.780965699999985 ], [ 110.438006899999962, -7.780950499999961 ], [ 110.438024099999978, -7.780876199999943 ], [ 110.438090699999975, -7.78089139999996 ] ] ], [ [ [ 110.440403599999954, -7.780891299999925 ], [ 110.440394500000167, -7.780935199999947 ], [ 110.440316800000133, -7.780919299999944 ], [ 110.440325900000062, -7.780875399999925 ], [ 110.440403599999954, -7.780891299999925 ] ] ], [ [ [ 110.440149499999876, -7.780893399999949 ], [ 110.440131, -7.780993500000061 ], [ 110.440022500000026, -7.780973799999933 ], [ 110.440041, -7.780873800000013 ], [ 110.440149499999876, -7.780893399999949 ] ] ], [ [ [ 110.4400275, -7.78088 ], [ 110.440000300000051, -7.780987199999986 ], [ 110.439928900000183, -7.780969400000023 ], [ 110.439956000000123, -7.780862199999938 ], [ 110.4400275, -7.78088 ] ] ], [ [ [ 110.438016300000029, -7.7808728 ], [ 110.437999599999984, -7.780944700000021 ], [ 110.4379291, -7.7809286 ], [ 110.437945799999966, -7.780856799999946 ], [ 110.438016300000029, -7.7808728 ] ] ], [ [ [ 110.441131499999941, -7.780860299999953 ], [ 110.4411256, -7.7809273 ], [ 110.441053456083935, -7.780921030250621 ], [ 110.441054749300193, -7.780909861545412 ], [ 110.441062425632737, -7.780854377053021 ], [ 110.441131499999941, -7.780860299999953 ] ] ], [ [ [ 110.439944900000128, -7.78086049999996 ], [ 110.439906900000139, -7.780960799999979 ], [ 110.439871199999942, -7.7809476 ], [ 110.43990920000013, -7.780847300000031 ], [ 110.439944900000128, -7.78086049999996 ] ] ], [ [ [ 110.43942933129884, -7.780854578328207 ], [ 110.439411179671453, -7.780947830263432 ], [ 110.439351600000052, -7.780933899999983 ], [ 110.439373500000059, -7.780841599999897 ], [ 110.43942933129884, -7.780854578328207 ] ] ], [ [ [ 110.439792599796647, -7.780840927692557 ], [ 110.439852946450742, -7.780866041467429 ], [ 110.439852970990941, -7.780865988559805 ], [ 110.439854615300462, -7.780866735973378 ], [ 110.439858199797001, -7.7808682276918 ], [ 110.439858150859138, -7.780868343045658 ], [ 110.439870570990749, -7.7808739885602 ], [ 110.43985977099014, -7.780897488559884 ], [ 110.43984803621629, -7.780892184707109 ], [ 110.439846675421052, -7.780895392295969 ], [ 110.439878058129665, -7.780909009505885 ], [ 110.439862258129068, -7.780944809505668 ], [ 110.439827358129193, -7.780929709505294 ], [ 110.439827560871635, -7.780929253016033 ], [ 110.43976599979743, -7.780903727692952 ], [ 110.439792599796647, -7.780840927692557 ] ] ], [ [ [ 110.442072300000092, -7.7808651 ], [ 110.442056400000084, -7.780940599999945 ], [ 110.441946499999887, -7.780917799999976 ], [ 110.44196249999996, -7.78084219999998 ], [ 110.442072300000092, -7.7808651 ] ] ], [ [ [ 110.437940199999957, -7.780855600000019 ], [ 110.437921099999983, -7.780937899999949 ], [ 110.4378302, -7.780917199999971 ], [ 110.437849299999982, -7.780834899999959 ], [ 110.437940199999957, -7.780855600000019 ] ] ], [ [ [ 110.4307626, -7.780823499999896 ], [ 110.4307486, -7.780945800000026 ], [ 110.430638899999977, -7.780933499999984 ], [ 110.430652899999984, -7.780811099999974 ], [ 110.4307626, -7.780823499999896 ] ] ], [ [ [ 110.440268800000027, -7.7808361 ], [ 110.440254400000143, -7.78090060000001 ], [ 110.440170400000142, -7.7808822 ], [ 110.44018480000004, -7.7808177 ], [ 110.440268800000027, -7.7808361 ] ] ], [ [ [ 110.440889899681821, -7.78084412590252 ], [ 110.440882, -7.780924099999982 ], [ 110.4408796659323, -7.780923869198999 ], [ 110.440819300000143, -7.780917900000018 ], [ 110.440725, -7.780904499999979 ], [ 110.440738500000208, -7.780811600000024 ], [ 110.440832799999924, -7.780825 ], [ 110.440891700000094, -7.780825899999952 ], [ 110.440889899681821, -7.78084412590252 ] ] ], [ [ [ 110.440717800000087, -7.78081629999993 ], [ 110.440704400000044, -7.7809671 ], [ 110.440628799999914, -7.7809605 ], [ 110.440642200000127, -7.780809799999931 ], [ 110.440717800000087, -7.78081629999993 ] ] ], [ [ [ 110.440534300000195, -7.780825899999963 ], [ 110.440503899999982, -7.780956899999867 ], [ 110.440427, -7.780939399999928 ], [ 110.440457400000042, -7.7808084 ], [ 110.440534300000195, -7.780825899999963 ] ] ], [ [ [ 110.4378173, -7.780833099999928 ], [ 110.437798400000034, -7.780914699999929 ], [ 110.437675884860312, -7.780886777944873 ], [ 110.437681673008612, -7.780861310038917 ], [ 110.437682305948414, -7.78085831179739 ], [ 110.437692762554576, -7.780804695027963 ], [ 110.4378173, -7.780833099999928 ] ] ], [ [ [ 110.441874, -7.780895399999939 ], [ 110.441749800000039, -7.780869599999929 ], [ 110.441764, -7.780802399999969 ], [ 110.441888200000122, -7.780828199999963 ], [ 110.441874, -7.780895399999939 ] ] ], [ [ [ 110.439627900000147, -7.780785699999881 ], [ 110.439603099999957, -7.780884699999935 ], [ 110.43959918426836, -7.780883742527607 ], [ 110.439618706619157, -7.780783452039964 ], [ 110.439627900000147, -7.780785699999881 ] ] ], [ [ [ 110.439779100000067, -7.780834799999965 ], [ 110.439744000000161, -7.780909599999867 ], [ 110.439625800000059, -7.780855099999968 ], [ 110.43966089999995, -7.780780399999927 ], [ 110.439779100000067, -7.780834799999965 ] ] ], [ [ [ 110.439901163212042, -7.780803680358083 ], [ 110.439882163211465, -7.780865680357813 ], [ 110.43983686321171, -7.78085198035745 ], [ 110.439836878573971, -7.78085193030894 ], [ 110.439798115433362, -7.780840477563385 ], [ 110.439817115433087, -7.780777277563107 ], [ 110.439856715433407, -7.780788977562736 ], [ 110.439856340792474, -7.780790223737218 ], [ 110.439901163212042, -7.780803680358083 ] ] ], [ [ [ 110.441481, -7.780811699999942 ], [ 110.441457700000072, -7.7809028 ], [ 110.44132830000018, -7.780870199999965 ], [ 110.441351600000033, -7.780779099999958 ], [ 110.441481, -7.780811699999942 ] ] ], [ [ [ 110.441736500000019, -7.780798 ], [ 110.441723800000204, -7.780858199999957 ], [ 110.441617100000101, -7.780836 ], [ 110.441629899999967, -7.78077579999998 ], [ 110.441736500000019, -7.780798 ] ] ], [ [ [ 110.440009600000025, -7.780796600000023 ], [ 110.439999100000051, -7.780835200000081 ], [ 110.439909600000107, -7.780811399999977 ], [ 110.439920099999895, -7.780772799999908 ], [ 110.440009600000025, -7.780796600000023 ] ] ], [ [ [ 110.44044910000008, -7.7807887 ], [ 110.440425700000091, -7.7808888 ], [ 110.440327300000121, -7.78086619999997 ], [ 110.44035070000011, -7.780766099999976 ], [ 110.44044910000008, -7.7807887 ] ] ], [ [ [ 110.439446010958363, -7.780768888461225 ], [ 110.439432099672388, -7.780840356121639 ], [ 110.439388300000047, -7.7808319 ], [ 110.43940230000014, -7.780760499999958 ], [ 110.439446010958363, -7.780768888461225 ] ] ], [ [ [ 110.440147000000124, -7.780744 ], [ 110.440138700000119, -7.780797799999843 ], [ 110.440093800000156, -7.780791 ], [ 110.44010219999987, -7.780737199999985 ], [ 110.440147000000124, -7.780744 ] ] ], [ [ [ 110.440756899999968, -7.78073869999993 ], [ 110.440750100000116, -7.780777599999953 ], [ 110.440707, -7.780770199999941 ], [ 110.440713800000111, -7.780731299999936 ], [ 110.440756899999968, -7.78073869999993 ] ] ], [ [ [ 110.440339099999932, -7.780758099999835 ], [ 110.440322900000112, -7.78084139999997 ], [ 110.440278300000145, -7.780833499999924 ], [ 110.440183500000131, -7.78081109999989 ], [ 110.440203, -7.780730099999921 ], [ 110.440297800000153, -7.780752500000011 ], [ 110.440339099999932, -7.780758099999835 ] ] ], [ [ [ 110.440065500000031, -7.780732199999934 ], [ 110.440052300000147, -7.780813199999964 ], [ 110.44002060000004, -7.780808199999976 ], [ 110.440033799999895, -7.780727099999962 ], [ 110.440065500000031, -7.780732199999934 ] ] ], [ [ [ 110.442807201265254, -7.780732621192315 ], [ 110.442788560307164, -7.780846118997273 ], [ 110.442684200000073, -7.7808393 ], [ 110.442691899999915, -7.780725 ], [ 110.442807201265254, -7.780732621192315 ] ] ], [ [ [ 110.4307735, -7.780700299999963 ], [ 110.430762700000017, -7.780789799999972 ], [ 110.430653699999965, -7.780776899999982 ], [ 110.430664499999963, -7.78068739999995 ], [ 110.4307735, -7.780700299999963 ] ] ], [ [ [ 110.442379100000039, -7.780695899999937 ], [ 110.442375900000187, -7.780754799999849 ], [ 110.442313000000127, -7.780751499999984 ], [ 110.44231610000007, -7.780692499999983 ], [ 110.442379100000039, -7.780695899999937 ] ] ], [ [ [ 110.442645300000052, -7.780701799999961 ], [ 110.442640400000087, -7.780759899999895 ], [ 110.442516200000227, -7.780749799999927 ], [ 110.442520900000076, -7.780691799999933 ], [ 110.442645300000052, -7.780701799999961 ] ] ], [ [ [ 110.439655000000101, -7.78067859999994 ], [ 110.439636199999953, -7.780769 ], [ 110.439622080645123, -7.780766118947762 ], [ 110.439639722779532, -7.780675487533555 ], [ 110.439655000000101, -7.78067859999994 ] ] ], [ [ [ 110.442509799999954, -7.780686699999975 ], [ 110.442503400000206, -7.78076439999993 ], [ 110.442391100000165, -7.780755399999946 ], [ 110.442397400000146, -7.780677699999939 ], [ 110.442509799999954, -7.780686699999975 ] ] ], [ [ [ 110.441190700000135, -7.780679099999978 ], [ 110.441180600000209, -7.780808600000023 ], [ 110.441116199999939, -7.78080369999998 ], [ 110.441126300000022, -7.7806742 ], [ 110.441190700000135, -7.780679099999978 ] ] ], [ [ [ 110.441794700000202, -7.780706299999973 ], [ 110.441782800000112, -7.780762499999912 ], [ 110.44163139999992, -7.7807311 ], [ 110.441643300000109, -7.780674799999979 ], [ 110.441794700000202, -7.780706299999973 ] ] ], [ [ [ 110.441318500000051, -7.780687399999958 ], [ 110.441291900000166, -7.780813 ], [ 110.44119290000009, -7.780792399999945 ], [ 110.44121950000013, -7.78066679999992 ], [ 110.441318500000051, -7.780687399999958 ] ] ], [ [ [ 110.440031399999967, -7.7806881 ], [ 110.440008300000201, -7.780783799999944 ], [ 110.439908900000134, -7.780760199999899 ], [ 110.439932, -7.780664500000019 ], [ 110.440031399999967, -7.7806881 ] ] ], [ [ [ 110.439467410523775, -7.780658950611506 ], [ 110.439449683011873, -7.780750023701374 ], [ 110.439425100000079, -7.780745199999819 ], [ 110.439443199999872, -7.780654199999955 ], [ 110.439467410523775, -7.780658950611506 ] ] ], [ [ [ 110.439429099999984, -7.780662899999951 ], [ 110.439410200000083, -7.78075250000002 ], [ 110.439336400000045, -7.780737299999972 ], [ 110.43935540000021, -7.780647599999925 ], [ 110.439429099999984, -7.780662899999951 ] ] ], [ [ [ 110.439920208436988, -7.780664890426013 ], [ 110.439910930506912, -7.78069840457933 ], [ 110.439916700000069, -7.78070009999992 ], [ 110.439899400000073, -7.780758099999847 ], [ 110.439898856812064, -7.780757940378905 ], [ 110.43989213384225, -7.780782044685377 ], [ 110.439800833844657, -7.780756944684882 ], [ 110.439809133844577, -7.780727544684781 ], [ 110.439809305988533, -7.780727592062163 ], [ 110.439825499999898, -7.78067329999993 ], [ 110.439831183013595, -7.78067497000894 ], [ 110.43984000843551, -7.780643090425368 ], [ 110.439920208436988, -7.780664890426013 ] ] ], [ [ [ 110.440562018112786, -7.780645309279341 ], [ 110.440549818109162, -7.780747009278621 ], [ 110.440488321912454, -7.780739774430694 ], [ 110.440488164924346, -7.780741282882469 ], [ 110.440447364924523, -7.780737082883433 ], [ 110.440451964923469, -7.780692982883261 ], [ 110.440474993914634, -7.780695297071048 ], [ 110.440482118115497, -7.780635909276241 ], [ 110.440562018112786, -7.780645309279341 ] ] ], [ [ [ 110.439820200000071, -7.780649599999914 ], [ 110.439796900000104, -7.7807437 ], [ 110.439723499999985, -7.780725899999908 ], [ 110.439746800000052, -7.780631799999971 ], [ 110.439820200000071, -7.780649599999914 ] ] ], [ [ [ 110.442801600000195, -7.780634299999978 ], [ 110.442793100000046, -7.780693399999983 ], [ 110.44268440000009, -7.7806781 ], [ 110.442692900000083, -7.780619 ], [ 110.442801600000195, -7.780634299999978 ] ] ], [ [ [ 110.439739700000203, -7.78062450000008 ], [ 110.439704400000096, -7.780779499999935 ], [ 110.43964710000013, -7.780766699999826 ], [ 110.439682300000243, -7.7806117 ], [ 110.439739700000203, -7.78062450000008 ] ] ], [ [ [ 110.440921429838724, -7.780616408489501 ], [ 110.440898365350691, -7.780782985064615 ], [ 110.440849017063982, -7.780778332443735 ], [ 110.440857017064204, -7.78069373244373 ], [ 110.440857933633851, -7.78069381885925 ], [ 110.440872400000089, -7.780608299999941 ], [ 110.440921429838724, -7.780616408489501 ] ] ], [ [ [ 110.440726195883272, -7.780603900333849 ], [ 110.440771755825409, -7.780608555370902 ], [ 110.440772200153006, -7.78060489118904 ], [ 110.44085050015282, -7.780614191190073 ], [ 110.440835900151271, -7.780734591189765 ], [ 110.440757600151457, -7.780725291188598 ], [ 110.440763076702297, -7.780680128415381 ], [ 110.440718795884081, -7.780675700333998 ], [ 110.440726195883272, -7.780603900333849 ] ] ], [ [ [ 110.440298600000048, -7.780610099999953 ], [ 110.440287600000119, -7.780713800000013 ], [ 110.440218299999898, -7.780706599999954 ], [ 110.440229400000192, -7.780602899999963 ], [ 110.440298600000048, -7.780610099999953 ] ] ], [ [ [ 110.440222400000152, -7.780615900000075 ], [ 110.440208599999963, -7.780706099999982 ], [ 110.440098299999903, -7.780689399999932 ], [ 110.440112200000087, -7.780599199999937 ], [ 110.440222400000152, -7.780615900000075 ] ] ], [ [ [ 110.438943099999989, -7.78066249999993 ], [ 110.438837200000094, -7.780667899999901 ], [ 110.4388337, -7.780599099999896 ], [ 110.43893960000004, -7.780593799999934 ], [ 110.438943099999989, -7.78066249999993 ] ] ], [ [ [ 110.440383207499139, -7.780603334498623 ], [ 110.440378307499145, -7.780642534498658 ], [ 110.440351179745846, -7.780639176544578 ], [ 110.440340900000166, -7.780728299999964 ], [ 110.440292000000213, -7.780722799999919 ], [ 110.440302600000038, -7.78063079999998 ], [ 110.440306703819928, -7.780631269967319 ], [ 110.440311307497439, -7.780594534498618 ], [ 110.440383207499139, -7.780603334498623 ] ] ], [ [ [ 110.439475599999923, -7.780599399999862 ], [ 110.4394649, -7.780645899999981 ], [ 110.439421300000035, -7.780636 ], [ 110.439432100000118, -7.780589499999924 ], [ 110.439475599999923, -7.780599399999862 ] ] ], [ [ [ 110.439664799999917, -7.780585199999921 ], [ 110.439656000000198, -7.780659599999871 ], [ 110.439643102465041, -7.780658125367001 ], [ 110.439657461305728, -7.78058436093423 ], [ 110.439664799999917, -7.780585199999921 ] ] ], [ [ [ 110.440562265863775, -7.780582655128329 ], [ 110.440602844519859, -7.780587347897347 ], [ 110.440603, -7.780585599999954 ], [ 110.440709400000102, -7.780594899999936 ], [ 110.440703435247897, -7.780661955359774 ], [ 110.440708615483132, -7.780662529052083 ], [ 110.440701315483039, -7.780727529052117 ], [ 110.440689745416009, -7.780726247709008 ], [ 110.440683131654751, -7.780772260590504 ], [ 110.440578031660792, -7.780757360589897 ], [ 110.440584270600013, -7.780714566739277 ], [ 110.440579415486553, -7.780714029051715 ], [ 110.440586715486532, -7.780649029051663 ], [ 110.440597254000593, -7.780650196156834 ], [ 110.440597721430521, -7.780644941340944 ], [ 110.440555565864898, -7.78064005512856 ], [ 110.440562265863775, -7.780582655128329 ] ] ], [ [ [ 110.441192500000028, -7.780591599999926 ], [ 110.441176600000219, -7.780666799999933 ], [ 110.441090900000063, -7.780649099999987 ], [ 110.441106900000051, -7.780573799999977 ], [ 110.441192500000028, -7.780591599999926 ] ] ], [ [ [ 110.440046100000117, -7.780583 ], [ 110.440021200000203, -7.780661099999974 ], [ 110.439947600000139, -7.780638099999868 ], [ 110.439972400000073, -7.78056 ], [ 110.440046100000117, -7.780583 ] ] ], [ [ [ 110.437764800000025, -7.780557899999964 ], [ 110.4377509, -7.780654299999937 ], [ 110.437722871244077, -7.780650311128339 ], [ 110.437741535926065, -7.780554606911878 ], [ 110.437764800000025, -7.780557899999964 ] ] ], [ [ [ 110.439429200000063, -7.780573199999989 ], [ 110.439415200000141, -7.780651099999966 ], [ 110.43932090000007, -7.780634399999969 ], [ 110.439335, -7.780556499999962 ], [ 110.439429200000063, -7.780573199999989 ] ] ], [ [ [ 110.440927340652735, -7.780573719349367 ], [ 110.440922915745986, -7.780605676955093 ], [ 110.440789300000148, -7.78059379999994 ], [ 110.440793184253607, -7.780550936120737 ], [ 110.440927340652735, -7.780573719349367 ] ] ], [ [ [ 110.440768697019493, -7.780546777554618 ], [ 110.44076520000003, -7.780591500000015 ], [ 110.44069190000009, -7.780585899999979 ], [ 110.440695925491681, -7.780534419065798 ], [ 110.440768697019493, -7.780546777554618 ] ] ], [ [ [ 110.439847600000036, -7.780536199999941 ], [ 110.439831500000167, -7.780600799999903 ], [ 110.439764600000089, -7.780584399999967 ], [ 110.439780600000077, -7.780519899999915 ], [ 110.439847600000036, -7.780536199999941 ] ] ], [ [ [ 110.440675650125399, -7.780530975783894 ], [ 110.440671799999919, -7.780582599999883 ], [ 110.440539500000114, -7.780573 ], [ 110.440543439062992, -7.780520127789787 ], [ 110.440615208816283, -7.780520711285391 ], [ 110.440675650125399, -7.780530975783894 ] ] ], [ [ [ 110.440485443557819, -7.780519656280322 ], [ 110.440477001892162, -7.780594385761848 ], [ 110.440389301892537, -7.780584585759541 ], [ 110.440389560015049, -7.780582321417926 ], [ 110.440346732131957, -7.780579145621415 ], [ 110.440351303051216, -7.780518565703987 ], [ 110.440485443557819, -7.780519656280322 ] ] ], [ [ [ 110.440335520716005, -7.780518437391943 ], [ 110.44032684196165, -7.780581974438882 ], [ 110.440298541961511, -7.780578174438372 ], [ 110.440299322414447, -7.780572460754608 ], [ 110.440294600000072, -7.780601799999954 ], [ 110.440218200000189, -7.780589699999957 ], [ 110.44023041661508, -7.780513801030359 ], [ 110.440261914616684, -7.780517366842266 ], [ 110.440270929517808, -7.780517912258769 ], [ 110.440335520716005, -7.780518437391943 ] ] ], [ [ [ 110.439441199999948, -7.7805194 ], [ 110.4394306, -7.780565899999931 ], [ 110.4393502, -7.780548 ], [ 110.43936069999998, -7.780501400000025 ], [ 110.439441199999948, -7.7805194 ] ] ], [ [ [ 110.43081, -7.780512699999951 ], [ 110.430793499999979, -7.780623299999983 ], [ 110.430631900000066, -7.780599599999931 ], [ 110.430648300000044, -7.780489 ], [ 110.43081, -7.780512699999951 ] ] ], [ [ [ 110.439770300000021, -7.780520199999978 ], [ 110.439746300000181, -7.780606799999915 ], [ 110.439674600000032, -7.780587200000022 ], [ 110.439698600000156, -7.780500699999934 ], [ 110.439770300000021, -7.780520199999978 ] ] ], [ [ [ 110.440084800000122, -7.7805268 ], [ 110.44007230000021, -7.780572599999952 ], [ 110.439975200000035, -7.780546499999931 ], [ 110.439987699999989, -7.780500699999939 ], [ 110.440084800000122, -7.7805268 ] ] ], [ [ [ 110.439679599999977, -7.780485 ], [ 110.439669400000213, -7.780564199999962 ], [ 110.439661638535227, -7.780562901613697 ], [ 110.439676882479404, -7.780484590215152 ], [ 110.439679599999977, -7.780485 ] ] ], [ [ [ 110.441347500000163, -7.7804992 ], [ 110.441320699999963, -7.780622799999934 ], [ 110.441252999999875, -7.780608399999904 ], [ 110.44127990000004, -7.780484799999981 ], [ 110.441347500000163, -7.7804992 ] ] ], [ [ [ 110.442835416781932, -7.780490532505832 ], [ 110.442828915627373, -7.780549491129061 ], [ 110.442798, -7.780544599999946 ], [ 110.442807400000163, -7.780486099999979 ], [ 110.442835416781932, -7.780490532505832 ] ] ], [ [ [ 110.439853000000156, -7.78049339999998 ], [ 110.439842900000173, -7.780526899999963 ], [ 110.439791300000223, -7.780511499999962 ], [ 110.439801400000135, -7.780478099999958 ], [ 110.439853000000156, -7.78049339999998 ] ] ], [ [ [ 110.439354700000109, -7.780483499999956 ], [ 110.439346300000025, -7.780547799999858 ], [ 110.439278599999938, -7.780539199999865 ], [ 110.439287000000178, -7.780474799999945 ], [ 110.439354700000109, -7.780483499999956 ] ] ], [ [ [ 110.440097427890223, -7.780497716580147 ], [ 110.440090099999935, -7.780522399999849 ], [ 110.439983200000057, -7.780491299999982 ], [ 110.439989434015132, -7.780470268401475 ], [ 110.440097427890223, -7.780497716580147 ] ] ], [ [ [ 110.442608900000081, -7.780482199999937 ], [ 110.442604300000056, -7.780525 ], [ 110.442521799999966, -7.780516400000021 ], [ 110.442526400000162, -7.780473499999916 ], [ 110.442608900000081, -7.780482199999937 ] ] ], [ [ [ 110.442777200000037, -7.78046759999998 ], [ 110.442764499999981, -7.78054729999998 ], [ 110.4427301999999, -7.780541899999963 ], [ 110.442743, -7.780462199999885 ], [ 110.442777200000037, -7.78046759999998 ] ] ], [ [ [ 110.441580900000105, -7.7804764 ], [ 110.441568200000106, -7.7805366 ], [ 110.441461600000181, -7.780514499999919 ], [ 110.441474299999882, -7.780454199999836 ], [ 110.441580900000105, -7.7804764 ] ] ], [ [ [ 110.441417500000128, -7.780456199999974 ], [ 110.441407300000165, -7.780504699999911 ], [ 110.441359399999968, -7.780494800000013 ], [ 110.441369700000223, -7.780446299999983 ], [ 110.441417500000128, -7.780456199999974 ] ] ], [ [ [ 110.439979247109619, -7.780467679254608 ], [ 110.439938400000088, -7.780629499999865 ], [ 110.439845399999982, -7.780606500000011 ], [ 110.439886398272819, -7.780444080402753 ], [ 110.439979247109619, -7.780467679254608 ] ] ], [ [ [ 110.441169399999879, -7.780441799999964 ], [ 110.4411471, -7.7805473 ], [ 110.441106088291761, -7.780538783577504 ], [ 110.441108960538088, -7.780518022995893 ], [ 110.441109345593361, -7.78051473166708 ], [ 110.441110530338207, -7.780503136418137 ], [ 110.441117887447703, -7.780453863154544 ], [ 110.441124574260769, -7.780432491562224 ], [ 110.441169399999879, -7.780441799999964 ] ] ], [ [ [ 110.439792900000128, -7.78045139999994 ], [ 110.439775900000029, -7.78051339999986 ], [ 110.43969660000019, -7.780492 ], [ 110.439713699999885, -7.78043 ], [ 110.439792900000128, -7.78045139999994 ] ] ], [ [ [ 110.439873282338638, -7.78044074680163 ], [ 110.43986069999994, -7.780487799999965 ], [ 110.43980210000008, -7.780472499999926 ], [ 110.439814524833693, -7.780425812746387 ], [ 110.439873282338638, -7.78044074680163 ] ] ], [ [ [ 110.4308012, -7.780410599999946 ], [ 110.430787200000097, -7.780480199999946 ], [ 110.43069439999995, -7.780462 ], [ 110.430708399999972, -7.780392399999933 ], [ 110.4308012, -7.780410599999946 ] ] ], [ [ [ 110.439807575328089, -7.78042404643077 ], [ 110.439800700000106, -7.780447 ], [ 110.439718700000029, -7.7804228 ], [ 110.439724649132245, -7.780402969559155 ], [ 110.439807575328089, -7.78042404643077 ] ] ], [ [ [ 110.43971271983628, -7.780399937558996 ], [ 110.439709399999899, -7.780422400000049 ], [ 110.439689783815481, -7.780418313294947 ], [ 110.439694273438036, -7.780395249144622 ], [ 110.43971271983628, -7.780399937558996 ] ] ], [ [ [ 110.442483, -7.780484799999981 ], [ 110.442470699999959, -7.780583 ], [ 110.442374700000045, -7.78057119999993 ], [ 110.442387, -7.780473 ], [ 110.44239719999986, -7.78039170000001 ], [ 110.442493100000078, -7.7804035 ], [ 110.442483, -7.780484799999981 ] ] ], [ [ [ 110.439366400000182, -7.780398599999933 ], [ 110.439358200000143, -7.78044669999993 ], [ 110.4392887999999, -7.780435099999958 ], [ 110.439296999999854, -7.780387 ], [ 110.439366400000182, -7.780398599999933 ] ] ], [ [ [ 110.441330900000096, -7.780392499999945 ], [ 110.441313400000226, -7.780475499999889 ], [ 110.44123950000008, -7.780460199999987 ], [ 110.441257100000172, -7.780377199999877 ], [ 110.441330900000096, -7.780392499999945 ] ] ], [ [ [ 110.439521841033113, -7.780379320018433 ], [ 110.439481630524341, -7.780585896964999 ], [ 110.439442800000037, -7.780579699999923 ], [ 110.439476600000063, -7.780372099999984 ], [ 110.439521841033113, -7.780379320018433 ] ] ], [ [ [ 110.442831200000157, -7.780378599999969 ], [ 110.442820800000206, -7.780443599999943 ], [ 110.442727200000121, -7.780428899999968 ], [ 110.4427376000001, -7.7803639 ], [ 110.442831200000157, -7.780378599999969 ] ] ], [ [ [ 110.442151299999963, -7.780372599999938 ], [ 110.4421368000001, -7.780441 ], [ 110.442082099999951, -7.780429599999937 ], [ 110.442096599999857, -7.78036119999996 ], [ 110.442151299999963, -7.780372599999938 ] ] ], [ [ [ 110.44198060000015, -7.7803926 ], [ 110.441973200000049, -7.780427699999966 ], [ 110.441898408926988, -7.780412101861689 ], [ 110.44189010000008, -7.780451599999968 ], [ 110.441788400000036, -7.780430499999975 ], [ 110.44180420000005, -7.780355899999949 ], [ 110.441905799999887, -7.780377 ], [ 110.44198060000015, -7.7803926 ] ] ], [ [ [ 110.439527015255067, -7.780352738037807 ], [ 110.439524006084113, -7.780368197313694 ], [ 110.43948600000013, -7.780362800000012 ], [ 110.439489525816938, -7.780343055425595 ], [ 110.439490360810865, -7.780343268743936 ], [ 110.439527015255067, -7.780352738037807 ] ] ], [ [ [ 110.440777600000061, -7.780347299999977 ], [ 110.440774372050697, -7.780373408414044 ], [ 110.440681720335675, -7.78035767375658 ], [ 110.440684400000166, -7.780336 ], [ 110.440777600000061, -7.780347299999977 ] ] ], [ [ [ 110.439474755820441, -7.780339213658484 ], [ 110.439447200000117, -7.780507199999972 ], [ 110.439365200000069, -7.780494 ], [ 110.439393570664663, -7.780321046187956 ], [ 110.439399455577657, -7.780321433353365 ], [ 110.439474755820441, -7.780339213658484 ] ] ], [ [ [ 110.439377783072104, -7.78032000753026 ], [ 110.439368700000202, -7.780389899999945 ], [ 110.439295100000066, -7.780380499999839 ], [ 110.439303650456225, -7.780315130383307 ], [ 110.439377783072104, -7.78032000753026 ] ] ], [ [ [ 110.4391151, -7.780411799999958 ], [ 110.439032200000085, -7.7804173 ], [ 110.439025772162253, -7.780321323561632 ], [ 110.439108497228972, -7.780314232839497 ], [ 110.4391151, -7.780411799999958 ] ] ], [ [ [ 110.440341099999941, -7.780322699999949 ], [ 110.440337267338265, -7.780346586659028 ], [ 110.440276856008992, -7.780346095511177 ], [ 110.440263967154635, -7.78034463639579 ], [ 110.440269300000153, -7.780311400000107 ], [ 110.440341099999941, -7.780322699999949 ] ] ], [ [ [ 110.439292113740464, -7.780314371388646 ], [ 110.439277400000122, -7.780447099999971 ], [ 110.439191500000035, -7.780437799999896 ], [ 110.439205812191304, -7.780308693653851 ], [ 110.439292113740464, -7.780314371388646 ] ] ], [ [ [ 110.442629900000227, -7.780304 ], [ 110.442622300000124, -7.78034 ], [ 110.442539600000188, -7.7803228 ], [ 110.442547200000106, -7.780286799999939 ], [ 110.442629900000227, -7.780304 ] ] ], [ [ [ 110.442005, -7.780294299999944 ], [ 110.441992000000184, -7.780355899999972 ], [ 110.441930700000114, -7.780343199999893 ], [ 110.441943700000095, -7.780281499999943 ], [ 110.442005, -7.780294299999944 ] ] ], [ [ [ 110.430835700000031, -7.780272099999948 ], [ 110.4308193, -7.780380899999989 ], [ 110.430709100000016, -7.780364599999966 ], [ 110.430725400000043, -7.780255799999952 ], [ 110.430835700000031, -7.780272099999948 ] ] ], [ [ [ 110.440165113919363, -7.78033344546517 ], [ 110.440165100000016, -7.780333499999965 ], [ 110.44016468721145, -7.780333397158693 ], [ 110.440049099999911, -7.780304599999983 ], [ 110.440062399999945, -7.780252 ], [ 110.440178499999959, -7.780281 ], [ 110.440165113919363, -7.78033344546517 ] ] ], [ [ [ 110.442233934127856, -7.780264583328407 ], [ 110.442228734128747, -7.780289483328673 ], [ 110.442156334132974, -7.780274383329938 ], [ 110.442161634132063, -7.780249583329931 ], [ 110.442233934127856, -7.780264583328407 ] ] ], [ [ [ 110.440794400000215, -7.780258299999965 ], [ 110.440783900000071, -7.780331099999943 ], [ 110.440704100000218, -7.780319799999988 ], [ 110.4407146, -7.780247 ], [ 110.440794400000215, -7.780258299999965 ] ] ], [ [ [ 110.44061109999997, -7.78024169999994 ], [ 110.440611783113624, -7.780293031096736 ], [ 110.440634218181728, -7.780292631766194 ], [ 110.440635306579011, -7.780349954050642 ], [ 110.44062354258223, -7.780348914094422 ], [ 110.440533975714956, -7.780348185910246 ], [ 110.440532817606169, -7.780290743742606 ], [ 110.440536247329348, -7.780290673748449 ], [ 110.440535700000126, -7.7802426 ], [ 110.44061109999997, -7.78024169999994 ] ] ], [ [ [ 110.440194000000105, -7.780239499999927 ], [ 110.440257600000209, -7.780252599999923 ], [ 110.440238864773519, -7.780341794617235 ], [ 110.440173975901004, -7.780334448708287 ], [ 110.440194000000105, -7.780239499999927 ] ] ], [ [ [ 110.440806300000034, -7.780238799999967 ], [ 110.44093430000008, -7.780252799999962 ], [ 110.440926200000106, -7.780325899999971 ], [ 110.440918227884254, -7.780397838855118 ], [ 110.440791074247755, -7.780376244879094 ], [ 110.440798200000174, -7.780312 ], [ 110.440806300000034, -7.780238799999967 ] ] ], [ [ [ 110.441800800000166, -7.780250699999955 ], [ 110.441788100000011, -7.780310699999924 ], [ 110.441719100000157, -7.780296399999926 ], [ 110.4417318, -7.780236299999942 ], [ 110.441800800000166, -7.780250699999955 ] ] ], [ [ [ 110.44139760000003, -7.780269599999942 ], [ 110.441380400000028, -7.780350599999979 ], [ 110.441309699999934, -7.780335899999989 ], [ 110.4412437, -7.780322199999944 ], [ 110.441262399999943, -7.780233699999951 ], [ 110.4413284, -7.78024739999996 ], [ 110.441326809875946, -7.78025490205048 ], [ 110.44139760000003, -7.780269599999942 ] ] ], [ [ [ 110.441501100000139, -7.780245900000012 ], [ 110.441482400000112, -7.780334699999974 ], [ 110.441423400000033, -7.780322399999933 ], [ 110.441442100000174, -7.7802337 ], [ 110.441501100000139, -7.780245900000012 ] ] ], [ [ [ 110.440477099999967, -7.780240799999953 ], [ 110.440467750843965, -7.780347647497997 ], [ 110.440353074922214, -7.78034671517566 ], [ 110.440363200000064, -7.780230999999858 ], [ 110.440477099999967, -7.780240799999953 ] ] ], [ [ [ 110.4415872000001, -7.780234699999878 ], [ 110.4415548, -7.780387799999923 ], [ 110.441511600000041, -7.7803788 ], [ 110.441544100000115, -7.780225699999864 ], [ 110.4415872000001, -7.780234699999878 ] ] ], [ [ [ 110.440352500000074, -7.780223699999955 ], [ 110.440342900000161, -7.780307199999944 ], [ 110.440271899999885, -7.780299199999877 ], [ 110.44028140000006, -7.7802157 ], [ 110.440352500000074, -7.780223699999955 ] ] ], [ [ [ 110.439922399999929, -7.78021949999997 ], [ 110.439910291273904, -7.780272942580968 ], [ 110.439813343764939, -7.780248362773115 ], [ 110.439824800000153, -7.780197799999946 ], [ 110.439922399999929, -7.78021949999997 ] ] ], [ [ [ 110.442692469829524, -7.780194912951735 ], [ 110.442790957182808, -7.780215339246623 ], [ 110.442794058170193, -7.780196106866927 ], [ 110.442860375313359, -7.780205363707823 ], [ 110.442852643057265, -7.7802537297382 ], [ 110.442857118584968, -7.7802544358413 ], [ 110.442845218584921, -7.780328835841241 ], [ 110.442760918587751, -7.780315635840933 ], [ 110.442763094703395, -7.780302012261868 ], [ 110.442709037985693, -7.78029349245674 ], [ 110.442719042389754, -7.780230841900358 ], [ 110.442686269829267, -7.780224012951657 ], [ 110.442692469829524, -7.780194912951735 ] ] ], [ [ [ 110.441016411864581, -7.780201259825946 ], [ 110.441000218104278, -7.780253016322015 ], [ 110.440905300000182, -7.780233299999952 ], [ 110.4409164, -7.780180499999929 ], [ 110.441016411864581, -7.780201259825946 ] ] ], [ [ [ 110.442641, -7.780197199999972 ], [ 110.44263, -7.780254700000017 ], [ 110.4425317, -7.780236299999924 ], [ 110.4425426, -7.78017889999995 ], [ 110.442641, -7.780197199999972 ] ] ], [ [ [ 110.442530400000024, -7.780180899999965 ], [ 110.442503600000066, -7.780320399999963 ], [ 110.4424084, -7.780302399999957 ], [ 110.442435200000105, -7.780163 ], [ 110.442530400000024, -7.780180899999965 ] ] ], [ [ [ 110.442394860253245, -7.780189298108094 ], [ 110.44238216025299, -7.780249598108058 ], [ 110.442330580159208, -7.780238872568457 ], [ 110.442316500000203, -7.78030539999997 ], [ 110.442237100000227, -7.780288899999928 ], [ 110.442264000000137, -7.7801618 ], [ 110.442343400000141, -7.780178299999932 ], [ 110.442343339692471, -7.780178584947903 ], [ 110.442394860253245, -7.780189298108094 ] ] ], [ [ [ 110.440806300000034, -7.780238799999967 ], [ 110.440742899999947, -7.780225599999941 ], [ 110.440760800000092, -7.780140700000023 ], [ 110.440824300000102, -7.780153799999932 ], [ 110.440806300000034, -7.780238799999967 ] ] ], [ [ [ 110.441322199999917, -7.780158099999944 ], [ 110.441310700000116, -7.780212399999987 ], [ 110.441226800000095, -7.780195 ], [ 110.441238300000208, -7.780140700000026 ], [ 110.441322199999917, -7.780158099999944 ] ] ], [ [ [ 110.440600000000117, -7.7801426 ], [ 110.440588600000055, -7.7802316 ], [ 110.440541599999989, -7.780225699999848 ], [ 110.440553, -7.780136699999932 ], [ 110.440600000000117, -7.7801426 ] ] ], [ [ [ 110.440194000000105, -7.780239499999927 ], [ 110.440052999999892, -7.780210199999978 ], [ 110.440068800000233, -7.780135299999975 ], [ 110.440209800000062, -7.780164599999947 ], [ 110.440194000000105, -7.780239499999927 ] ] ], [ [ [ 110.430869, -7.780132799999961 ], [ 110.430854, -7.780251799999976 ], [ 110.430738799999986, -7.780237699999924 ], [ 110.430753699999983, -7.780118599999971 ], [ 110.430869, -7.780132799999961 ] ] ], [ [ [ 110.4407146, -7.780143999999817 ], [ 110.440701399999966, -7.780240599999929 ], [ 110.440597400000073, -7.780226599999924 ], [ 110.440610600000099, -7.78013 ], [ 110.4407146, -7.780143999999817 ] ] ], [ [ [ 110.441045396721677, -7.78010862200643 ], [ 110.441026225107251, -7.780169895951994 ], [ 110.440943400000123, -7.780152699999946 ], [ 110.440956600000149, -7.7800902 ], [ 110.441045396721677, -7.78010862200643 ] ] ], [ [ [ 110.442319678233901, -7.780129890811971 ], [ 110.442316468432296, -7.78014914961709 ], [ 110.442248068430999, -7.780138049614485 ], [ 110.442235011123316, -7.78021687704485 ], [ 110.442237921898325, -7.78021747587608 ], [ 110.44223172189993, -7.780246775876457 ], [ 110.44219332190103, -7.780238775878062 ], [ 110.442198641942042, -7.780213720194852 ], [ 110.44215136842621, -7.780206049610788 ], [ 110.442164868429614, -7.780124549611437 ], [ 110.442144168429323, -7.78012114961058 ], [ 110.442149968430712, -7.780086349610844 ], [ 110.442179829042473, -7.780091202177909 ], [ 110.442245088819007, -7.780117021272691 ], [ 110.442254846084097, -7.780120224553216 ], [ 110.442264916248888, -7.780122246891268 ], [ 110.442319678233901, -7.780129890811971 ] ] ], [ [ [ 110.441384799999952, -7.780097499999911 ], [ 110.441375100000101, -7.780143299999961 ], [ 110.441314399999982, -7.7801307 ], [ 110.4413241, -7.7800849 ], [ 110.441384799999952, -7.780097499999911 ] ] ], [ [ [ 110.440285800000055, -7.780089399999953 ], [ 110.440272699999952, -7.7801513 ], [ 110.4402381, -7.780144099999948 ], [ 110.440251199999935, -7.780082199999971 ], [ 110.440285800000055, -7.780089399999953 ] ] ], [ [ [ 110.441828100000023, -7.780090299999899 ], [ 110.441809600000013, -7.7801779 ], [ 110.44173210000001, -7.780161799999957 ], [ 110.441750600000105, -7.780074199999937 ], [ 110.441828100000023, -7.780090299999899 ] ] ], [ [ [ 110.440528600000079, -7.7800952 ], [ 110.440505999999885, -7.780201800000015 ], [ 110.440457100000046, -7.780191599999937 ], [ 110.440457759030181, -7.780188491477723 ], [ 110.440392900000049, -7.780175 ], [ 110.44041480000007, -7.780071599999981 ], [ 110.440479700000111, -7.780085 ], [ 110.440528600000079, -7.7800952 ] ] ], [ [ [ 110.440396199999881, -7.78008189999995 ], [ 110.440382700000072, -7.780146 ], [ 110.440352619708321, -7.780139704124985 ], [ 110.440345100000158, -7.780175199999938 ], [ 110.440299900000156, -7.780165799999961 ], [ 110.440321000000111, -7.780066300000047 ], [ 110.440366200000142, -7.780075599999863 ], [ 110.440396199999881, -7.78008189999995 ] ] ], [ [ [ 110.442145662413594, -7.78008292716542 ], [ 110.442117462413165, -7.780205027165487 ], [ 110.44203856241073, -7.780187127165847 ], [ 110.442066762411017, -7.780065027165806 ], [ 110.442145662413594, -7.78008292716542 ] ] ], [ [ [ 110.43975644715708, -7.780126181437374 ], [ 110.439732994538119, -7.780227991248553 ], [ 110.439656703034771, -7.780208648508237 ], [ 110.439648326525784, -7.78020638366723 ], [ 110.439649778720522, -7.780200077753802 ], [ 110.439618699459558, -7.780193274689678 ], [ 110.439667396460649, -7.780050332085361 ], [ 110.439695108437363, -7.780058090424742 ], [ 110.43968061493878, -7.780109003481003 ], [ 110.43975644715708, -7.780126181437374 ] ] ], [ [ [ 110.439092519151885, -7.780051558075417 ], [ 110.439207491664646, -7.780057983009254 ], [ 110.439208357094316, -7.780049286151781 ], [ 110.439234157094219, -7.780051786152433 ], [ 110.439228157092415, -7.780113086152183 ], [ 110.439206930535079, -7.780111037255999 ], [ 110.439205487430527, -7.780136439594538 ], [ 110.439192129888255, -7.780135560809078 ], [ 110.439186573009636, -7.780135374538778 ], [ 110.439179081427525, -7.780135690057667 ], [ 110.439064803182276, -7.780145485350411 ], [ 110.439034289375314, -7.78014810081801 ], [ 110.439039936777064, -7.780048619648905 ], [ 110.439092519151885, -7.780051558075417 ] ] ], [ [ [ 110.439385070860169, -7.78007571485929 ], [ 110.439379970859463, -7.780111414859031 ], [ 110.439343274122876, -7.780106239680005 ], [ 110.439338288560535, -7.780145176509125 ], [ 110.439289680426867, -7.780141978606308 ], [ 110.439295076124594, -7.78009944252373 ], [ 110.439294170857693, -7.780099314857772 ], [ 110.439295265399224, -7.780091653068763 ], [ 110.439265736599822, -7.780089026518412 ], [ 110.439269436598693, -7.780048126518162 ], [ 110.439306436598315, -7.780051326517181 ], [ 110.439305283173567, -7.780064462749202 ], [ 110.439385070860169, -7.78007571485929 ] ] ], [ [ [ 110.44023110000019, -7.780059899999967 ], [ 110.440219000000212, -7.780116699999962 ], [ 110.4401346, -7.780099199999933 ], [ 110.440146600000134, -7.780042299999943 ], [ 110.44023110000019, -7.780059899999967 ] ] ], [ [ [ 110.439487999148312, -7.780042719441927 ], [ 110.439449197280069, -7.780156616263946 ], [ 110.439432749742792, -7.780152651309641 ], [ 110.439427581179771, -7.78015157139328 ], [ 110.439418178638448, -7.780150432434247 ], [ 110.439350765813302, -7.780145997380869 ], [ 110.439357800000181, -7.780109499999986 ], [ 110.439389586324182, -7.780115495874747 ], [ 110.439402365083453, -7.78003008490763 ], [ 110.439487999148312, -7.780042719441927 ] ] ], [ [ [ 110.441642900000076, -7.780036599999913 ], [ 110.441619200000062, -7.780148599999956 ], [ 110.441544500000106, -7.7801331 ], [ 110.441568200000106, -7.780021099999894 ], [ 110.441642900000076, -7.780036599999913 ] ] ], [ [ [ 110.441069661714621, -7.780031069233861 ], [ 110.441050803186087, -7.780091342532661 ], [ 110.440961100000038, -7.7800781 ], [ 110.440971400000109, -7.780009799999934 ], [ 110.441070151298632, -7.780024378270252 ], [ 110.441069661714621, -7.780031069233861 ] ] ], [ [ [ 110.440004499999986, -7.7800051 ], [ 110.440108499999909, -7.7800267 ], [ 110.440095700000143, -7.78008749999997 ], [ 110.439991599999971, -7.780065899999948 ], [ 110.440004499999986, -7.7800051 ] ] ], [ [ [ 110.440943200000092, -7.780019099999972 ], [ 110.440927600000038, -7.780137799999918 ], [ 110.440825, -7.7801245 ], [ 110.440840600000158, -7.780005799999951 ], [ 110.440943200000092, -7.780019099999972 ] ] ], [ [ [ 110.440826000000158, -7.78001429999995 ], [ 110.440802500000174, -7.780135199999971 ], [ 110.440744099999861, -7.780124099999961 ], [ 110.440767600000029, -7.780003099999974 ], [ 110.440826000000158, -7.78001429999995 ] ] ], [ [ [ 110.439247699999868, -7.779990799999965 ], [ 110.439244500000086, -7.780040399999974 ], [ 110.439151599999903, -7.780034499999935 ], [ 110.439154800000082, -7.77998490000001 ], [ 110.439247699999868, -7.779990799999965 ] ] ], [ [ [ 110.441513399999963, -7.779999699999982 ], [ 110.441493100000017, -7.7800955 ], [ 110.441429900000216, -7.7800824 ], [ 110.441450200000148, -7.779986499999969 ], [ 110.441513399999963, -7.779999699999982 ] ] ], [ [ [ 110.440750800000103, -7.780000699999979 ], [ 110.440731300000152, -7.780092799999873 ], [ 110.440650200000022, -7.780076 ], [ 110.44059380000013, -7.780064199999968 ], [ 110.440608, -7.779997199999952 ], [ 110.440664403664911, -7.780008900775867 ], [ 110.4406697000002, -7.7799839 ], [ 110.440750800000103, -7.780000699999979 ] ] ], [ [ [ 110.439136791942289, -7.779982699120263 ], [ 110.43913449194342, -7.780034499120352 ], [ 110.439098021572804, -7.78003291079686 ], [ 110.439074791942389, -7.780031899121667 ], [ 110.439077091941357, -7.779980099121616 ], [ 110.439107973829763, -7.779981444060738 ], [ 110.439136791942289, -7.779982699120263 ] ] ], [ [ [ 110.441323500000138, -7.7799774 ], [ 110.441306800000149, -7.780056599999972 ], [ 110.441294600000205, -7.780114099999953 ], [ 110.441228482083304, -7.780100393804118 ], [ 110.441226099999952, -7.780099900000012 ], [ 110.44123830000018, -7.780042299999967 ], [ 110.441241564277377, -7.780042980173129 ], [ 110.441248399094974, -7.780044404335246 ], [ 110.441265100000081, -7.779965299999977 ], [ 110.441323500000138, -7.7799774 ] ] ], [ [ [ 110.430708599999974, -7.779957399999955 ], [ 110.430701600000035, -7.779997399999976 ], [ 110.430622200000016, -7.779983899999989 ], [ 110.430629099999962, -7.7799439 ], [ 110.430708599999974, -7.779957399999955 ] ] ], [ [ [ 110.439873000000176, -7.779987200000021 ], [ 110.439845399999939, -7.780070399999973 ], [ 110.439748600000186, -7.78003879999994 ], [ 110.439776300000091, -7.779955599999896 ], [ 110.439873000000176, -7.779987200000021 ] ] ], [ [ [ 110.441817799999981, -7.779972100000015 ], [ 110.441806899999875, -7.780023700000016 ], [ 110.441710100000122, -7.780003599999957 ], [ 110.441721100000137, -7.779952 ], [ 110.441817799999981, -7.779972100000015 ] ] ], [ [ [ 110.439760300000088, -7.779953799999983 ], [ 110.439741400000159, -7.780019799999957 ], [ 110.439683351724526, -7.78000349784655 ], [ 110.439705536493207, -7.779938377848611 ], [ 110.439760300000088, -7.779953799999983 ] ] ], [ [ [ 110.440595600000051, -7.779948599999939 ], [ 110.440575800000062, -7.780042299999965 ], [ 110.440502300000219, -7.780027099999939 ], [ 110.440522099999967, -7.779933400000015 ], [ 110.440595600000051, -7.779948599999939 ] ] ], [ [ [ 110.441417199999975, -7.779947699999919 ], [ 110.441393799999972, -7.780058299999955 ], [ 110.441324900000055, -7.7800439 ], [ 110.441348300000215, -7.779933400000013 ], [ 110.441417199999975, -7.779947699999919 ] ] ], [ [ [ 110.430837800000091, -7.779936399999986 ], [ 110.430820099999949, -7.7800398 ], [ 110.430714099999989, -7.780022 ], [ 110.430731800000046, -7.779918599999917 ], [ 110.430837800000091, -7.779936399999986 ] ] ], [ [ [ 110.430910299999965, -7.779925899999975 ], [ 110.430898699999986, -7.779990799999968 ], [ 110.430837600000018, -7.77998009999992 ], [ 110.430849199999983, -7.7799152 ], [ 110.430910299999965, -7.779925899999975 ] ] ], [ [ [ 110.440004499999986, -7.7800051 ], [ 110.439951300000089, -7.779994099999956 ], [ 110.439966899999959, -7.77992010000004 ], [ 110.440020100000112, -7.7799311 ], [ 110.440004499999986, -7.7800051 ] ] ], [ [ [ 110.440506399999919, -7.779927199999918 ], [ 110.440482199999863, -7.78005609999992 ], [ 110.4404001, -7.780041 ], [ 110.440424199999953, -7.779912099999915 ], [ 110.440506399999919, -7.779927199999918 ] ] ], [ [ [ 110.441059700000125, -7.77992 ], [ 110.4410478, -7.779975899999969 ], [ 110.440971599999855, -7.779960099999973 ], [ 110.440983500000044, -7.779904099999972 ], [ 110.441059700000125, -7.77992 ] ] ], [ [ [ 110.4408809, -7.779927399999931 ], [ 110.440866600000149, -7.7799934 ], [ 110.440701000000118, -7.779958199999986 ], [ 110.440715300000065, -7.779892199999934 ], [ 110.4408809, -7.779927399999931 ] ] ], [ [ [ 110.430725700000082, -7.779888799999953 ], [ 110.43071519999998, -7.779954599999986 ], [ 110.430599199999989, -7.779936399999978 ], [ 110.430609699999948, -7.779870599999935 ], [ 110.430725700000082, -7.779888799999953 ] ] ], [ [ [ 110.442891285603579, -7.779897890860904 ], [ 110.442883748561314, -7.780025481805209 ], [ 110.442808183293309, -7.780009727589475 ], [ 110.44280860409458, -7.7800077408303 ], [ 110.442742470358837, -7.779993991974736 ], [ 110.442762170357, -7.77990089197428 ], [ 110.442828325806204, -7.779914627271297 ], [ 110.442834383296372, -7.77988602759036 ], [ 110.442891285603579, -7.779897890860904 ] ] ], [ [ [ 110.442729275425762, -7.7799079584935 ], [ 110.442710962886295, -7.780010973785897 ], [ 110.442581115250988, -7.779992849081391 ], [ 110.442604974138561, -7.779880124450163 ], [ 110.442680774137287, -7.779895924446318 ], [ 110.442680041442415, -7.779899386166451 ], [ 110.442729275425762, -7.7799079584935 ] ] ], [ [ [ 110.439905000000167, -7.779873799999941 ], [ 110.43989179999997, -7.779936 ], [ 110.439833100000087, -7.7799238 ], [ 110.439846200000076, -7.779861600000011 ], [ 110.439905000000167, -7.779873799999941 ] ] ], [ [ [ 110.430922, -7.779839 ], [ 110.430912399999968, -7.779914 ], [ 110.430835499999986, -7.7799044 ], [ 110.430845099999985, -7.779829400000017 ], [ 110.430922, -7.779839 ] ] ], [ [ [ 110.442559399999965, -7.779863299999963 ], [ 110.44254640000004, -7.77994469999996 ], [ 110.442425100000122, -7.779925699999988 ], [ 110.442438100000146, -7.779844299999984 ], [ 110.442559399999965, -7.779863299999963 ] ] ], [ [ [ 110.442411700000051, -7.779862699999907 ], [ 110.442389832726491, -7.779966149024648 ], [ 110.442299027844044, -7.779953474079433 ], [ 110.442277504016786, -7.779944958480451 ], [ 110.442299899999966, -7.779839499999873 ], [ 110.442411700000051, -7.779862699999907 ] ] ], [ [ [ 110.439236730520506, -7.779842125113026 ], [ 110.439223930521393, -7.779902425113258 ], [ 110.439181730523572, -7.779893625113328 ], [ 110.439194430522775, -7.77983332511314 ], [ 110.439236730520506, -7.779842125113026 ] ] ], [ [ [ 110.430842499999954, -7.779832099999969 ], [ 110.430825100000021, -7.779927199999908 ], [ 110.430768300000025, -7.779917 ], [ 110.430785599999965, -7.779821899999977 ], [ 110.430842499999954, -7.779832099999969 ] ] ], [ [ [ 110.441394396547409, -7.779848624372941 ], [ 110.441386500000178, -7.779885899999957 ], [ 110.441328499999898, -7.779873799999968 ], [ 110.441336788413594, -7.779834674569329 ], [ 110.441394396547409, -7.779848624372941 ] ] ], [ [ [ 110.439803104340129, -7.779866177117202 ], [ 110.439798004340361, -7.77990107711715 ], [ 110.439763104341921, -7.779895977117331 ], [ 110.439764341483155, -7.77988769778767 ], [ 110.439725891070253, -7.779877828975342 ], [ 110.439728293133697, -7.779868512581369 ], [ 110.439728706757137, -7.779865970392591 ], [ 110.439733843112421, -7.779831104622056 ], [ 110.439777440345495, -7.779842305491604 ], [ 110.43977237403189, -7.779861761843072 ], [ 110.439803104340129, -7.779866177117202 ] ] ], [ [ [ 110.430690100000035, -7.779815699999956 ], [ 110.43068250000006, -7.779872399999908 ], [ 110.430631900000037, -7.779865699999979 ], [ 110.430639500000026, -7.779809 ], [ 110.430690100000035, -7.779815699999956 ] ] ], [ [ [ 110.440885400000099, -7.779850499999955 ], [ 110.440871200000089, -7.779915599999949 ], [ 110.440736800000082, -7.779886799999856 ], [ 110.440751, -7.779821599999989 ], [ 110.440885400000099, -7.779850499999955 ] ] ], [ [ [ 110.430777400000125, -7.779821499999984 ], [ 110.430765299999976, -7.7798903 ], [ 110.43068719999998, -7.779876899999948 ], [ 110.4306993, -7.779808099999946 ], [ 110.430777400000125, -7.779821499999984 ] ] ], [ [ [ 110.44133034954335, -7.779833115397571 ], [ 110.441321799999884, -7.779873599999938 ], [ 110.441257235001999, -7.779860207516336 ], [ 110.441271054847547, -7.779818757193111 ], [ 110.44133034954335, -7.779833115397571 ] ] ], [ [ [ 110.439140400000142, -7.779817899999951 ], [ 110.439132665991593, -7.779854692855648 ], [ 110.439138299999868, -7.779854799999979 ], [ 110.4391366, -7.779947999999879 ], [ 110.43911232287401, -7.779947538311323 ], [ 110.439073500000106, -7.779946799999951 ], [ 110.439075200000076, -7.77985359999996 ], [ 110.439085585834334, -7.779853797511835 ], [ 110.439095199999983, -7.779808499999964 ], [ 110.439129248863637, -7.779815580958287 ], [ 110.439140400000142, -7.779817899999951 ] ] ], [ [ [ 110.440742499999971, -7.779827399999942 ], [ 110.440727699999925, -7.779880599999988 ], [ 110.440647499999869, -7.779858699999918 ], [ 110.440662300000128, -7.779805499999896 ], [ 110.440742499999971, -7.779827399999942 ] ] ], [ [ [ 110.439348171224822, -7.779819279115417 ], [ 110.439329138948793, -7.779892016313027 ], [ 110.439343940077649, -7.779895097011944 ], [ 110.439333040078452, -7.779946297011968 ], [ 110.439247140083822, -7.779928497012211 ], [ 110.439257940083067, -7.779877197012144 ], [ 110.439259096065555, -7.779877437617881 ], [ 110.439278971223217, -7.779801479112193 ], [ 110.439348171224822, -7.779819279115417 ] ] ], [ [ [ 110.440431399999937, -7.779817899999931 ], [ 110.44041480000007, -7.779896199999953 ], [ 110.440331200000145, -7.779878799999815 ], [ 110.44034780000014, -7.779800499999907 ], [ 110.440431399999937, -7.779817899999931 ] ] ], [ [ [ 110.441083215345714, -7.779845836779137 ], [ 110.44108030836405, -7.779885565421049 ], [ 110.441029600000135, -7.779874899999876 ], [ 110.441045757088503, -7.7797996018709 ], [ 110.441092221825201, -7.77981047990244 ], [ 110.441087388358767, -7.77982497706064 ], [ 110.441084315597521, -7.779837057776387 ], [ 110.441083215345714, -7.779845836779137 ] ] ], [ [ [ 110.439559362078327, -7.779833244710304 ], [ 110.439500747484004, -7.780005298694209 ], [ 110.439375358182289, -7.779980169017715 ], [ 110.439391499511927, -7.779900990546128 ], [ 110.439359600000174, -7.7798937 ], [ 110.439383800000016, -7.779789299999896 ], [ 110.439501600000199, -7.7798162 ], [ 110.439559909630546, -7.77982952791548 ], [ 110.439559362078327, -7.779833244710304 ] ] ], [ [ [ 110.442804300000077, -7.779822799999963 ], [ 110.44279319999994, -7.779882399999954 ], [ 110.442578500000053, -7.779843300000018 ], [ 110.442589499999968, -7.779783699999955 ], [ 110.442804300000077, -7.779822799999963 ] ] ], [ [ [ 110.440219000000226, -7.779798499999949 ], [ 110.440205900000137, -7.779858099999899 ], [ 110.440121100000098, -7.779839699999949 ], [ 110.440134299999855, -7.779780099999935 ], [ 110.440219000000226, -7.779798499999949 ] ] ], [ [ [ 110.442283100000012, -7.779814799999924 ], [ 110.442275300000119, -7.779854699999946 ], [ 110.442273685027828, -7.779854389839909 ], [ 110.4422562691217, -7.77993655719336 ], [ 110.442175754079329, -7.779904702551219 ], [ 110.442176118448501, -7.779902983476489 ], [ 110.442166250700112, -7.779900942673129 ], [ 110.442096480904013, -7.77987333923623 ], [ 110.442107196578405, -7.779822422267048 ], [ 110.442095100000103, -7.779820099999965 ], [ 110.442103000000131, -7.779780299999855 ], [ 110.442207599999989, -7.779800400000019 ], [ 110.442283100000012, -7.779814799999924 ] ] ], [ [ [ 110.440657800000096, -7.779788 ], [ 110.44062730000006, -7.779887799999877 ], [ 110.440556300000068, -7.779866499999974 ], [ 110.440586800000091, -7.779766699999985 ], [ 110.440657800000096, -7.779788 ] ] ], [ [ [ 110.441026333484558, -7.779795054539022 ], [ 110.441007900000116, -7.779865 ], [ 110.440935100000146, -7.779846099999986 ], [ 110.440784700000137, -7.779807199999962 ], [ 110.440801720541529, -7.77974246957129 ], [ 110.441026333484558, -7.779795054539022 ] ] ], [ [ [ 110.439794100000057, -7.77975240000004 ], [ 110.43977530000015, -7.779824399999947 ], [ 110.439736307131525, -7.779814378768461 ], [ 110.439747207426947, -7.779740387157936 ], [ 110.439794100000057, -7.77975240000004 ] ] ], [ [ [ 110.442075669287775, -7.779748216339235 ], [ 110.44205366929944, -7.779851916342049 ], [ 110.442029783339905, -7.779846951284705 ], [ 110.441967052272659, -7.779822132621761 ], [ 110.441986569295452, -7.779729716347115 ], [ 110.442075669287775, -7.779748216339235 ] ] ], [ [ [ 110.440768893996335, -7.7797347844273 ], [ 110.440745000000206, -7.7798206 ], [ 110.440678, -7.779802299999973 ], [ 110.440701210609532, -7.779718938819025 ], [ 110.440768893996335, -7.7797347844273 ] ] ], [ [ [ 110.43988490000001, -7.779709499999917 ], [ 110.439967199999984, -7.779726600000046 ], [ 110.439948100000194, -7.7798164 ], [ 110.439865900000129, -7.779799399999935 ], [ 110.43988490000001, -7.779709499999917 ] ] ], [ [ [ 110.440696524883137, -7.779717841826304 ], [ 110.440678700000049, -7.7797819 ], [ 110.440619200000185, -7.779765599999972 ], [ 110.440636419735441, -7.779703770387588 ], [ 110.440696524883137, -7.779717841826304 ] ] ], [ [ [ 110.430862700000034, -7.779710799999969 ], [ 110.430843400000086, -7.779813599999958 ], [ 110.430781300000021, -7.779802099999977 ], [ 110.4307176, -7.779790399999989 ], [ 110.430736900000014, -7.779687600000011 ], [ 110.430800599999955, -7.7796994 ], [ 110.430862700000034, -7.779710799999969 ] ] ], [ [ [ 110.440122800000111, -7.779712899999947 ], [ 110.440098200000023, -7.779827699999964 ], [ 110.439984700000196, -7.779803699999932 ], [ 110.440009300000128, -7.779688999999856 ], [ 110.440122800000111, -7.779712899999947 ] ] ], [ [ [ 110.440629363965513, -7.779702118535184 ], [ 110.440613800000222, -7.779755299999934 ], [ 110.440553, -7.779737799999955 ], [ 110.440567683676377, -7.77968767833433 ], [ 110.440629363965513, -7.779702118535184 ] ] ], [ [ [ 110.430701199999987, -7.779687199999963 ], [ 110.430690199999958, -7.779761099999936 ], [ 110.4305990000001, -7.779747700000015 ], [ 110.4306101, -7.779673799999937 ], [ 110.430701199999987, -7.779687199999963 ] ] ], [ [ [ 110.430942799999983, -7.779685099999984 ], [ 110.430914900000033, -7.779831799999957 ], [ 110.430846899999963, -7.779819099999951 ], [ 110.4308749, -7.7796723 ], [ 110.430942799999983, -7.779685099999984 ] ] ], [ [ [ 110.440512699999914, -7.7797133 ], [ 110.440493300000227, -7.779790399999987 ], [ 110.440338500000138, -7.779752100000024 ], [ 110.440357899999881, -7.779675099999924 ], [ 110.440512699999914, -7.7797133 ] ] ], [ [ [ 110.440207399999878, -7.779686699999943 ], [ 110.440189500000074, -7.779771300000012 ], [ 110.440123400000019, -7.779757499999918 ], [ 110.440141299999908, -7.77967289999993 ], [ 110.440207399999878, -7.779686699999943 ] ] ], [ [ [ 110.441884015535607, -7.779675685029449 ], [ 110.441881420492692, -7.779789704994934 ], [ 110.441817857513882, -7.779774313231607 ], [ 110.441818315547224, -7.779754585033246 ], [ 110.441762015553934, -7.779753285035975 ], [ 110.441763815549749, -7.779672985035397 ], [ 110.441884015535607, -7.779675685029449 ] ] ], [ [ [ 110.439118700000122, -7.779677499999884 ], [ 110.439100600000074, -7.779763299999949 ], [ 110.43905290000005, -7.779753399999947 ], [ 110.439071100000035, -7.779667599999934 ], [ 110.439118700000122, -7.779677499999884 ] ] ], [ [ [ 110.439582037953031, -7.77967932043931 ], [ 110.439572960970551, -7.779740935169893 ], [ 110.439522600000046, -7.779731499999971 ], [ 110.439508300000199, -7.779806099999862 ], [ 110.439453800000038, -7.7797959 ], [ 110.439479799999987, -7.779660099999934 ], [ 110.439582037953031, -7.77967932043931 ] ] ], [ [ [ 110.442793000000208, -7.779673700000016 ], [ 110.442783300000102, -7.779752599999962 ], [ 110.442645500000069, -7.77973600000011 ], [ 110.442655199999891, -7.779657099999962 ], [ 110.442793000000208, -7.779673700000016 ] ] ], [ [ [ 110.43988490000001, -7.779709499999917 ], [ 110.439897200000061, -7.779651699999886 ], [ 110.4399899000001, -7.779670899999949 ], [ 110.439977600000034, -7.779728699999858 ], [ 110.43988490000001, -7.779709499999917 ] ] ], [ [ [ 110.439389823711508, -7.779659167232304 ], [ 110.439380623710392, -7.779702767232084 ], [ 110.439331773050611, -7.779692621608724 ], [ 110.43932409621064, -7.779728883753406 ], [ 110.439352215793548, -7.779734719426238 ], [ 110.439342615792967, -7.779780119425992 ], [ 110.439228415796478, -7.779756319424091 ], [ 110.439238015796917, -7.779711019424282 ], [ 110.439238201663272, -7.779711057997227 ], [ 110.439245881220074, -7.779674783019011 ], [ 110.439245323703858, -7.779674667230296 ], [ 110.439254523704932, -7.779631067230489 ], [ 110.439389823711508, -7.779659167232304 ] ] ], [ [ [ 110.442906227454188, -7.779644947494917 ], [ 110.442899035559407, -7.779766695606392 ], [ 110.442804, -7.77975619999997 ], [ 110.442817600000168, -7.779635100000017 ], [ 110.442906227454188, -7.779644947494917 ] ] ], [ [ [ 110.43922179819721, -7.77963689819406 ], [ 110.439207098197329, -7.779706098193988 ], [ 110.439205708149785, -7.779705810146651 ], [ 110.439189100000078, -7.779784599999869 ], [ 110.439137400000078, -7.779773799999939 ], [ 110.439154010617145, -7.779695097314963 ], [ 110.439144944123612, -7.779693218543398 ], [ 110.439143398197118, -7.779692898194333 ], [ 110.439147412862354, -7.779673971915123 ], [ 110.439158098197012, -7.779623598194207 ], [ 110.43922179819721, -7.77963689819406 ] ] ], [ [ [ 110.439858900000075, -7.779625799999918 ], [ 110.439843800000077, -7.779706999999895 ], [ 110.439802200000187, -7.779699399999925 ], [ 110.439796500000085, -7.779729699999934 ], [ 110.439750036473782, -7.779721183483561 ], [ 110.439766578432625, -7.779608896050926 ], [ 110.439858900000075, -7.779625799999918 ] ] ], [ [ [ 110.430653300000017, -7.779601 ], [ 110.430647199999967, -7.779657499999965 ], [ 110.430570099999983, -7.779649399999939 ], [ 110.430576200000033, -7.779592899999989 ], [ 110.430653300000017, -7.779601 ] ] ], [ [ [ 110.430938, -7.779603499999975 ], [ 110.430928, -7.779667399999918 ], [ 110.430812699999976, -7.7796498 ], [ 110.4308227, -7.779585899999912 ], [ 110.430938, -7.779603499999975 ] ] ], [ [ [ 110.440284328359724, -7.779621340972036 ], [ 110.440274000000144, -7.779670199999965 ], [ 110.440163500000068, -7.779647299999962 ], [ 110.440174426497279, -7.779595611440127 ], [ 110.440284328359724, -7.779621340972036 ] ] ], [ [ [ 110.430797899999988, -7.779576099999925 ], [ 110.430791099999965, -7.779678199999927 ], [ 110.4307442, -7.779675099999943 ], [ 110.430665600000069, -7.77967 ], [ 110.4306724, -7.779567899999934 ], [ 110.430751, -7.779573099999953 ], [ 110.430797899999988, -7.779576099999925 ] ] ], [ [ [ 110.441607843489052, -7.779619400818148 ], [ 110.441597243489497, -7.779669900818248 ], [ 110.441532943493783, -7.779656500817941 ], [ 110.441542098649691, -7.779612970640762 ], [ 110.44151339999992, -7.779607 ], [ 110.441525300000123, -7.77955069999993 ], [ 110.441612300000031, -7.77956879999992 ], [ 110.441601865960081, -7.779618164408957 ], [ 110.441607843489052, -7.779619400818148 ] ] ], [ [ [ 110.440012328187294, -7.779557662004618 ], [ 110.439996816752057, -7.779631289609512 ], [ 110.439923316749187, -7.779616089608618 ], [ 110.439939298597196, -7.779540564776904 ], [ 110.440012328187294, -7.779557662004618 ] ] ], [ [ [ 110.439207300000163, -7.779550399999934 ], [ 110.439197100000214, -7.779598499999988 ], [ 110.439158132950794, -7.779590396624974 ], [ 110.439109100000039, -7.7795802 ], [ 110.439119300000186, -7.779532099999926 ], [ 110.439164407382989, -7.779541480285173 ], [ 110.439207300000163, -7.779550399999934 ] ] ], [ [ [ 110.43924579532657, -7.779531804314503 ], [ 110.439313901385304, -7.779546013490912 ], [ 110.439316499999975, -7.7795338 ], [ 110.439383100000157, -7.779547599999965 ], [ 110.439382429327381, -7.779550756354085 ], [ 110.439482107753335, -7.779571487988957 ], [ 110.439466607750632, -7.779644887988209 ], [ 110.439358907752663, -7.77962248798413 ], [ 110.439359170237879, -7.779621244990168 ], [ 110.4393005, -7.779609 ], [ 110.43930058720818, -7.779608590121995 ], [ 110.439232495327431, -7.779594404314871 ], [ 110.43924579532657, -7.779531804314503 ] ] ], [ [ [ 110.442912056476601, -7.779546270791738 ], [ 110.44290708230443, -7.779630476148045 ], [ 110.442785800000038, -7.779617900000011 ], [ 110.442794599999971, -7.779534100000011 ], [ 110.442912056476601, -7.779546270791738 ] ] ], [ [ [ 110.441500949816117, -7.779539039692211 ], [ 110.441488749819257, -7.779596439693224 ], [ 110.441458337104308, -7.779590126923902 ], [ 110.441448933171884, -7.779634246313012 ], [ 110.441371233176284, -7.779618146313915 ], [ 110.441375449774654, -7.779598324358461 ], [ 110.441390500781921, -7.779569632610793 ], [ 110.441408152047444, -7.779573312798528 ], [ 110.441419049811557, -7.779522039697174 ], [ 110.441500949816117, -7.779539039692211 ] ] ], [ [ [ 110.439909634914926, -7.779533620102372 ], [ 110.439893474440211, -7.77960982634796 ], [ 110.439812774435993, -7.779593026342797 ], [ 110.439829285270136, -7.779514809149578 ], [ 110.439909634914926, -7.779533620102372 ] ] ], [ [ [ 110.441749600000193, -7.7796123 ], [ 110.44174740000021, -7.779659299999897 ], [ 110.441655400000059, -7.77965499999988 ], [ 110.441657700000036, -7.779608 ], [ 110.441662100000059, -7.779514 ], [ 110.441754100000082, -7.779518299999946 ], [ 110.441749600000193, -7.7796123 ] ] ], [ [ [ 110.430949899999973, -7.779498 ], [ 110.4309441, -7.779551099999972 ], [ 110.430912, -7.779547599999955 ], [ 110.430917699999938, -7.779494599999914 ], [ 110.430949899999973, -7.779498 ] ] ], [ [ [ 110.442780800000094, -7.779525799999941 ], [ 110.442766300000159, -7.779619499999952 ], [ 110.442642299999889, -7.779600799999931 ], [ 110.442656800000037, -7.7795071 ], [ 110.442780800000094, -7.779525799999941 ] ] ], [ [ [ 110.440924089029934, -7.779594587132463 ], [ 110.440923044988821, -7.779598220695523 ], [ 110.440842435918128, -7.779575471026057 ], [ 110.44078804499847, -7.779560120700884 ], [ 110.440815944992224, -7.779463020699327 ], [ 110.440950944982518, -7.779501120694055 ], [ 110.440924089029934, -7.779594587132463 ] ] ], [ [ [ 110.442499951163015, -7.779495189193975 ], [ 110.442485951157224, -7.779582989192618 ], [ 110.442443128237613, -7.779576269286114 ], [ 110.44244286594504, -7.779577890314743 ], [ 110.442344465945951, -7.779562290314448 ], [ 110.44223426594732, -7.779544890314242 ], [ 110.442251365947385, -7.779438490314235 ], [ 110.442361665946052, -7.77945599031445 ], [ 110.442460065944942, -7.779471590314731 ], [ 110.44245731935807, -7.779488564865145 ], [ 110.442499951163015, -7.779495189193975 ] ] ], [ [ [ 110.439634140032197, -7.779456613259169 ], [ 110.439604599545603, -7.779537775306293 ], [ 110.439600870507277, -7.779551750198467 ], [ 110.439600456883483, -7.779554292387123 ], [ 110.439600218550936, -7.779555910193134 ], [ 110.43946220000015, -7.779527499999961 ], [ 110.439476200000215, -7.779460499999937 ], [ 110.439537600000136, -7.779473099999906 ], [ 110.439546100000157, -7.779432699999946 ], [ 110.439635300000063, -7.779451099999984 ], [ 110.439634140032197, -7.779456613259169 ] ] ], [ [ [ 110.442170800000056, -7.779418799999965 ], [ 110.442155900000103, -7.779538799999935 ], [ 110.442045100000129, -7.779525199999968 ], [ 110.44206000000014, -7.7794052 ], [ 110.442170800000056, -7.779418799999965 ] ] ], [ [ [ 110.440778799239098, -7.779416409772676 ], [ 110.440741899238787, -7.779544809770818 ], [ 110.440689492495139, -7.779530023577783 ], [ 110.440688893639489, -7.779532105920079 ], [ 110.440629293648612, -7.77951530591787 ], [ 110.440662193648038, -7.77940090591916 ], [ 110.44071817892231, -7.779416687007961 ], [ 110.440722799248675, -7.77940060977012 ], [ 110.440778799239098, -7.779416409772676 ] ] ], [ [ [ 110.442894600000074, -7.779413099999947 ], [ 110.44287599999987, -7.7794966 ], [ 110.442804600000088, -7.779481 ], [ 110.442823200000063, -7.7793975 ], [ 110.442894600000074, -7.779413099999947 ] ] ], [ [ [ 110.442733, -7.779406099999986 ], [ 110.442722900000078, -7.779453699999936 ], [ 110.442632400000051, -7.779434899999968 ], [ 110.442642500000176, -7.77938729999991 ], [ 110.442733, -7.779406099999986 ] ] ], [ [ [ 110.439340100000166, -7.779386299999953 ], [ 110.439320500000036, -7.779478899999975 ], [ 110.439241899999914, -7.779462599999951 ], [ 110.439261500000114, -7.77937 ], [ 110.439340100000166, -7.779386299999953 ] ] ], [ [ [ 110.430940499999977, -7.779387399999954 ], [ 110.430917700000052, -7.779482299999982 ], [ 110.430751299999969, -7.779443099999908 ], [ 110.430774, -7.7793482 ], [ 110.430940499999977, -7.779387399999954 ] ] ], [ [ [ 110.439372781214772, -7.779358081196486 ], [ 110.439417063118967, -7.779367223266341 ], [ 110.439417781412118, -7.779363889540496 ], [ 110.439475881411852, -7.779376089541609 ], [ 110.439458881410459, -7.779455089541117 ], [ 110.439444581409091, -7.779521589540747 ], [ 110.439386481409514, -7.779509389539752 ], [ 110.439400781410512, -7.779442789539975 ], [ 110.439402531085591, -7.779434668992131 ], [ 110.43935858121705, -7.779425481196949 ], [ 110.439372781214772, -7.779358081196486 ] ] ], [ [ [ 110.430711899999977, -7.779455 ], [ 110.430701700000029, -7.779526299999979 ], [ 110.430631700000021, -7.779516599999982 ], [ 110.430641899999969, -7.779445199999911 ], [ 110.430656900000045, -7.7793398 ], [ 110.4307269, -7.779349599999931 ], [ 110.430711899999977, -7.779455 ] ] ], [ [ [ 110.440513700000096, -7.7793666 ], [ 110.440479442712416, -7.779490489369167 ], [ 110.440407726274543, -7.779473699573576 ], [ 110.440442800000071, -7.779347299999977 ], [ 110.440513700000096, -7.7793666 ] ] ], [ [ [ 110.430654100000012, -7.779330099999983 ], [ 110.430624699999967, -7.779528899999939 ], [ 110.4305628, -7.779519899999956 ], [ 110.430592200000035, -7.779321099999978 ], [ 110.430654100000012, -7.779330099999983 ] ] ], [ [ [ 110.441140323960994, -7.779319273874923 ], [ 110.441285523949986, -7.779374673889823 ], [ 110.44126252394453, -7.779433773886979 ], [ 110.441156806055062, -7.779393437990215 ], [ 110.441129932682486, -7.779463503612698 ], [ 110.441215423873246, -7.779481289815519 ], [ 110.44120152386958, -7.779547289814042 ], [ 110.441174536955572, -7.77954165431085 ], [ 110.441161092918733, -7.779589919253236 ], [ 110.441143592921364, -7.779585219253905 ], [ 110.441127892926289, -7.779641619254903 ], [ 110.441040692940035, -7.779617719258292 ], [ 110.44106628584484, -7.779525810123101 ], [ 110.440986719746647, -7.7794968504036 ], [ 110.441010910941387, -7.779431699113224 ], [ 110.441001600000121, -7.779428199999826 ], [ 110.441034700000216, -7.779341899999916 ], [ 110.441119165235548, -7.779373642585264 ], [ 110.441140323960994, -7.779319273874923 ] ] ], [ [ [ 110.439657910165963, -7.779391305170263 ], [ 110.439654302916182, -7.779401216035295 ], [ 110.439547800000099, -7.779380599999927 ], [ 110.4395615, -7.779310900000011 ], [ 110.439665535409787, -7.779331038393898 ], [ 110.439664959487715, -7.779332541613309 ], [ 110.439660832962019, -7.77934759245878 ], [ 110.439659622074188, -7.779358131711353 ], [ 110.439657910165963, -7.779391305170263 ] ] ], [ [ [ 110.440390800000117, -7.779324899999829 ], [ 110.440369700000062, -7.779383099999918 ], [ 110.440305900000027, -7.779360399999898 ], [ 110.440327, -7.7793022 ], [ 110.440390800000117, -7.779324899999829 ] ] ], [ [ [ 110.442749700000022, -7.779298299999937 ], [ 110.442835823863334, -7.779315730945704 ], [ 110.442836658745634, -7.779311586087799 ], [ 110.442931158973707, -7.779330274873959 ], [ 110.442925858432204, -7.779387561353365 ], [ 110.442830901647255, -7.779368782277295 ], [ 110.4428303, -7.779371699999988 ], [ 110.442738400000124, -7.779353099999867 ], [ 110.442749700000022, -7.779298299999937 ] ] ], [ [ [ 110.440257600000251, -7.779307099999857 ], [ 110.440231142358343, -7.779432358871948 ], [ 110.440094766325188, -7.77940043138384 ], [ 110.440120500000077, -7.779278599999982 ], [ 110.440257600000251, -7.779307099999857 ] ] ], [ [ [ 110.439959400000077, -7.779291199999954 ], [ 110.439936938271941, -7.779363481685427 ], [ 110.439872957582921, -7.779348502934117 ], [ 110.439896700000105, -7.77927209999997 ], [ 110.439959400000077, -7.779291199999954 ] ] ], [ [ [ 110.440896943941908, -7.779253289700629 ], [ 110.440936043943452, -7.77927108970105 ], [ 110.440932591067238, -7.779278602552236 ], [ 110.440947800000032, -7.779283399999874 ], [ 110.440938930415768, -7.779310994269201 ], [ 110.440945603753192, -7.779312915193096 ], [ 110.44096013439524, -7.779285387702499 ], [ 110.440996534395381, -7.779304287704125 ], [ 110.440985863105666, -7.779324503867569 ], [ 110.440990007576303, -7.779325696855201 ], [ 110.440964807574233, -7.779411796854363 ], [ 110.440911465016555, -7.779396442172652 ], [ 110.44091000000023, -7.779401 ], [ 110.440850399999988, -7.779382199999874 ], [ 110.44088820000016, -7.779264599999982 ], [ 110.440891296817995, -7.779265576848821 ], [ 110.440896943941908, -7.779253289700629 ] ] ], [ [ [ 110.441609413943226, -7.77935161765484 ], [ 110.441595613942226, -7.779432517654536 ], [ 110.441582961107116, -7.779430407409119 ], [ 110.441572762626635, -7.779478784813357 ], [ 110.441507362633246, -7.779465184811757 ], [ 110.441517012773133, -7.779419408510364 ], [ 110.441491445173114, -7.779415144329358 ], [ 110.441479433840158, -7.779471808487671 ], [ 110.441445496466457, -7.779464794291992 ], [ 110.441447803810746, -7.779460395799665 ], [ 110.441451723390983, -7.779451805930828 ], [ 110.441530102412457, -7.779251534232426 ], [ 110.441610000000196, -7.779264899999947 ], [ 110.44159568684988, -7.779349328244157 ], [ 110.441609413943226, -7.77935161765484 ] ] ], [ [ [ 110.442232599999926, -7.7792819 ], [ 110.442293401065726, -7.77929203351171 ], [ 110.442294441429141, -7.779285644456296 ], [ 110.442409741424044, -7.779304044462602 ], [ 110.442398341420684, -7.779373944461733 ], [ 110.442351241422571, -7.779366344459175 ], [ 110.442345641421127, -7.779400944458837 ], [ 110.44227744142394, -7.779390044454973 ], [ 110.442277862549815, -7.779387458248025 ], [ 110.442216400000092, -7.7793772 ], [ 110.442170400000023, -7.779369499999984 ], [ 110.442171240492158, -7.779364555624753 ], [ 110.442075601843726, -7.779348646686051 ], [ 110.442092601837615, -7.779248046684665 ], [ 110.442196001837829, -7.779265146678397 ], [ 110.442194257093234, -7.779275481731036 ], [ 110.442232599999926, -7.7792819 ] ] ], [ [ [ 110.439896900000051, -7.779228600000032 ], [ 110.439881100000136, -7.779303499999934 ], [ 110.439862055385987, -7.779299567209713 ], [ 110.439889811326637, -7.77922712223093 ], [ 110.439896900000051, -7.779228600000032 ] ] ], [ [ [ 110.439701430862272, -7.779237347343693 ], [ 110.439672346135467, -7.779313261656284 ], [ 110.439588199999974, -7.7792957 ], [ 110.439604800000211, -7.779217199999873 ], [ 110.439701430862272, -7.779237347343693 ] ] ], [ [ [ 110.439593800000168, -7.779212299999935 ], [ 110.43957489999994, -7.779299 ], [ 110.43952200000011, -7.779288400000027 ], [ 110.439540400000197, -7.7792012 ], [ 110.439593800000168, -7.779212299999935 ] ] ], [ [ [ 110.440878900000158, -7.77925459999996 ], [ 110.440861, -7.779314499999955 ], [ 110.440853796654125, -7.779312387827715 ], [ 110.440831716322023, -7.779386737976175 ], [ 110.440705716325667, -7.779349937976874 ], [ 110.440727836506568, -7.779275453647045 ], [ 110.440670700000112, -7.779258699999959 ], [ 110.440688599999987, -7.779198799999969 ], [ 110.440878900000158, -7.77925459999996 ] ] ], [ [ [ 110.439902331574643, -7.779194443493339 ], [ 110.439896199999879, -7.77922329999994 ], [ 110.439891639433554, -7.779222350741779 ], [ 110.439902331574643, -7.779194443493339 ] ] ], [ [ [ 110.441642200000189, -7.779194599999977 ], [ 110.441631200000188, -7.7792464 ], [ 110.441561200000081, -7.779231899999921 ], [ 110.441572200000095, -7.77918 ], [ 110.441642200000189, -7.779194599999977 ] ] ], [ [ [ 110.440092899999982, -7.779195599999962 ], [ 110.440059400000152, -7.779322599999968 ], [ 110.4399845, -7.779303199999908 ], [ 110.440018100000117, -7.77917619999998 ], [ 110.440092899999982, -7.779195599999962 ] ] ], [ [ [ 110.442658900000112, -7.7792635 ], [ 110.442642600000028, -7.77934549999994 ], [ 110.442206900000116, -7.779260499999892 ], [ 110.442223200000129, -7.7791786 ], [ 110.442658900000112, -7.7792635 ] ] ], [ [ [ 110.442911200000012, -7.779204899999864 ], [ 110.4428998, -7.779274099999892 ], [ 110.442738400000138, -7.779248 ], [ 110.442749799999916, -7.779178799999983 ], [ 110.442911200000012, -7.779204899999864 ] ] ], [ [ [ 110.440302799999941, -7.77920079999993 ], [ 110.44028610000008, -7.779279599999965 ], [ 110.4401541, -7.77925219999987 ], [ 110.440170800000132, -7.7791733 ], [ 110.440302799999941, -7.77920079999993 ] ] ], [ [ [ 110.440008, -7.779167699999971 ], [ 110.439991000000177, -7.779248299999906 ], [ 110.439909, -7.7792313 ], [ 110.439926, -7.779150699999954 ], [ 110.440008, -7.779167699999971 ] ] ], [ [ [ 110.440636768765842, -7.779174173084267 ], [ 110.440608168673407, -7.779251085326241 ], [ 110.440625955606507, -7.779257609707013 ], [ 110.440590155607268, -7.779353709706989 ], [ 110.440495555609914, -7.779319109706614 ], [ 110.440531355609139, -7.779222909706649 ], [ 110.440535791230801, -7.77922453672703 ], [ 110.44056436876393, -7.779147773082449 ], [ 110.440636768765842, -7.779174173084267 ] ] ], [ [ [ 110.442095216455328, -7.779166229175246 ], [ 110.442082316455298, -7.779231529175166 ], [ 110.442061736436997, -7.779227542232567 ], [ 110.442038741635315, -7.779340899435982 ], [ 110.441972241640073, -7.779327599437218 ], [ 110.441995086332085, -7.779214630179272 ], [ 110.441903716460843, -7.779196929174082 ], [ 110.441916516460836, -7.779131629174061 ], [ 110.442095216455328, -7.779166229175246 ] ] ], [ [ [ 110.441193000000169, -7.779141699999961 ], [ 110.441147899999891, -7.77927239999993 ], [ 110.441080100000036, -7.779249399999979 ], [ 110.441125199999973, -7.779118699999927 ], [ 110.441193000000169, -7.779141699999961 ] ] ], [ [ [ 110.4310275, -7.779116299999967 ], [ 110.431015299999942, -7.779175799999932 ], [ 110.4309279, -7.779158099999969 ], [ 110.430940100000015, -7.779098599999934 ], [ 110.4310275, -7.779116299999967 ] ] ], [ [ [ 110.442204111618864, -7.779115881238436 ], [ 110.442186700000121, -7.779198100000013 ], [ 110.442131500000173, -7.779186599999926 ], [ 110.442148270387221, -7.779107181615093 ], [ 110.442204111618864, -7.779115881238436 ] ] ], [ [ [ 110.440331400000105, -7.779118699999927 ], [ 110.440321000000125, -7.779168 ], [ 110.440251500000088, -7.779153599999971 ], [ 110.440262000000217, -7.779104199999933 ], [ 110.440331400000105, -7.779118699999927 ] ] ], [ [ [ 110.441872833266629, -7.77916962805465 ], [ 110.441857033263645, -7.779244128053739 ], [ 110.441806433266663, -7.779233628051186 ], [ 110.441819201246204, -7.77917334380779 ], [ 110.44174920000016, -7.779158799999952 ], [ 110.441761300000138, -7.779101599999989 ], [ 110.441856599999895, -7.779121399999975 ], [ 110.441847519668485, -7.779164325205306 ], [ 110.441872833266629, -7.77916962805465 ] ] ], [ [ [ 110.441110291031137, -7.779111975704841 ], [ 110.441101691030738, -7.779140975704754 ], [ 110.441101381036276, -7.779140884878379 ], [ 110.441069501691345, -7.779242702600798 ], [ 110.441019201691603, -7.779227202600652 ], [ 110.44105170169145, -7.779123402600773 ], [ 110.441055374334084, -7.779124534329795 ], [ 110.441063191030281, -7.779098175704496 ], [ 110.441110291031137, -7.779111975704841 ] ] ], [ [ [ 110.4405548000001, -7.779124599999935 ], [ 110.440491, -7.779301099999973 ], [ 110.44041050000007, -7.779272599999945 ], [ 110.440474200000182, -7.779096 ], [ 110.4405548000001, -7.779124599999935 ] ] ], [ [ [ 110.4401011, -7.779112399999916 ], [ 110.440080500000121, -7.779181 ], [ 110.439986700000176, -7.779153299999853 ], [ 110.440007400000113, -7.779084699999943 ], [ 110.4401011, -7.779112399999916 ] ] ], [ [ [ 110.441388618806101, -7.779101226735732 ], [ 110.441368338616684, -7.779192220663159 ], [ 110.441317018350887, -7.779323352526047 ], [ 110.441209479725032, -7.779288452852487 ], [ 110.441209062332248, -7.779289691071267 ], [ 110.441171062331875, -7.779277191072541 ], [ 110.441200962328509, -7.779188491071245 ], [ 110.441238962328754, -7.779200991069883 ], [ 110.441229531845622, -7.779228967126909 ], [ 110.441235254459244, -7.779230824296267 ], [ 110.441253827332744, -7.779174724694767 ], [ 110.441269927333366, -7.779126024694996 ], [ 110.441274511575685, -7.779127512351103 ], [ 110.441295691784916, -7.77906847017847 ], [ 110.441388618806101, -7.779101226735732 ] ] ], [ [ [ 110.439998400000079, -7.779071999999843 ], [ 110.439977899999903, -7.779139399999845 ], [ 110.439929005365784, -7.77912482300148 ], [ 110.439954282730767, -7.779058847281289 ], [ 110.439998400000079, -7.779071999999843 ] ] ], [ [ [ 110.441042706039156, -7.779098000691874 ], [ 110.441031806038879, -7.779134800691703 ], [ 110.440969424775602, -7.779116732946734 ], [ 110.440966760138281, -7.779124968505791 ], [ 110.441024306252828, -7.779142499111393 ], [ 110.441013406252466, -7.779177499111068 ], [ 110.440955473866197, -7.779159850833317 ], [ 110.440953775063406, -7.779165101299267 ], [ 110.441009606980273, -7.779182808822879 ], [ 110.440998306979964, -7.779217608822796 ], [ 110.440942511669533, -7.779199912909205 ], [ 110.440942094646772, -7.779201201795632 ], [ 110.440888394645995, -7.779184101796441 ], [ 110.440929194644099, -7.779058101795694 ], [ 110.440982894644833, -7.779075101794707 ], [ 110.440981245253184, -7.779080199548628 ], [ 110.441042706039156, -7.779098000691874 ] ] ], [ [ [ 110.440465399999951, -7.779076699999906 ], [ 110.440396000000106, -7.779267699999967 ], [ 110.440329700000149, -7.7792441 ], [ 110.440399100000207, -7.779053 ], [ 110.440465399999951, -7.779076699999906 ] ] ], [ [ [ 110.440277600000101, -7.779035499999964 ], [ 110.440239600000183, -7.779142799999972 ], [ 110.44017139999994, -7.779119099999924 ], [ 110.440209400000043, -7.779011699999945 ], [ 110.440277600000101, -7.779035499999964 ] ] ], [ [ [ 110.442937963527072, -7.779015182732102 ], [ 110.442929599999943, -7.7790605 ], [ 110.442894700000096, -7.779054199999908 ], [ 110.4428744, -7.779163499999969 ], [ 110.442773800000211, -7.7791452 ], [ 110.442798526141615, -7.779012037185514 ], [ 110.442937963527072, -7.779015182732102 ] ] ], [ [ [ 110.441715099999911, -7.7790049 ], [ 110.441706700000196, -7.779084399999979 ], [ 110.441648199999889, -7.77907829999993 ], [ 110.441656699999967, -7.778998799999919 ], [ 110.441715099999911, -7.7790049 ] ] ], [ [ [ 110.439785780073166, -7.778995158204362 ], [ 110.43976858006819, -7.779058558202427 ], [ 110.439757862462272, -7.779055709218438 ], [ 110.439749019485717, -7.77909488032684 ], [ 110.43966691949278, -7.779076680325335 ], [ 110.439667472849067, -7.779074229162379 ], [ 110.439647212130637, -7.779069707307261 ], [ 110.439673212118137, -7.7789550073039 ], [ 110.439731012115629, -7.778967807298648 ], [ 110.439728294962975, -7.77897980458197 ], [ 110.439785780073166, -7.778995158204362 ] ] ], [ [ [ 110.430941299999958, -7.779041599999919 ], [ 110.43092620000003, -7.779115399999968 ], [ 110.430733499999988, -7.779076499999948 ], [ 110.430762299999984, -7.7789349 ], [ 110.4308924, -7.778961 ], [ 110.4308786, -7.779029 ], [ 110.430941299999958, -7.779041599999919 ] ] ], [ [ [ 110.440156700000202, -7.778972299999966 ], [ 110.440117099999853, -7.779094199999929 ], [ 110.440023400000186, -7.779064299999927 ], [ 110.440063, -7.778942299999943 ], [ 110.440156700000202, -7.778972299999966 ] ] ], [ [ [ 110.437630800000107, -7.778937799999973 ], [ 110.437628445260117, -7.778997638099325 ], [ 110.437627577259647, -7.778997233201965 ], [ 110.437621051971064, -7.778994493610289 ], [ 110.437545653436018, -7.778966240726629 ], [ 110.437546900000029, -7.778934599999962 ], [ 110.437630800000107, -7.778937799999973 ] ] ], [ [ [ 110.437715199999985, -7.7790199 ], [ 110.437666261383796, -7.779021828287842 ], [ 110.437665686838514, -7.779021294669725 ], [ 110.437662268553112, -7.779018276482779 ], [ 110.437654612349547, -7.779012513047075 ], [ 110.437647575824585, -7.779007777047394 ], [ 110.437642294351377, -7.779004479836192 ], [ 110.437640811399746, -7.779003707572165 ], [ 110.4376378, -7.778930800000012 ], [ 110.43771140000004, -7.778927899999939 ], [ 110.437715199999985, -7.7790199 ] ] ], [ [ [ 110.44004970000006, -7.778931199999954 ], [ 110.440017900000086, -7.779055199999889 ], [ 110.439961132683464, -7.779040968417765 ], [ 110.440007259189173, -7.778920574957742 ], [ 110.44004970000006, -7.778931199999954 ] ] ], [ [ [ 110.441410039153482, -7.779005117104737 ], [ 110.441393621807578, -7.779078779078204 ], [ 110.441306499999953, -7.779051799999959 ], [ 110.441326800000212, -7.778988 ], [ 110.441349605717079, -7.778915881051347 ], [ 110.441409879791607, -7.77892853188232 ], [ 110.441410039153482, -7.779005117104737 ] ] ], [ [ [ 110.441326700000218, -7.778944199999957 ], [ 110.441307100000216, -7.779011 ], [ 110.441189400000127, -7.778977099999913 ], [ 110.441209, -7.7789103 ], [ 110.441326700000218, -7.778944199999957 ] ] ], [ [ [ 110.44071820000012, -7.778986099999957 ], [ 110.440674000000229, -7.779106799999919 ], [ 110.440592799999962, -7.779077599999969 ], [ 110.440636999999896, -7.778956899999952 ], [ 110.440654700000209, -7.778908599999843 ], [ 110.440735899999908, -7.778937799999957 ], [ 110.44071820000012, -7.778986099999957 ] ] ], [ [ [ 110.44097619999998, -7.778921299999923 ], [ 110.440957899999972, -7.778976099999936 ], [ 110.440901900000057, -7.778957799999914 ], [ 110.440920199999979, -7.778903 ], [ 110.44097619999998, -7.778921299999923 ] ] ], [ [ [ 110.437633800000015, -7.778892599999952 ], [ 110.4376327, -7.7789318 ], [ 110.437564200000011, -7.778929899999932 ], [ 110.437565300000017, -7.778890799999942 ], [ 110.437633800000015, -7.778892599999952 ] ] ], [ [ [ 110.441191700000019, -7.778910799999927 ], [ 110.441160699999983, -7.77900459999997 ], [ 110.44109629999987, -7.778983799999951 ], [ 110.44112719999994, -7.778889899999984 ], [ 110.441191700000019, -7.778910799999927 ] ] ], [ [ [ 110.44110670000012, -7.778907199999989 ], [ 110.441078500000089, -7.778989299999868 ], [ 110.4409875, -7.7789587 ], [ 110.441015700000065, -7.778876499999949 ], [ 110.44110670000012, -7.778907199999989 ] ] ], [ [ [ 110.44091620000016, -7.77897609999993 ], [ 110.440873099999862, -7.779099099999984 ], [ 110.440779600000084, -7.779066899999986 ], [ 110.440769200000076, -7.779096399999837 ], [ 110.4408059, -7.779109099999981 ], [ 110.440784700000165, -7.779169599999958 ], [ 110.440678500000146, -7.779133 ], [ 110.440699800000203, -7.779072500000012 ], [ 110.440780600000139, -7.778842499999985 ], [ 110.44085, -7.778866399999915 ], [ 110.44082280000012, -7.778943899999929 ], [ 110.44091620000016, -7.77897609999993 ] ] ], [ [ [ 110.439735906161403, -7.778835200772353 ], [ 110.439809606157922, -7.778849900771534 ], [ 110.439808515976807, -7.778855296246543 ], [ 110.439823550472966, -7.778858423652336 ], [ 110.439803350466164, -7.778953823649922 ], [ 110.439789202683471, -7.778950880694189 ], [ 110.439786006160233, -7.778966700771929 ], [ 110.439712306163543, -7.77895210077271 ], [ 110.439714968017029, -7.778938915577291 ], [ 110.439670094503612, -7.778928607999378 ], [ 110.439691794497307, -7.778836307997766 ], [ 110.439733721592347, -7.778846021798839 ], [ 110.439735906161403, -7.778835200772353 ] ] ], [ [ [ 110.440438773267886, -7.778825941074275 ], [ 110.440490220764644, -7.778841937352801 ], [ 110.440493099999884, -7.778834 ], [ 110.440622400000194, -7.77888 ], [ 110.440596500000254, -7.778951499999942 ], [ 110.440560300000044, -7.778938599999935 ], [ 110.440533300000098, -7.779012799999932 ], [ 110.44044020000004, -7.778979699999956 ], [ 110.440458981065802, -7.778928017292232 ], [ 110.440411073271179, -7.778913041075818 ], [ 110.440438773267886, -7.778825941074275 ] ] ], [ [ [ 110.437129400000018, -7.778816599999971 ], [ 110.437120349828831, -7.778855551936569 ], [ 110.437075493994129, -7.778847538765215 ], [ 110.437072791016391, -7.778847099677418 ], [ 110.437069539776928, -7.778846621691915 ], [ 110.437066824026275, -7.778846264138238 ], [ 110.437054284888546, -7.778844805039423 ], [ 110.43706429999996, -7.778801699999967 ], [ 110.437129400000018, -7.778816599999971 ] ] ], [ [ [ 110.437351500000105, -7.778803199999928 ], [ 110.437347200000019, -7.778856099999953 ], [ 110.43723810000003, -7.778847399999939 ], [ 110.437242400000031, -7.778794500000013 ], [ 110.437351500000105, -7.778803199999928 ] ] ], [ [ [ 110.430928738041189, -7.77880715770068 ], [ 110.430915138039182, -7.778886857700249 ], [ 110.430837679861, -7.778873799614801 ], [ 110.430837100000147, -7.778877 ], [ 110.430769599999977, -7.778865099999962 ], [ 110.4307851, -7.778778899999962 ], [ 110.4308527, -7.778790899999943 ], [ 110.43085209536973, -7.778794237095374 ], [ 110.430928738041189, -7.77880715770068 ] ] ], [ [ [ 110.437416500000012, -7.7787859 ], [ 110.43741009999998, -7.778866199999962 ], [ 110.4373579, -7.778862099999969 ], [ 110.4373644, -7.778781799999938 ], [ 110.437416500000012, -7.7787859 ] ] ], [ [ [ 110.439445219109743, -7.778795636253638 ], [ 110.439435596976338, -7.778840989700079 ], [ 110.439436705806003, -7.778841221714507 ], [ 110.439406305809086, -7.778984821714569 ], [ 110.439328305819259, -7.778968621714125 ], [ 110.439313905820597, -7.779036221714126 ], [ 110.439146978838409, -7.779001468058311 ], [ 110.439069905852037, -7.778985421712855 ], [ 110.439086492627553, -7.778907361665609 ], [ 110.439091005849804, -7.778886121712715 ], [ 110.439164413792341, -7.778901405008063 ], [ 110.43933500581835, -7.778936921713957 ], [ 110.439358805815985, -7.778824921714042 ], [ 110.439359288470612, -7.778825022705979 ], [ 110.439368819112659, -7.778779836251191 ], [ 110.439445219109743, -7.778795636253638 ] ] ], [ [ [ 110.437230799999966, -7.7787741 ], [ 110.437223099999954, -7.77887 ], [ 110.437184107300411, -7.778866941749036 ], [ 110.43714660000002, -7.778864 ], [ 110.437146901331289, -7.778860295170992 ], [ 110.43715439999994, -7.778768099999916 ], [ 110.437230799999966, -7.7787741 ] ] ], [ [ [ 110.439643745147308, -7.778831286021536 ], [ 110.439625045144069, -7.778919686020388 ], [ 110.439590245144785, -7.778912486019019 ], [ 110.439592079360622, -7.778903805375432 ], [ 110.4395124340557, -7.778885695318427 ], [ 110.439524281167252, -7.778834193289823 ], [ 110.439486772327399, -7.778826118472202 ], [ 110.439501472323826, -7.778759318471098 ], [ 110.439544572325445, -7.778768618468691 ], [ 110.439544183390609, -7.778770397979521 ], [ 110.439621134052018, -7.778787895317416 ], [ 110.439612637242519, -7.778824760511434 ], [ 110.439643745147308, -7.778831286021536 ] ] ], [ [ [ 110.440392280504014, -7.778815229218618 ], [ 110.440366080500354, -7.778893929217119 ], [ 110.440321239856431, -7.778879260157312 ], [ 110.440294900000097, -7.778968599999936 ], [ 110.440236, -7.778951599999837 ], [ 110.440173200000146, -7.778933499999877 ], [ 110.440224400000133, -7.778759399999942 ], [ 110.440287300000207, -7.778777599999933 ], [ 110.440346199999979, -7.778794600000021 ], [ 110.440344706419623, -7.778799665947598 ], [ 110.440392280504014, -7.778815229218618 ] ] ], [ [ [ 110.437683899999982, -7.778750600000023 ], [ 110.437680400000033, -7.778859299999948 ], [ 110.437576299999947, -7.778856 ], [ 110.43757979999998, -7.7787473 ], [ 110.437683899999982, -7.778750600000023 ] ] ], [ [ [ 110.4370489, -7.778752499999987 ], [ 110.4370376, -7.7788169 ], [ 110.436988900000031, -7.778808499999988 ], [ 110.4370001, -7.7787441 ], [ 110.4370489, -7.778752499999987 ] ] ], [ [ [ 110.436890300000044, -7.778725399999973 ], [ 110.4368734, -7.778811799999928 ], [ 110.436834300998527, -7.778804300563897 ], [ 110.436836052721461, -7.778799941164232 ], [ 110.436837050745339, -7.778797342365811 ], [ 110.436838372309268, -7.778793465996901 ], [ 110.4368616055432, -7.778719896221475 ], [ 110.436890300000044, -7.778725399999973 ] ] ], [ [ [ 110.440184925336936, -7.778784724528733 ], [ 110.440164825335131, -7.778852624527953 ], [ 110.440113435643042, -7.778837798974554 ], [ 110.440113199999885, -7.77883860000002 ], [ 110.440046114545098, -7.778819159715841 ], [ 110.440083369022474, -7.77872192288068 ], [ 110.4401425, -7.778739 ], [ 110.440133436127539, -7.778769810985534 ], [ 110.440184925336936, -7.778784724528733 ] ] ], [ [ [ 110.440617600000152, -7.778733699999912 ], [ 110.440594500000188, -7.778842499999968 ], [ 110.440504400000037, -7.778823799999908 ], [ 110.440527499999888, -7.778714899999907 ], [ 110.440617600000152, -7.778733699999912 ] ] ], [ [ [ 110.437231, -7.778714299999931 ], [ 110.437225200000043, -7.778764899999953 ], [ 110.4371262, -7.7787537 ], [ 110.437132, -7.7787032 ], [ 110.437231, -7.778714299999931 ] ] ], [ [ [ 110.440876830307502, -7.778762219447381 ], [ 110.440870829293644, -7.778781722745112 ], [ 110.44094742335723, -7.778807416310872 ], [ 110.440928723355313, -7.778862016309972 ], [ 110.440853878053204, -7.778836814266225 ], [ 110.440853719515985, -7.778837329511939 ], [ 110.440808119517925, -7.778823529511213 ], [ 110.440819808570055, -7.778785647719323 ], [ 110.440769100000082, -7.778769 ], [ 110.440762, -7.778790399999936 ], [ 110.440684600000012, -7.778765099999977 ], [ 110.440704664798986, -7.778705037608433 ], [ 110.440876830307502, -7.778762219447381 ] ] ], [ [ [ 110.437364400000021, -7.778702599999963 ], [ 110.4373601, -7.7787956 ], [ 110.437237299999978, -7.778790099999989 ], [ 110.437241599999979, -7.778697 ], [ 110.437364400000021, -7.778702599999963 ] ] ], [ [ [ 110.437423, -7.778685899999984 ], [ 110.437418800000032, -7.778714399999931 ], [ 110.437380800000028, -7.77870879999991 ], [ 110.437385, -7.778680299999952 ], [ 110.437423, -7.778685899999984 ] ] ], [ [ [ 110.4372214, -7.778684499999968 ], [ 110.437218600000037, -7.778707199999984 ], [ 110.43714079999998, -7.778698 ], [ 110.437143500000047, -7.778675199999978 ], [ 110.4372214, -7.778684499999968 ] ] ], [ [ [ 110.436311400000022, -7.778682399999952 ], [ 110.436297700000026, -7.7787269 ], [ 110.436241299999978, -7.778709800000014 ], [ 110.436255, -7.778665299999975 ], [ 110.436311400000022, -7.778682399999952 ] ] ], [ [ [ 110.4376732, -7.778663299999989 ], [ 110.437667100000013, -7.778736500000013 ], [ 110.437513299999978, -7.778724 ], [ 110.437519300000034, -7.778650799999903 ], [ 110.4376732, -7.778663299999989 ] ] ], [ [ [ 110.430999489292546, -7.778646404407575 ], [ 110.430986489288458, -7.778726204406628 ], [ 110.430967676344196, -7.778723196375396 ], [ 110.430964537140085, -7.778745115736134 ], [ 110.43077213716272, -7.778718115744451 ], [ 110.43078353715778, -7.778638415743542 ], [ 110.430921904972593, -7.778657905186412 ], [ 110.430925689291499, -7.778634704404147 ], [ 110.430999489292546, -7.778646404407575 ] ] ], [ [ [ 110.437055, -7.77866849999994 ], [ 110.43703859999998, -7.77873469999994 ], [ 110.436919, -7.778705400000011 ], [ 110.436935500000033, -7.778639299999961 ], [ 110.437055, -7.77866849999994 ] ] ], [ [ [ 110.436506597164666, -7.778769930838361 ], [ 110.436503040015921, -7.778774846305695 ], [ 110.43650087358742, -7.778774502512886 ], [ 110.436554699999974, -7.778638399999953 ], [ 110.436579974556381, -7.778648210946055 ], [ 110.436568243748141, -7.778685356147825 ], [ 110.436517538423402, -7.778757575014151 ], [ 110.436512173884992, -7.778763365063154 ], [ 110.436506597164666, -7.778769930838361 ] ] ], [ [ [ 110.436929900000024, -7.7786377 ], [ 110.436905, -7.778723099999969 ], [ 110.436864273524591, -7.778711447858408 ], [ 110.43689107126221, -7.778626590815032 ], [ 110.436929900000024, -7.7786377 ] ] ], [ [ [ 110.4364281, -7.778642299999937 ], [ 110.436393599999988, -7.778750699999932 ], [ 110.436309400000027, -7.778724499999988 ], [ 110.43634389999994, -7.77861609999997 ], [ 110.4364281, -7.778642299999937 ] ] ], [ [ [ 110.439871205735102, -7.778645928265798 ], [ 110.439849505732681, -7.778709228264908 ], [ 110.439846124490273, -7.778708089320419 ], [ 110.439820600000104, -7.77883009999993 ], [ 110.439755800000086, -7.778816799999969 ], [ 110.439783009829924, -7.778686829644266 ], [ 110.439773505731281, -7.778683628262522 ], [ 110.439795205733972, -7.778620328263429 ], [ 110.439871205735102, -7.778645928265798 ] ] ], [ [ [ 110.440492810269603, -7.778689779857495 ], [ 110.440464910264282, -7.778803079855499 ], [ 110.440409773770781, -7.778789744953513 ], [ 110.440407509907715, -7.778797909950205 ], [ 110.440342609909024, -7.77878030994934 ], [ 110.440372609910071, -7.778672009949902 ], [ 110.440389510271572, -7.77861089183524 ], [ 110.440503949828653, -7.778644394865967 ], [ 110.440492810269603, -7.778689779857495 ] ] ], [ [ [ 110.436523299999976, -7.778696499999985 ], [ 110.436492180707745, -7.778773123030838 ], [ 110.436468667411972, -7.778769391681561 ], [ 110.436398900000043, -7.778741499999972 ], [ 110.436432099999976, -7.778660099999988 ], [ 110.436460299999979, -7.7785906 ], [ 110.436551599999987, -7.778627100000015 ], [ 110.436523299999976, -7.778696499999985 ] ] ], [ [ [ 110.437442199999964, -7.778615300000019 ], [ 110.437431400000051, -7.778678899999926 ], [ 110.437275699999944, -7.778652900000011 ], [ 110.437286599999965, -7.7785893 ], [ 110.437442199999964, -7.778615300000019 ] ] ], [ [ [ 110.4359987, -7.778601399999923 ], [ 110.435989322438786, -7.778644980216392 ], [ 110.435903989726683, -7.778619619373412 ], [ 110.43591190000005, -7.778583 ], [ 110.4359987, -7.778601399999923 ] ] ], [ [ [ 110.436184099999963, -7.778600799999945 ], [ 110.436161240077794, -7.778694535663987 ], [ 110.436109488633292, -7.77868069355457 ], [ 110.436077092293189, -7.77867106537711 ], [ 110.436099299999952, -7.778580399999965 ], [ 110.436184099999963, -7.778600799999945 ] ] ], [ [ [ 110.436336599999962, -7.77861149999997 ], [ 110.436315099999973, -7.778676199999973 ], [ 110.43621829999995, -7.778644599999955 ], [ 110.436239799999953, -7.7785799 ], [ 110.436336599999962, -7.77861149999997 ] ] ], [ [ [ 110.437603100000032, -7.778584699999964 ], [ 110.437598099999974, -7.7786451 ], [ 110.437495899999959, -7.778636800000018 ], [ 110.437500900000046, -7.7785763 ], [ 110.437603100000032, -7.778584699999964 ] ] ], [ [ [ 110.440352461932818, -7.778600045658826 ], [ 110.440341225645099, -7.778653162644681 ], [ 110.440276373833001, -7.778639721343451 ], [ 110.440270749107256, -7.778666293311804 ], [ 110.440199049108685, -7.778651393309239 ], [ 110.440218236355705, -7.77856075012374 ], [ 110.440352461932818, -7.778600045658826 ] ] ], [ [ [ 110.437172699999962, -7.778565 ], [ 110.437147400000114, -7.778633699999943 ], [ 110.437099500000045, -7.778616400000015 ], [ 110.4371248, -7.778547599999987 ], [ 110.437172699999962, -7.778565 ] ] ], [ [ [ 110.435897100000034, -7.7785486 ], [ 110.435884161274558, -7.778613726360567 ], [ 110.435838848716941, -7.778600259468265 ], [ 110.435850900000034, -7.77853959999997 ], [ 110.435897100000034, -7.7785486 ] ] ], [ [ [ 110.436088676859995, -7.778589205640547 ], [ 110.436066510392749, -7.778667920441174 ], [ 110.436005250155077, -7.778649713926472 ], [ 110.436027076861549, -7.778572205641441 ], [ 110.436036176860824, -7.778539705641227 ], [ 110.436097776859143, -7.778556705640327 ], [ 110.436088676859995, -7.778589205640547 ] ] ], [ [ [ 110.440172107900224, -7.778547245675711 ], [ 110.440148775517173, -7.778657858446833 ], [ 110.440110930934239, -7.778649984331053 ], [ 110.440138707987899, -7.778577484245728 ], [ 110.440154425571208, -7.778542069042534 ], [ 110.440172107900224, -7.778547245675711 ] ] ], [ [ [ 110.435839710545594, -7.778536288648747 ], [ 110.435826284299154, -7.778596525323272 ], [ 110.435771258863525, -7.778580171763594 ], [ 110.43576884686523, -7.778579454915955 ], [ 110.435781310547867, -7.77852348864861 ], [ 110.435839710545594, -7.778536288648747 ] ] ], [ [ [ 110.439756619970751, -7.778588629929484 ], [ 110.43973951996901, -7.778639729928587 ], [ 110.439661136780941, -7.778614047796603 ], [ 110.439738656137479, -7.77864188773022 ], [ 110.439709956136326, -7.778720487729028 ], [ 110.439566556147128, -7.778668987723888 ], [ 110.439594579648158, -7.778592240439977 ], [ 110.439546019978096, -7.778576329920369 ], [ 110.439563119979795, -7.778525229921338 ], [ 110.439756619970751, -7.778588629929484 ] ] ], [ [ [ 110.436037299999981, -7.778514699999918 ], [ 110.436017699999937, -7.7785905 ], [ 110.435971200000026, -7.778578700000015 ], [ 110.435990899999979, -7.778502799999939 ], [ 110.436037299999981, -7.778514699999918 ] ] ], [ [ [ 110.437667500000131, -7.77850529999998 ], [ 110.437664500000054, -7.778631700000044 ], [ 110.4376082, -7.778630399999938 ], [ 110.437611200000106, -7.778504 ], [ 110.437667500000131, -7.77850529999998 ] ] ], [ [ [ 110.437098300000017, -7.7785238 ], [ 110.4370594, -7.778626499999956 ], [ 110.436993499999957, -7.778602 ], [ 110.437032399999978, -7.778499299999979 ], [ 110.437098300000017, -7.7785238 ] ] ], [ [ [ 110.435985300000041, -7.778504 ], [ 110.435967399999967, -7.778584100000014 ], [ 110.4359195, -7.77857359999994 ], [ 110.435937399999958, -7.778493499999937 ], [ 110.435985300000041, -7.778504 ] ] ], [ [ [ 110.436232399999966, -7.77847460000001 ], [ 110.436205200000018, -7.7786 ], [ 110.436155900000117, -7.778589599999925 ], [ 110.436183099999951, -7.778464099999947 ], [ 110.436232399999966, -7.77847460000001 ] ] ], [ [ [ 110.437300399999955, -7.7784637 ], [ 110.43726519999997, -7.778666299999963 ], [ 110.437227499999963, -7.778659899999972 ], [ 110.437262700000034, -7.7784573 ], [ 110.437300399999955, -7.7784637 ] ] ], [ [ [ 110.437471300000041, -7.778475899999918 ], [ 110.437452800000031, -7.778602 ], [ 110.437288699999968, -7.778578299999935 ], [ 110.437307199999978, -7.778452199999918 ], [ 110.437471300000041, -7.778475899999918 ] ] ], [ [ [ 110.436170499999989, -7.778458099999971 ], [ 110.4361512, -7.778554699999982 ], [ 110.43605380000001, -7.778535699999969 ], [ 110.436073, -7.7784391 ], [ 110.436170499999989, -7.778458099999971 ] ] ], [ [ [ 110.436590900000013, -7.778457199999969 ], [ 110.436580599999971, -7.7784949 ], [ 110.436509399999977, -7.778475899999939 ], [ 110.436519600000011, -7.7784381 ], [ 110.436590900000013, -7.778457199999969 ] ] ], [ [ [ 110.436495499999964, -7.778512299999914 ], [ 110.436473600000014, -7.778569199999922 ], [ 110.4362691, -7.77849209999992 ], [ 110.436290900000017, -7.778435199999909 ], [ 110.436495499999964, -7.778512299999914 ] ] ], [ [ [ 110.43577801012934, -7.778450516197674 ], [ 110.435750473421493, -7.77857399431544 ], [ 110.43567197361439, -7.778550664116796 ], [ 110.435698210136152, -7.778433016199314 ], [ 110.43577801012934, -7.778450516197674 ] ] ], [ [ [ 110.437235300000026, -7.778427699999924 ], [ 110.43721930000001, -7.778472799999945 ], [ 110.4371794, -7.778458899999926 ], [ 110.437195299999956, -7.778413799999936 ], [ 110.437235300000026, -7.778427699999924 ] ] ], [ [ [ 110.4360675, -7.7784296 ], [ 110.436050700000166, -7.778505499999984 ], [ 110.435951199999963, -7.778483799999948 ], [ 110.435968, -7.778408 ], [ 110.4360675, -7.7784296 ] ] ], [ [ [ 110.439802215800697, -7.778438521252333 ], [ 110.439787128558493, -7.778495024446406 ], [ 110.439819874522769, -7.77850482379405 ], [ 110.43983692713104, -7.778448735097085 ], [ 110.439837269258618, -7.778447609786025 ], [ 110.439899669261578, -7.778466109788458 ], [ 110.43989936778263, -7.778467108323036 ], [ 110.439866669255608, -7.778575409786742 ], [ 110.439865255243731, -7.778574989649139 ], [ 110.439853300000166, -7.778614200000018 ], [ 110.439660099999969, -7.778556399999838 ], [ 110.439687799999959, -7.778465299999927 ], [ 110.439688352212613, -7.778465465251751 ], [ 110.439702570298635, -7.778412217131594 ], [ 110.439795489129835, -7.778436541922515 ], [ 110.439802270303318, -7.778438317134577 ], [ 110.439802215800697, -7.778438521252333 ] ] ], [ [ [ 110.435608031464682, -7.778414916713126 ], [ 110.435578547780125, -7.778522897892268 ], [ 110.435528637391855, -7.778508064489303 ], [ 110.435557831472636, -7.778401416712625 ], [ 110.435608031464682, -7.778414916713126 ] ] ], [ [ [ 110.430939623427832, -7.778500660331463 ], [ 110.430951209971653, -7.778502488430403 ], [ 110.430962699999967, -7.778428599999935 ], [ 110.431049200000018, -7.778441799999939 ], [ 110.431035500000021, -7.77853 ], [ 110.43095466825153, -7.778517571534605 ], [ 110.4309378439509, -7.778622393124945 ], [ 110.430847843957622, -7.778608193127914 ], [ 110.430865563219214, -7.778497795600539 ], [ 110.430748700000038, -7.778480299999933 ], [ 110.430762800000011, -7.778388299999966 ], [ 110.430952400000081, -7.7784167 ], [ 110.430939623427832, -7.778500660331463 ] ] ], [ [ [ 110.435880100000034, -7.7784078 ], [ 110.435852299999951, -7.778518099999974 ], [ 110.435793200000077, -7.7785035 ], [ 110.435821, -7.778393100000014 ], [ 110.435880100000034, -7.7784078 ] ] ], [ [ [ 110.437478400000046, -7.778396 ], [ 110.437468099999975, -7.778471299999989 ], [ 110.437419699999964, -7.7784648 ], [ 110.437430100000043, -7.778389499999982 ], [ 110.437478400000046, -7.778396 ] ] ], [ [ [ 110.4376404, -7.778401799999927 ], [ 110.4376329, -7.7784865 ], [ 110.437478100000035, -7.77847309999995 ], [ 110.437485700000011, -7.778388299999956 ], [ 110.4376404, -7.778401799999927 ] ] ], [ [ [ 110.435943300000062, -7.778379100000013 ], [ 110.435904199999982, -7.77853609999994 ], [ 110.4358595, -7.778525199999931 ], [ 110.435898599999973, -7.778368099999954 ], [ 110.435943300000062, -7.778379100000013 ] ] ], [ [ [ 110.437423800000047, -7.778384199999965 ], [ 110.437415499999972, -7.778459199999962 ], [ 110.4372739, -7.778443799999953 ], [ 110.437282199999956, -7.778368899999951 ], [ 110.437423800000047, -7.778384199999965 ] ] ], [ [ [ 110.437194799999986, -7.778405599999989 ], [ 110.437151099999937, -7.778532299999965 ], [ 110.437008499999976, -7.778484 ], [ 110.437052300000033, -7.778357299999983 ], [ 110.437194799999986, -7.778405599999989 ] ] ], [ [ [ 110.436606100000077, -7.778374599999987 ], [ 110.436583599999977, -7.778450799999968 ], [ 110.4365206, -7.7784326 ], [ 110.4365431, -7.77835639999998 ], [ 110.436606100000077, -7.778374599999987 ] ] ], [ [ [ 110.435632699999971, -7.778366799999973 ], [ 110.4356231, -7.778402 ], [ 110.4355694, -7.778387499999967 ], [ 110.435579, -7.778352300000016 ], [ 110.435632699999971, -7.778366799999973 ] ] ], [ [ [ 110.4365345, -7.77836209999994 ], [ 110.436495599999986, -7.7784833 ], [ 110.436455400000028, -7.778470699999951 ], [ 110.43649429999995, -7.778349399999949 ], [ 110.4365345, -7.77836209999994 ] ] ], [ [ [ 110.435423500000013, -7.778356699999923 ], [ 110.4354063, -7.778411300000015 ], [ 110.435358699999966, -7.778396499999909 ], [ 110.435376, -7.778342 ], [ 110.435423500000013, -7.778356699999923 ] ] ], [ [ [ 110.436056100000016, -7.778364199999942 ], [ 110.436044499999966, -7.778416799999938 ], [ 110.435945, -7.778395099999988 ], [ 110.4359567, -7.7783425 ], [ 110.436056100000016, -7.778364199999942 ] ] ], [ [ [ 110.431060699999975, -7.778336799999975 ], [ 110.431045, -7.778415899999954 ], [ 110.430918899999966, -7.778391299999948 ], [ 110.430934500000049, -7.7783123 ], [ 110.431060699999975, -7.778336799999975 ] ] ], [ [ [ 110.435846600000019, -7.778322499999933 ], [ 110.435837299999946, -7.7783521 ], [ 110.435791199999969, -7.778337899999987 ], [ 110.435800500000028, -7.7783083 ], [ 110.435846600000019, -7.778322499999933 ] ] ], [ [ [ 110.43092129999998, -7.778316199999936 ], [ 110.430905, -7.7783939 ], [ 110.430787899999956, -7.77836969999992 ], [ 110.4308043, -7.778292 ], [ 110.43092129999998, -7.778316199999936 ] ] ], [ [ [ 110.436248599999971, -7.778274 ], [ 110.436340500000014, -7.77830559999993 ], [ 110.436321599999985, -7.778359399999982 ], [ 110.436279385639281, -7.778344884510015 ], [ 110.436275958823089, -7.778358591775034 ], [ 110.436234562262712, -7.778348492832363 ], [ 110.436224107260941, -7.778380007192998 ], [ 110.436129907262384, -7.778349407192044 ], [ 110.436143907262661, -7.778307307192098 ], [ 110.436184222292454, -7.778320360363637 ], [ 110.436196768180878, -7.778285789471338 ], [ 110.436239134032419, -7.778300945454848 ], [ 110.436248599999971, -7.778274 ] ], [ [ 110.436232489758041, -7.778335988363084 ], [ 110.436233271410828, -7.778336241445979 ], [ 110.436234932012539, -7.778329599038526 ], [ 110.436234833684409, -7.77832956522823 ], [ 110.436232489758041, -7.778335988363084 ] ] ], [ [ [ 110.435789900000046, -7.778303099999935 ], [ 110.435772799999924, -7.778373599999972 ], [ 110.435645499999978, -7.778343399999972 ], [ 110.435662599999986, -7.778272800000013 ], [ 110.435789900000046, -7.778303099999935 ] ] ], [ [ [ 110.435641299999986, -7.778292499999933 ], [ 110.435625700000031, -7.778352 ], [ 110.4354931, -7.778317799999985 ], [ 110.435508700000028, -7.778258399999938 ], [ 110.435641299999986, -7.778292499999933 ] ] ], [ [ [ 110.436366123380324, -7.778265547220191 ], [ 110.436353, -7.77830089999992 ], [ 110.436287900000025, -7.778277200000018 ], [ 110.436298495714382, -7.77824846093893 ], [ 110.436366123380324, -7.778265547220191 ] ] ], [ [ [ 110.435903300000035, -7.778243299999931 ], [ 110.43588579999998, -7.7783017 ], [ 110.43585, -7.778291100000017 ], [ 110.435867399999964, -7.778232799999981 ], [ 110.435903300000035, -7.778243299999931 ] ] ], [ [ [ 110.43546350000004, -7.778233599999936 ], [ 110.4354404, -7.778336 ], [ 110.4353721, -7.7783209 ], [ 110.435395199999959, -7.778218499999959 ], [ 110.43546350000004, -7.778233599999936 ] ] ], [ [ [ 110.4384021, -7.778299199999879 ], [ 110.438305499999984, -7.778320499999965 ], [ 110.438285200000081, -7.7782299 ], [ 110.438381700000079, -7.778208599999941 ], [ 110.4384021, -7.778299199999879 ] ] ], [ [ [ 110.4353808, -7.778213699999982 ], [ 110.435341, -7.7783681 ], [ 110.435284499999952, -7.778353799999957 ], [ 110.435324299999976, -7.778199399999984 ], [ 110.4353808, -7.778213699999982 ] ] ], [ [ [ 110.436073499999949, -7.778223199999977 ], [ 110.4360452, -7.778351599999942 ], [ 110.435920600000046, -7.778324699999954 ], [ 110.435948800000034, -7.778196299999954 ], [ 110.436073499999949, -7.778223199999977 ] ] ], [ [ [ 110.4355298, -7.778200699999987 ], [ 110.435521799999961, -7.778233499999912 ], [ 110.435450799999956, -7.778216399999944 ], [ 110.435458900000015, -7.7781836 ], [ 110.4355298, -7.778200699999987 ] ] ], [ [ [ 110.437148588318379, -7.77825608402448 ], [ 110.437141388318807, -7.778280284024611 ], [ 110.437088888320176, -7.778264984025293 ], [ 110.437093536276734, -7.778249361725723 ], [ 110.437065400000051, -7.778243499999974 ], [ 110.437082300000199, -7.778164099999946 ], [ 110.437151900000117, -7.778178599999936 ], [ 110.437136177636958, -7.778252467198077 ], [ 110.437148588318379, -7.77825608402448 ] ] ], [ [ [ 110.431080199999982, -7.778187099999941 ], [ 110.431064200000037, -7.778292499999933 ], [ 110.430998299999956, -7.778282599999895 ], [ 110.43095660000003, -7.778276499999954 ], [ 110.430853900000017, -7.778261199999916 ], [ 110.4308699, -7.778155800000016 ], [ 110.430972599999961, -7.778171 ], [ 110.43101420000005, -7.7781772 ], [ 110.431080199999982, -7.778187099999941 ] ] ], [ [ [ 110.437075600000099, -7.778159299999943 ], [ 110.437056900000073, -7.7782675 ], [ 110.437008680554868, -7.778259321436732 ], [ 110.437042593542273, -7.77815370173148 ], [ 110.437075600000099, -7.778159299999943 ] ] ], [ [ [ 110.435911200000049, -7.778156499999943 ], [ 110.4358959, -7.778229499999983 ], [ 110.4358163, -7.778213099999962 ], [ 110.435831600000014, -7.778140099999954 ], [ 110.435911200000049, -7.778156499999943 ] ] ], [ [ [ 110.430869700000017, -7.778146200000021 ], [ 110.430846500000015, -7.778284099999947 ], [ 110.430755100000013, -7.778269 ], [ 110.430778300000057, -7.7781311 ], [ 110.430869700000017, -7.778146200000021 ] ] ], [ [ [ 110.435533799999988, -7.778144899999971 ], [ 110.435526, -7.778184499999974 ], [ 110.4354616, -7.778172 ], [ 110.435469499999982, -7.778132399999947 ], [ 110.435533799999988, -7.778144899999971 ] ] ], [ [ [ 110.438364000000107, -7.77819820000006 ], [ 110.438278100000204, -7.7782168 ], [ 110.438263700000093, -7.778151499999987 ], [ 110.438349499999987, -7.778132899999986 ], [ 110.438364000000107, -7.77819820000006 ] ] ], [ [ [ 110.437724203445441, -7.778131419418981 ], [ 110.437727500858642, -7.778156503310837 ], [ 110.43774950000018, -7.778152899999959 ], [ 110.437767700000066, -7.77826229999993 ], [ 110.437628500000116, -7.778285099999965 ], [ 110.437610300000031, -7.778175699999969 ], [ 110.437612224243992, -7.778175384822403 ], [ 110.437608403439597, -7.778146319419784 ], [ 110.437724203445441, -7.778131419418981 ] ] ], [ [ [ 110.438493600000086, -7.778200599999965 ], [ 110.438430500000194, -7.778203299999941 ], [ 110.438427300000015, -7.778128899999985 ], [ 110.43849040000002, -7.778126299999959 ], [ 110.438493600000086, -7.778200599999965 ] ] ], [ [ [ 110.437425500000174, -7.778131499999865 ], [ 110.437413100000057, -7.778183 ], [ 110.437404746080986, -7.778181020865388 ], [ 110.437390270480677, -7.778243813670403 ], [ 110.437303970482532, -7.778224313669497 ], [ 110.437318770482875, -7.778160113669678 ], [ 110.437336867850377, -7.778164202879636 ], [ 110.437349100000077, -7.77811339999996 ], [ 110.437425500000174, -7.778131499999865 ] ] ], [ [ [ 110.437297900000118, -7.7781288 ], [ 110.437277800000217, -7.778204499999934 ], [ 110.437272855524114, -7.778203208159606 ], [ 110.437246710405688, -7.778290815744107 ], [ 110.437153510410212, -7.778263515745832 ], [ 110.437178838916083, -7.778178644483473 ], [ 110.437169100000105, -7.7781761 ], [ 110.4371892, -7.77810039999987 ], [ 110.437297900000118, -7.7781288 ] ] ], [ [ [ 110.437586399999986, -7.7781225 ], [ 110.43755819999997, -7.778251899999879 ], [ 110.437550153598821, -7.778250177629279 ], [ 110.437540151235794, -7.778294459939979 ], [ 110.437456149311899, -7.778275578773749 ], [ 110.437455222043496, -7.778278630210359 ], [ 110.437412522043275, -7.778265930211798 ], [ 110.437426622041386, -7.778219530211246 ], [ 110.437435127872206, -7.778222060048564 ], [ 110.43746260000006, -7.778096 ], [ 110.437586399999986, -7.7781225 ] ] ], [ [ [ 110.435740231388579, -7.77810741420668 ], [ 110.435724200000024, -7.778172899999988 ], [ 110.4356639, -7.778158499999972 ], [ 110.435680008731794, -7.778092198817546 ], [ 110.435740231388579, -7.77810741420668 ] ] ], [ [ [ 110.435457500000041, -7.778113099999932 ], [ 110.435432300000016, -7.778213899999924 ], [ 110.435314300000016, -7.778185 ], [ 110.435339399999961, -7.778084199999951 ], [ 110.435457500000041, -7.778113099999932 ] ] ], [ [ [ 110.437570900000139, -7.7780772 ], [ 110.437565, -7.778097099999862 ], [ 110.437515699999921, -7.7780827 ], [ 110.437521700000147, -7.778062799999951 ], [ 110.437570900000139, -7.7780772 ] ] ], [ [ [ 110.437512700000141, -7.77806 ], [ 110.437508, -7.778082599999985 ], [ 110.437445200000226, -7.778069599999964 ], [ 110.437449900000061, -7.778047 ], [ 110.437512700000141, -7.77806 ] ] ], [ [ [ 110.435644713333787, -7.778083281356215 ], [ 110.435623799999959, -7.778161899999953 ], [ 110.435577799999976, -7.778149899999963 ], [ 110.435467099999983, -7.778121 ], [ 110.435487686957188, -7.778043608290376 ], [ 110.435644713333787, -7.778083281356215 ] ] ], [ [ [ 110.43834, -7.7781234 ], [ 110.43824880000011, -7.778144699999948 ], [ 110.438230199999893, -7.7780665 ], [ 110.438321400000049, -7.77804520000001 ], [ 110.43834, -7.7781234 ] ] ], [ [ [ 110.435478444284939, -7.778041273108567 ], [ 110.435456699999989, -7.77810549999991 ], [ 110.435417199999989, -7.7780924 ], [ 110.435437681666414, -7.77803204445109 ], [ 110.435476245044313, -7.778040717465472 ], [ 110.435478444284939, -7.778041273108567 ] ] ], [ [ [ 110.431077799999983, -7.778025 ], [ 110.431067099999964, -7.7781387 ], [ 110.4309835, -7.778130899999987 ], [ 110.430994299999981, -7.7780173 ], [ 110.431077799999983, -7.778025 ] ] ], [ [ [ 110.438048700000053, -7.77807459999986 ], [ 110.437956100000221, -7.778100099999926 ], [ 110.437941900000098, -7.77804909999998 ], [ 110.438034400000021, -7.7780237 ], [ 110.438048700000053, -7.77807459999986 ] ] ], [ [ [ 110.435418895602083, -7.778027819411272 ], [ 110.4354116, -7.778051899999934 ], [ 110.435333799999967, -7.778028599999961 ], [ 110.435339486739935, -7.778009960130223 ], [ 110.435418895602083, -7.778027819411272 ] ] ], [ [ [ 110.437443100000053, -7.778034500000017 ], [ 110.437421099999909, -7.778123699999921 ], [ 110.437369300000142, -7.778111099999959 ], [ 110.437288599999945, -7.778091599999946 ], [ 110.437310700000097, -7.7780024 ], [ 110.437391300000044, -7.778022 ], [ 110.437443100000053, -7.778034500000017 ] ] ], [ [ [ 110.438426300000245, -7.778004499999983 ], [ 110.438424900000015, -7.77806589999992 ], [ 110.4383475, -7.778064199999972 ], [ 110.438348900000193, -7.778002799999946 ], [ 110.438426300000245, -7.778004499999983 ] ] ], [ [ [ 110.437187016966064, -7.77805663402129 ], [ 110.437164116966656, -7.778142634021386 ], [ 110.437055273908442, -7.778114209588896 ], [ 110.437067046791924, -7.778077543739609 ], [ 110.437068135896439, -7.778074063103293 ], [ 110.437069835732629, -7.778067912293825 ], [ 110.437071355271726, -7.778061476003264 ], [ 110.437072994290929, -7.778054520852627 ], [ 110.43708313558588, -7.777993711842971 ], [ 110.437141495323772, -7.778003989029626 ], [ 110.437134544819614, -7.778042930894652 ], [ 110.437187016966064, -7.77805663402129 ] ] ], [ [ [ 110.437287709568537, -7.778074820349627 ], [ 110.437278409568805, -7.778109820349693 ], [ 110.43725070956927, -7.778102520349726 ], [ 110.437190209570275, -7.778086720349741 ], [ 110.437197676035666, -7.778058701033327 ], [ 110.437188230402555, -7.778056553839214 ], [ 110.437203230403597, -7.777991653839532 ], [ 110.437297030404949, -7.778013053840316 ], [ 110.437282925980298, -7.778073581434819 ], [ 110.437287709568537, -7.778074820349627 ] ] ], [ [ [ 110.436788565367678, -7.777995947250198 ], [ 110.436762731865045, -7.778076710636335 ], [ 110.436722968999959, -7.778069318100147 ], [ 110.43673906900672, -7.777984418102012 ], [ 110.436788941780264, -7.777993690227717 ], [ 110.436788565367678, -7.777995947250198 ] ] ], [ [ [ 110.438312400000115, -7.778042699999981 ], [ 110.438222600000046, -7.778062599999932 ], [ 110.438206, -7.777989399999917 ], [ 110.438295899999986, -7.777969499999938 ], [ 110.438312400000115, -7.778042699999981 ] ] ], [ [ [ 110.430791199999973, -7.777973199999964 ], [ 110.430771500000034, -7.778103 ], [ 110.430674399999987, -7.77808849999996 ], [ 110.430694200000048, -7.777958699999958 ], [ 110.430791199999973, -7.777973199999964 ] ] ], [ [ [ 110.437435554320231, -7.77794281723978 ], [ 110.437465898321307, -7.777948300343688 ], [ 110.43746630000004, -7.777944799999955 ], [ 110.437544900000105, -7.777953699999979 ], [ 110.437533600000066, -7.778051199999942 ], [ 110.437455099999866, -7.778042399999954 ], [ 110.437457025805756, -7.778025617982398 ], [ 110.43742145432411, -7.778019117240759 ], [ 110.437435554320231, -7.77794281723978 ] ] ], [ [ [ 110.436524700000092, -7.77793849999997 ], [ 110.436509900800175, -7.778004075764793 ], [ 110.436509680497295, -7.778003995662374 ], [ 110.436505318570013, -7.778002533589061 ], [ 110.436500043011819, -7.778000912629874 ], [ 110.436495612341943, -7.777999673104514 ], [ 110.436424463226444, -7.77798169742797 ], [ 110.436438500000051, -7.777919500000078 ], [ 110.436524700000092, -7.77793849999997 ] ] ], [ [ [ 110.430999100000051, -7.777920199999945 ], [ 110.430987699999974, -7.778003899999967 ], [ 110.430984098081311, -7.778003416238922 ], [ 110.430978842122826, -7.778052787787294 ], [ 110.430895742125941, -7.778044187787645 ], [ 110.430901742125485, -7.777986787787609 ], [ 110.430920017370397, -7.777988698782266 ], [ 110.430930599999954, -7.777911 ], [ 110.430999100000051, -7.777920199999945 ] ] ], [ [ [ 110.436415500000095, -7.777924799999984 ], [ 110.436401596984396, -7.777975920319343 ], [ 110.436324824070667, -7.777956523801804 ], [ 110.436339, -7.777904399999906 ], [ 110.436415500000095, -7.777924799999984 ] ] ], [ [ [ 110.436690300000109, -7.77801379999998 ], [ 110.436678267046645, -7.778065293962308 ], [ 110.436544331338936, -7.778016594755767 ], [ 110.436552300000045, -7.777982299999957 ], [ 110.436570899999907, -7.7779025 ], [ 110.436708899999957, -7.777934 ], [ 110.436690300000109, -7.77801379999998 ] ] ], [ [ [ 110.430919854457898, -7.777898605855274 ], [ 110.430908754457448, -7.777983705855207 ], [ 110.430888460428747, -7.777981115664571 ], [ 110.430866605148864, -7.778109097040645 ], [ 110.430795805149387, -7.778097297041351 ], [ 110.430818005148026, -7.777967297040971 ], [ 110.430828620490331, -7.77796906626541 ], [ 110.430839154457175, -7.777888305854961 ], [ 110.430919854457898, -7.777898605855274 ] ] ], [ [ [ 110.431121483078286, -7.777880766599784 ], [ 110.431105083075053, -7.778000766599033 ], [ 110.431034583075615, -7.777991266597163 ], [ 110.431035605562414, -7.777983784990022 ], [ 110.431001460572205, -7.777978384930625 ], [ 110.431014460571689, -7.777897084930542 ], [ 110.431046758188799, -7.777902180428542 ], [ 110.431050983078762, -7.77787126659782 ], [ 110.431121483078286, -7.777880766599784 ] ] ], [ [ [ 110.438423200000159, -7.777876299999963 ], [ 110.4384213, -7.777961500000012 ], [ 110.438328600000133, -7.7779594 ], [ 110.438330500000092, -7.777874299999888 ], [ 110.438423200000159, -7.777876299999963 ] ] ], [ [ [ 110.436809557054815, -7.777870078162228 ], [ 110.436790752152831, -7.77798283498114 ], [ 110.436733945133298, -7.777972285100118 ], [ 110.436755145143934, -7.777859985102983 ], [ 110.436809557054815, -7.777870078162228 ] ] ], [ [ [ 110.437552500000123, -7.777877 ], [ 110.437543200000164, -7.777947099999951 ], [ 110.437436299999931, -7.77793319999997 ], [ 110.437391399999939, -7.77792730000001 ], [ 110.4374008, -7.7778572 ], [ 110.437445600000061, -7.777863099999946 ], [ 110.437552500000123, -7.777877 ] ] ], [ [ [ 110.437754193608058, -7.777857312558136 ], [ 110.437749793609512, -7.778041512558188 ], [ 110.437747285987271, -7.778041455486159 ], [ 110.437745966602876, -7.778096963907752 ], [ 110.437610866604558, -7.778093763909614 ], [ 110.437612276990151, -7.778038382736271 ], [ 110.437609193607784, -7.778038312559262 ], [ 110.437613493606364, -7.77785401255916 ], [ 110.437754193608058, -7.777857312558136 ] ] ], [ [ [ 110.430833299999989, -7.777864199999946 ], [ 110.430820299999979, -7.777965 ], [ 110.430749399999968, -7.777956 ], [ 110.430717700000017, -7.777951999999896 ], [ 110.430663599999974, -7.7779452 ], [ 110.430676599999984, -7.7778443 ], [ 110.430730800000035, -7.777851199999947 ], [ 110.4307624, -7.777855200000015 ], [ 110.430833299999989, -7.777864199999946 ] ] ], [ [ [ 110.436736099999976, -7.777863600000076 ], [ 110.436720100000073, -7.777926699999967 ], [ 110.436656600000163, -7.777910900000046 ], [ 110.436672600000051, -7.777847899999903 ], [ 110.436736099999976, -7.777863600000076 ] ] ], [ [ [ 110.437313700000161, -7.7778626 ], [ 110.437287100000091, -7.777989799999936 ], [ 110.437152499999868, -7.777962199999958 ], [ 110.437179099999966, -7.777835 ], [ 110.437313700000161, -7.7778626 ] ] ], [ [ [ 110.437169856596839, -7.777843766309093 ], [ 110.437149956607527, -7.777945266312186 ], [ 110.437093043720509, -7.777934300904107 ], [ 110.437110063711003, -7.777832246011591 ], [ 110.437169856596839, -7.777843766309093 ] ] ], [ [ [ 110.43666140000019, -7.7778433 ], [ 110.436647400000098, -7.777906299999967 ], [ 110.436563099999958, -7.777888 ], [ 110.436577200000059, -7.777824900000072 ], [ 110.43666140000019, -7.7778433 ] ] ], [ [ [ 110.43652460000007, -7.7778252 ], [ 110.436508600000167, -7.777921599999869 ], [ 110.436349100000115, -7.77789559999996 ], [ 110.436365200000026, -7.7777992 ], [ 110.43652460000007, -7.7778252 ] ] ], [ [ [ 110.437282800000091, -7.777807700000054 ], [ 110.437273699999963, -7.777849199999955 ], [ 110.437209400000071, -7.777835399999965 ], [ 110.4372185000001, -7.7777939 ], [ 110.437282800000091, -7.777807700000054 ] ] ], [ [ [ 110.438427242216733, -7.777831824166476 ], [ 110.438426499999963, -7.777864699999887 ], [ 110.43832369999997, -7.777862499999967 ], [ 110.438325400000224, -7.777787199999978 ], [ 110.438416155269735, -7.777789142233346 ], [ 110.438428200000232, -7.777789399999981 ], [ 110.438427242216733, -7.777831824166476 ] ] ], [ [ [ 110.436271299999973, -7.777805800000012 ], [ 110.436233820353991, -7.777933531901384 ], [ 110.436158207046674, -7.777914428356062 ], [ 110.436196500000094, -7.777784199999989 ], [ 110.436271299999973, -7.777805800000012 ] ] ], [ [ [ 110.437212300000198, -7.7778024 ], [ 110.437204800000018, -7.7778349 ], [ 110.437113099099932, -7.777814045279489 ], [ 110.437112900000088, -7.777814 ], [ 110.437113645179579, -7.777810770888951 ], [ 110.437120399999984, -7.777781499999939 ], [ 110.437212300000198, -7.7778024 ] ] ], [ [ [ 110.435800710953146, -7.777769865200217 ], [ 110.435931510955072, -7.777801465200629 ], [ 110.435925367993647, -7.777826793102536 ], [ 110.435955599999971, -7.777834299999927 ], [ 110.43594870472505, -7.777861498028855 ], [ 110.435786172893316, -7.77782043469853 ], [ 110.435792900000038, -7.7777939 ], [ 110.435794682908494, -7.777794342713952 ], [ 110.435800710953146, -7.777769865200217 ] ] ], [ [ [ 110.4360601, -7.777776299999944 ], [ 110.436042399999963, -7.77785679999994 ], [ 110.435956100000055, -7.777838199999938 ], [ 110.435973800000014, -7.777757799999943 ], [ 110.4360601, -7.777776299999944 ] ] ], [ [ [ 110.437463331056591, -7.777777521519736 ], [ 110.437454631055431, -7.777836921519504 ], [ 110.437306031050326, -7.777815621517473 ], [ 110.437314731051302, -7.777756221517596 ], [ 110.437463331056591, -7.777777521519736 ] ] ], [ [ [ 110.437581100000102, -7.777770299999989 ], [ 110.437569199999913, -7.777851599999945 ], [ 110.437464800000058, -7.777836599999938 ], [ 110.43747670000019, -7.777755299999987 ], [ 110.437581100000102, -7.777770299999989 ] ] ], [ [ [ 110.436185, -7.777777299999964 ], [ 110.436166799999953, -7.7778442 ], [ 110.436149001934169, -7.77783944599187 ], [ 110.436130786060659, -7.777907500500813 ], [ 110.436043789505277, -7.777885521001432 ], [ 110.436062405239554, -7.777815898149083 ], [ 110.436056299999962, -7.777814 ], [ 110.4360643, -7.777788799999913 ], [ 110.43610750000002, -7.777802299999971 ], [ 110.436103411007068, -7.777814970830492 ], [ 110.436124658853643, -7.777820552061697 ], [ 110.436137699850903, -7.777772877595832 ], [ 110.436136606940977, -7.777772612357314 ], [ 110.436143506941349, -7.777744912357322 ], [ 110.436177706942445, -7.777753212357746 ], [ 110.436172537790938, -7.77777396387817 ], [ 110.436185, -7.777777299999964 ] ] ], [ [ [ 110.437781977528317, -7.777760273488027 ], [ 110.437777277533328, -7.777850373488622 ], [ 110.437729977532982, -7.777847973491191 ], [ 110.437730798183352, -7.777832241435604 ], [ 110.437701287270883, -7.777832076574163 ], [ 110.437700596266481, -7.777849697190252 ], [ 110.437640096266108, -7.777847397190678 ], [ 110.43764149626594, -7.777811697190631 ], [ 110.437665412277482, -7.77781260639525 ], [ 110.437665766679572, -7.777735840829819 ], [ 110.437755299777535, -7.777746374087789 ], [ 110.437755230293064, -7.777758916336563 ], [ 110.437781977528317, -7.777760273488027 ] ] ], [ [ [ 110.436274900000015, -7.777753799999946 ], [ 110.436261699999989, -7.777796799999954 ], [ 110.436192300000044, -7.777775899999985 ], [ 110.436205499999957, -7.7777329 ], [ 110.436274900000015, -7.777753799999946 ] ] ], [ [ [ 110.435795899999988, -7.7777436 ], [ 110.435777231455603, -7.777818175662796 ], [ 110.435708580940002, -7.77780083125237 ], [ 110.4357272, -7.777726599999931 ], [ 110.435795899999988, -7.7777436 ] ] ], [ [ [ 110.436833213802871, -7.777728228997055 ], [ 110.436814348972788, -7.777841345153036 ], [ 110.436750814787572, -7.777829523707362 ], [ 110.436764214787956, -7.777758523707614 ], [ 110.436781008693643, -7.777761648456765 ], [ 110.436786893764648, -7.777721581605615 ], [ 110.436833213802871, -7.777728228997055 ] ] ], [ [ [ 110.4363766, -7.777702199999962 ], [ 110.436371399999985, -7.7777379 ], [ 110.4363361, -7.7777329 ], [ 110.436341199999987, -7.7776972 ], [ 110.4363766, -7.777702199999962 ] ] ], [ [ [ 110.437443164219374, -7.77770965231135 ], [ 110.437434472897266, -7.777768642343405 ], [ 110.437316172891826, -7.777751542342974 ], [ 110.43732432982155, -7.777695671763163 ], [ 110.437443164219374, -7.77770965231135 ] ] ], [ [ [ 110.43730926087126, -7.777693898941536 ], [ 110.437293884342651, -7.777759280953608 ], [ 110.437295106378812, -7.777759513566301 ], [ 110.437289806378871, -7.777786813566253 ], [ 110.437252506379281, -7.777779613566247 ], [ 110.437257242266298, -7.777755308636561 ], [ 110.437254362819303, -7.777754642527267 ], [ 110.437243600000059, -7.777795899999881 ], [ 110.43721440000013, -7.77778839999998 ], [ 110.437225055063166, -7.777747862693588 ], [ 110.437224579704861, -7.777747752727758 ], [ 110.437239197759169, -7.777685656204344 ], [ 110.43730926087126, -7.777693898941536 ] ] ], [ [ [ 110.435606799999988, -7.777682500000017 ], [ 110.435587343021382, -7.777770200743581 ], [ 110.435545081821687, -7.777759523539016 ], [ 110.435542528827327, -7.77775891405164 ], [ 110.435537778447596, -7.777757845577794 ], [ 110.435556900000023, -7.7776716 ], [ 110.435606799999988, -7.777682500000017 ] ] ], [ [ [ 110.437232897248748, -7.777691090035543 ], [ 110.437216597248025, -7.777766090035361 ], [ 110.43720859732899, -7.777764395212491 ], [ 110.43720280637983, -7.777789213566444 ], [ 110.437121606380757, -7.777770413566496 ], [ 110.437127061420384, -7.777747121412942 ], [ 110.437125497247763, -7.777746790034824 ], [ 110.437141172262216, -7.777674123767598 ], [ 110.437141697248492, -7.777671690034967 ], [ 110.437167945735865, -7.777677273594928 ], [ 110.437232897248748, -7.777691090035543 ] ] ], [ [ [ 110.436081199999975, -7.777688099999957 ], [ 110.43606479999994, -7.777766 ], [ 110.435965800000048, -7.7777456 ], [ 110.435982199999941, -7.777667599999916 ], [ 110.436081199999975, -7.777688099999957 ] ] ], [ [ [ 110.435976600000032, -7.777645 ], [ 110.435955499999963, -7.7777519 ], [ 110.4359044, -7.777742 ], [ 110.435925500000081, -7.7776351 ], [ 110.435976600000032, -7.777645 ] ] ], [ [ [ 110.435867197104031, -7.777649422407981 ], [ 110.435871683104409, -7.777650593386047 ], [ 110.435875720884027, -7.777631646883279 ], [ 110.435906720884859, -7.777638146883732 ], [ 110.435902282391808, -7.777658580698808 ], [ 110.435912700000074, -7.777661299999942 ], [ 110.435892199999969, -7.7777382 ], [ 110.435810599999982, -7.777716899999803 ], [ 110.43582812979021, -7.777651141911094 ], [ 110.435823497869151, -7.777650491055458 ], [ 110.435826297869284, -7.777631391055469 ], [ 110.435868897871202, -7.777637391055614 ], [ 110.435867197104031, -7.777649422407981 ] ] ], [ [ [ 110.435367754064927, -7.777624280793486 ], [ 110.435349554224103, -7.777715558939054 ], [ 110.435347536566965, -7.777715153475588 ], [ 110.435343832381022, -7.777714575476782 ], [ 110.435334432884886, -7.777713306706517 ], [ 110.435324845166292, -7.777712656148079 ], [ 110.435295067340476, -7.777706250922405 ], [ 110.435313454070084, -7.77761368079431 ], [ 110.435367754064927, -7.777624280793486 ] ] ], [ [ [ 110.4358153, -7.777624 ], [ 110.435789500000013, -7.777731799999971 ], [ 110.435731900000022, -7.777718299999953 ], [ 110.435757600000017, -7.777610500000017 ], [ 110.4358153, -7.777624 ] ] ], [ [ [ 110.435558099999952, -7.777622499999932 ], [ 110.4355318, -7.777738200000011 ], [ 110.435456100000025, -7.777721399999912 ], [ 110.4354824, -7.777605699999959 ], [ 110.435558099999952, -7.777622499999932 ] ] ], [ [ [ 110.436837073001044, -7.777705088705302 ], [ 110.436836161507415, -7.77771055414863 ], [ 110.436758000000211, -7.777696799999926 ], [ 110.436766699999936, -7.777648199999931 ], [ 110.436776320473172, -7.777594489720337 ], [ 110.436856917084668, -7.777618997166519 ], [ 110.436849100000103, -7.777662599999883 ], [ 110.436848182119292, -7.777667738022422 ], [ 110.436846410447615, -7.777673635632789 ], [ 110.436843680576075, -7.777680239813138 ], [ 110.436841158645336, -7.777688259515103 ], [ 110.436838747889013, -7.777697391784715 ], [ 110.436837073001044, -7.777705088705302 ] ] ], [ [ [ 110.4357456, -7.7776146 ], [ 110.4357122, -7.77775079999998 ], [ 110.435606200000038, -7.777725199999963 ], [ 110.435639600000016, -7.777589100000011 ], [ 110.4357456, -7.7776146 ] ] ], [ [ [ 110.436766600000198, -7.7777039 ], [ 110.436753500000094, -7.777770400000012 ], [ 110.436745759809725, -7.777768889719927 ], [ 110.436734072713648, -7.777833264544763 ], [ 110.436630672716007, -7.77781486454467 ], [ 110.436642671141186, -7.777748774857266 ], [ 110.436638700000103, -7.777748 ], [ 110.436651514952231, -7.777683536907618 ], [ 110.436648549726456, -7.777682995703759 ], [ 110.436668349727213, -7.77757669570403 ], [ 110.436772449729176, -7.777595695704536 ], [ 110.436752794956078, -7.777701216021882 ], [ 110.436766600000198, -7.7777039 ] ] ], [ [ [ 110.4362265, -7.777574699999973 ], [ 110.436207987900232, -7.777651737332471 ], [ 110.436220829473726, -7.777655295169766 ], [ 110.436210329473752, -7.777692295169649 ], [ 110.436118029475452, -7.777666795169249 ], [ 110.436128429475517, -7.777629695169157 ], [ 110.436170238432695, -7.777641278606515 ], [ 110.436188399999963, -7.777565699999938 ], [ 110.4362265, -7.777574699999973 ] ] ], [ [ [ 110.436352200000016, -7.777583 ], [ 110.436326400000056, -7.777700099999932 ], [ 110.436325339423576, -7.777699869772046 ], [ 110.436321319147396, -7.777717729076465 ], [ 110.436245319149691, -7.7777010290766 ], [ 110.436249296059628, -7.777683362418119 ], [ 110.436229200000014, -7.777679 ], [ 110.436255, -7.777562 ], [ 110.436352200000016, -7.777583 ] ] ], [ [ [ 110.43604540000004, -7.777556499999962 ], [ 110.436024800000013, -7.777665699999941 ], [ 110.435985, -7.777658299999934 ], [ 110.436005700000024, -7.7775492 ], [ 110.43604540000004, -7.777556499999962 ] ] ], [ [ [ 110.43531708103302, -7.777558459512058 ], [ 110.435304481035089, -7.777637659512614 ], [ 110.435228435780289, -7.777625814255301 ], [ 110.435243814851546, -7.777547056952566 ], [ 110.43531708103302, -7.777558459512058 ] ] ], [ [ [ 110.436651800000021, -7.777635 ], [ 110.436629900000085, -7.777744699999925 ], [ 110.436622920407075, -7.777743329347697 ], [ 110.43661402551372, -7.777791246998447 ], [ 110.436535125517594, -7.777776746997954 ], [ 110.436544198505104, -7.777727869935297 ], [ 110.436519400000165, -7.777723 ], [ 110.436541300000201, -7.777613299999982 ], [ 110.436558237903469, -7.777528176177762 ], [ 110.43666650507727, -7.777561097560899 ], [ 110.436651800000021, -7.777635 ] ] ], [ [ [ 110.436521534354014, -7.777668761291979 ], [ 110.436521390120419, -7.777669489308555 ], [ 110.436521341337766, -7.777669479810645 ], [ 110.436506609690909, -7.777724319554141 ], [ 110.436456809691848, -7.77771121955413 ], [ 110.436470734399379, -7.777659626727578 ], [ 110.436411990118387, -7.777648189309994 ], [ 110.436442725723012, -7.777493051766295 ], [ 110.436549889770347, -7.777525637715881 ], [ 110.436521966221179, -7.777666581449535 ], [ 110.436522109690785, -7.777666619554149 ], [ 110.436521534354014, -7.777668761291979 ] ] ], [ [ [ 110.436230100000031, -7.777518799999975 ], [ 110.43621370000001, -7.777559799999984 ], [ 110.4361274, -7.777525799999919 ], [ 110.4361438, -7.7774849 ], [ 110.436230100000031, -7.777518799999975 ] ] ], [ [ [ 110.435354158643705, -7.777493620837384 ], [ 110.435341658643992, -7.77755862083751 ], [ 110.43529465864394, -7.777549720837765 ], [ 110.435245121292624, -7.777540366576748 ], [ 110.435257807100598, -7.777475401663316 ], [ 110.435307158643582, -7.777484720837617 ], [ 110.435354158643705, -7.777493620837384 ] ] ], [ [ [ 110.435479533126937, -7.777487829057873 ], [ 110.43547538561252, -7.777512650335026 ], [ 110.435484499999987, -7.777514199999949 ], [ 110.435452399999988, -7.777700099999963 ], [ 110.435363300000091, -7.777685 ], [ 110.435375600000128, -7.7776137 ], [ 110.435340500000024, -7.777607699999955 ], [ 110.435360400000022, -7.777493099999981 ], [ 110.435392971233995, -7.777498637900758 ], [ 110.435397033123323, -7.777474329057195 ], [ 110.435479533126937, -7.777487829057873 ] ] ], [ [ [ 110.436414932723224, -7.77748460059896 ], [ 110.436390399999979, -7.777584199999952 ], [ 110.4363046, -7.777563499999945 ], [ 110.436330283341036, -7.777458860805001 ], [ 110.436414932723224, -7.77748460059896 ] ] ], [ [ [ 110.436126600000051, -7.777493099999986 ], [ 110.43611150000001, -7.777555 ], [ 110.436111328904147, -7.77755495921175 ], [ 110.436107142571188, -7.777573588395136 ], [ 110.436055042572562, -7.777561888395938 ], [ 110.436059451142341, -7.777542591867621 ], [ 110.436031799999952, -7.777536 ], [ 110.436045707154861, -7.777478897775342 ], [ 110.436044399953389, -7.777478478658402 ], [ 110.436052999953844, -7.777452278658383 ], [ 110.436123799956192, -7.777474978658536 ], [ 110.436118489711404, -7.777491156380762 ], [ 110.436126600000051, -7.777493099999986 ] ] ], [ [ [ 110.436262217895944, -7.777438163778275 ], [ 110.436237799999972, -7.777507799999952 ], [ 110.436217, -7.777500699999983 ], [ 110.436241081257464, -7.777431736646616 ], [ 110.436262217895944, -7.777438163778275 ] ] ], [ [ [ 110.435622499999937, -7.777412 ], [ 110.435602599999982, -7.77749020000001 ], [ 110.435528399999953, -7.777471699999968 ], [ 110.435548200000014, -7.7773935 ], [ 110.435622499999937, -7.777412 ] ] ], [ [ [ 110.436231550005672, -7.777428838427531 ], [ 110.436212764748575, -7.777481691861155 ], [ 110.43606466474931, -7.777429991859939 ], [ 110.43608133902984, -7.777383162966244 ], [ 110.436231550005672, -7.777428838427531 ] ] ], [ [ [ 110.4355127, -7.77738469999998 ], [ 110.43549179999998, -7.77745339999996 ], [ 110.435436700000039, -7.777437 ], [ 110.4354576, -7.777368299999953 ], [ 110.4355127, -7.77738469999998 ] ] ], [ [ [ 110.436061764640343, -7.777377210876143 ], [ 110.436031998731764, -7.777482594217164 ], [ 110.435967998731769, -7.777464794216925 ], [ 110.435997557601993, -7.777360218519044 ], [ 110.436021208856445, -7.777364878860292 ], [ 110.436061764640343, -7.777377210876143 ] ] ], [ [ [ 110.435437398442758, -7.777365907529071 ], [ 110.435431898443099, -7.777391207529165 ], [ 110.435386098442876, -7.777381307529835 ], [ 110.435391598442436, -7.777356107529807 ], [ 110.435437398442758, -7.777365907529071 ] ] ], [ [ [ 110.435916181749619, -7.777344183883646 ], [ 110.435886699999969, -7.777453199999968 ], [ 110.435816600000038, -7.777434500000016 ], [ 110.435844826944972, -7.777330123837064 ], [ 110.435916181749619, -7.777344183883646 ] ] ], [ [ [ 110.435831468502371, -7.777327491634169 ], [ 110.435807299999951, -7.777421500000012 ], [ 110.435710500000098, -7.777397099999945 ], [ 110.435733365235336, -7.777308160959616 ], [ 110.435831468502371, -7.777327491634169 ] ] ], [ [ [ 110.435709022118488, -7.777303364290955 ], [ 110.435683, -7.777404199999959 ], [ 110.435628900000026, -7.777390500000018 ], [ 110.435654227418254, -7.777292567316005 ], [ 110.435709022118488, -7.777303364290955 ] ] ], [ [ [ 110.435641766873474, -7.777290112038605 ], [ 110.435617599999986, -7.777393 ], [ 110.435552700000031, -7.777378 ], [ 110.435576370327411, -7.777277226031936 ], [ 110.435641766873474, -7.777290112038605 ] ] ], [ [ [ 110.435560200000026, -7.777307399999983 ], [ 110.435548200000099, -7.777358199999989 ], [ 110.4354902, -7.777344699999936 ], [ 110.435502299999939, -7.7772939 ], [ 110.435509369377471, -7.777264023886875 ], [ 110.435567742147484, -7.777275525899556 ], [ 110.435560200000026, -7.777307399999983 ] ] ], [ [ [ 110.435499078427696, -7.77726199611551 ], [ 110.435479500000014, -7.777359699999964 ], [ 110.43538219999995, -7.777340599999976 ], [ 110.435401792383715, -7.777242826469881 ], [ 110.435499078427696, -7.77726199611551 ] ] ] ] } },
{ "type": "Feature", "properties": { "Keterangan": "Bangunan Rth", "Lantai": 1.0 }, "geometry": { "type": "MultiPolygon", "coordinates": [ [ [ [ 110.436733824556811, -7.782090300690661 ], [ 110.436718799999966, -7.782165699999948 ], [ 110.4366034, -7.782143099999971 ], [ 110.436618342791547, -7.782068111021539 ], [ 110.436619700000037, -7.782061299999927 ], [ 110.436735099999979, -7.782083899999958 ], [ 110.436733824556811, -7.782090300690661 ] ] ], [ [ [ 110.436595899377394, -7.78206379854905 ], [ 110.436583100000021, -7.78215489999996 ], [ 110.436453, -7.782137 ], [ 110.436466599999974, -7.782040099999954 ], [ 110.436487906562178, -7.78204304787178 ], [ 110.43659670000001, -7.782058099999956 ], [ 110.436595899377394, -7.78206379854905 ] ] ], [ [ [ 110.437207299999983, -7.782057700000011 ], [ 110.437188300000017, -7.782157 ], [ 110.436897899999948, -7.782102599999982 ], [ 110.4369168, -7.782003299999933 ], [ 110.437207299999983, -7.782057700000011 ] ] ], [ [ [ 110.437212300000027, -7.7819332 ], [ 110.437193600000015, -7.782035699999944 ], [ 110.436903900000019, -7.781983899999941 ], [ 110.436922599999974, -7.781881299999967 ], [ 110.437212300000027, -7.7819332 ] ] ], [ [ [ 110.437258499999942, -7.781729499999932 ], [ 110.437240399999965, -7.7818225 ], [ 110.4370229, -7.781780900000018 ], [ 110.437041099999988, -7.781687899999955 ], [ 110.437258499999942, -7.781729499999932 ] ] ], [ [ [ 110.437216699999951, -7.781513 ], [ 110.437348500000027, -7.781538 ], [ 110.4373398, -7.781582799999949 ], [ 110.437315599999977, -7.781578299999954 ], [ 110.437304500000153, -7.781636099999924 ], [ 110.437196800000109, -7.781615699999918 ], [ 110.4372012, -7.781593199999933 ], [ 110.437103099999973, -7.78157459999996 ], [ 110.437113799999977, -7.781519 ], [ 110.4372119, -7.781537599999957 ], [ 110.437216699999951, -7.781513 ] ] ], [ [ [ 110.437370499999972, -7.781242399999943 ], [ 110.437358, -7.781309099999969 ], [ 110.437328499999978, -7.781303699999971 ], [ 110.437318100000013, -7.781359099999928 ], [ 110.43714169999997, -7.781326800000014 ], [ 110.43716449999998, -7.781204599999905 ], [ 110.437370499999972, -7.781242399999943 ] ] ] ] } },
{ "type": "Feature", "properties": { "Keterangan": "Peribadatan", "Lantai": 1.0 }, "geometry": { "type": "MultiPolygon", "coordinates": [ [ [ [ 110.429231, -7.783999599999976 ], [ 110.429445700000016, -7.784040599999932 ], [ 110.429423, -7.7841574 ], [ 110.42919609999997, -7.784114099999954 ], [ 110.429215199999945, -7.7840156 ], [ 110.42922750000001, -7.784017899999968 ], [ 110.429231, -7.783999599999976 ] ] ], [ [ [ 110.429269899999952, -7.783880799999951 ], [ 110.4294689, -7.7839179 ], [ 110.429447500000023, -7.784036699999965 ], [ 110.429217200000025, -7.783994 ], [ 110.429238099999964, -7.783888299999947 ], [ 110.429267300000021, -7.783893899999947 ], [ 110.429269899999952, -7.783880799999951 ] ] ], [ [ [ 110.440792199999933, -7.782863399999966 ], [ 110.440764399999949, -7.782983699999976 ], [ 110.440730137199438, -7.782975907693499 ], [ 110.440752662084421, -7.782854407986791 ], [ 110.440792199999933, -7.782863399999966 ] ] ], [ [ [ 110.4306703, -7.781381 ], [ 110.430656600000106, -7.781460099999927 ], [ 110.430539200000027, -7.781440199999976 ], [ 110.430552799999958, -7.7813611 ], [ 110.4306703, -7.781381 ] ] ], [ [ [ 110.430524799999972, -7.7813654 ], [ 110.430505699999969, -7.781456 ], [ 110.430338299999974, -7.781421299999974 ], [ 110.430249900000035, -7.781403 ], [ 110.430269, -7.78131239999998 ], [ 110.430357399999963, -7.781330699999986 ], [ 110.430524799999972, -7.7813654 ] ] ], [ [ [ 110.430251900000016, -7.781303399999917 ], [ 110.430235700000011, -7.781403499999964 ], [ 110.4300993, -7.781381899999948 ], [ 110.430115500000042, -7.781281800000021 ], [ 110.430251900000016, -7.781303399999917 ] ] ], [ [ [ 110.441597, -7.780571499999932 ], [ 110.441576200000071, -7.780670499999959 ], [ 110.441516600000085, -7.780658199999933 ], [ 110.44153730000005, -7.7805592 ], [ 110.441597, -7.780571499999932 ] ] ], [ [ [ 110.441574500000101, -7.780678599999939 ], [ 110.441549400000042, -7.780797099999944 ], [ 110.441359900000123, -7.7807577 ], [ 110.441385, -7.780639199999963 ], [ 110.441407300000108, -7.780534 ], [ 110.441501900000148, -7.780553599999974 ], [ 110.441479701243068, -7.780658894020594 ], [ 110.441574500000101, -7.780678599999939 ] ] ] ] } },
{ "type": "Feature", "properties": { "Keterangan": "Komersial", "Lantai": 1.0 }, "geometry": { "type": "MultiPolygon", "coordinates": [ [ [ [ 110.432359978399248, -7.785172278736497 ], [ 110.43235078042602, -7.785180833494566 ], [ 110.431991278910274, -7.785136758925509 ], [ 110.4318589375888, -7.785113887272419 ], [ 110.431851542349094, -7.785104739773028 ], [ 110.431865827980175, -7.784987979895788 ], [ 110.431879842341445, -7.784982235094905 ], [ 110.432350091855668, -7.78502916691822 ], [ 110.432368739902586, -7.785048715897362 ], [ 110.432359978399248, -7.785172278736497 ] ] ], [ [ [ 110.431829481857264, -7.785101210321455 ], [ 110.431818816689983, -7.785106953441038 ], [ 110.431612000392079, -7.785071210675627 ], [ 110.431602165127558, -7.785058890632331 ], [ 110.43161222270642, -7.784946238117932 ], [ 110.431624893122233, -7.78494150309401 ], [ 110.431839526209885, -7.78497746337028 ], [ 110.431845632615335, -7.784987952417604 ], [ 110.431829481857264, -7.785101210321455 ] ] ], [ [ [ 110.432780028246682, -7.785170698727418 ], [ 110.432567337776717, -7.785186782341292 ], [ 110.432573254886464, -7.784925992788761 ], [ 110.432594045352531, -7.784906827346296 ], [ 110.432762098207448, -7.784911392491197 ], [ 110.432776853858115, -7.784925184837916 ], [ 110.432780028246682, -7.785170698727418 ] ] ], [ [ [ 110.432509161822367, -7.785191181577377 ], [ 110.432463407901267, -7.785194641459813 ], [ 110.432390389126169, -7.785185689467339 ], [ 110.432376165232725, -7.785172649932043 ], [ 110.432391552838595, -7.784904150502424 ], [ 110.432406072002038, -7.784892955350935 ], [ 110.432525666816815, -7.784902195344851 ], [ 110.43254465310126, -7.784921620570198 ], [ 110.432537453033959, -7.785177018981672 ], [ 110.432525708535351, -7.785189930324178 ], [ 110.432524138061993, -7.785190049082523 ], [ 110.432509161822367, -7.785191181577377 ] ] ], [ [ [ 110.4315864817152, -7.785057634755729 ], [ 110.431572656899988, -7.785064411174321 ], [ 110.431208611124319, -7.785001495131131 ], [ 110.431195097971738, -7.784990087213908 ], [ 110.431195087263362, -7.784883213308129 ], [ 110.431211087364574, -7.784872172506257 ], [ 110.431584275684926, -7.784934697912965 ], [ 110.43159722772613, -7.784946272530036 ], [ 110.4315864817152, -7.785057634755729 ] ] ], [ [ [ 110.432372463872255, -7.78499293588483 ], [ 110.432352193858861, -7.785009494791063 ], [ 110.432012488025478, -7.784977914848509 ], [ 110.431992918413286, -7.78495079773028 ], [ 110.432002636019831, -7.784864102254048 ], [ 110.432020182564486, -7.784850737995991 ], [ 110.432364277096525, -7.78488826721405 ], [ 110.432377807400812, -7.784904158041885 ], [ 110.432372463872255, -7.78499293588483 ] ] ], [ [ [ 110.431973062109833, -7.784949061444846 ], [ 110.431948350655475, -7.78497195244007 ], [ 110.43185650989561, -7.784963414621633 ], [ 110.431688420857384, -7.784931279835501 ], [ 110.431680620752928, -7.784929982714156 ], [ 110.431670267550842, -7.784915383717213 ], [ 110.431682013478238, -7.784821962968365 ], [ 110.431691551116486, -7.784814895018933 ], [ 110.431969642794158, -7.784845225771529 ], [ 110.431982911717625, -7.784860094576136 ], [ 110.431973062109833, -7.784949061444846 ] ] ], [ [ [ 110.431664986157898, -7.784820786600056 ], [ 110.431652977357373, -7.784914458191879 ], [ 110.431638991961051, -7.784923060035815 ], [ 110.43147367184487, -7.784895568011761 ], [ 110.431396620778742, -7.784882754727986 ], [ 110.431404358788157, -7.784833993706181 ], [ 110.431482551252969, -7.784848724311304 ], [ 110.431493014346074, -7.784793525795235 ], [ 110.431493787563383, -7.784793325337996 ], [ 110.43165855054238, -7.784811295717891 ], [ 110.431664986157898, -7.784820786600056 ] ] ], [ [ [ 110.43182377115086, -7.784735167647064 ], [ 110.431816516750018, -7.784776440940296 ], [ 110.431757822992907, -7.784770408507674 ], [ 110.431765587230686, -7.784730744944467 ], [ 110.43182377115086, -7.784735167647064 ] ] ], [ [ [ 110.432381013370971, -7.784867424265784 ], [ 110.43236484246502, -7.784879279488642 ], [ 110.432021036624505, -7.784840552408427 ], [ 110.432006288804999, -7.784824226256967 ], [ 110.432016704575133, -7.784729985873829 ], [ 110.432388628134191, -7.784765310932871 ], [ 110.432381013370971, -7.784867424265784 ] ] ], [ [ [ 110.431998495742633, -7.784728256402205 ], [ 110.43198826545138, -7.784821370744698 ], [ 110.431971531569346, -7.784834976021756 ], [ 110.431603593148367, -7.784793530234337 ], [ 110.431609234285261, -7.784766558864591 ], [ 110.431823699432584, -7.784788416653241 ], [ 110.43183834254819, -7.784714079722209 ], [ 110.431841535608584, -7.784713348324448 ], [ 110.431998495742633, -7.784728256402205 ] ] ], [ [ [ 110.43200552462848, -7.78468802538068 ], [ 110.432002108637775, -7.784721638445131 ], [ 110.431962079814085, -7.784718041577514 ], [ 110.431965179311518, -7.784685026652865 ], [ 110.43200552462848, -7.78468802538068 ] ] ], [ [ [ 110.432065045967875, -7.784679728826464 ], [ 110.432060321825915, -7.784726869297226 ], [ 110.432005463816452, -7.78472193993107 ], [ 110.432009860018255, -7.784676065096023 ], [ 110.432065045967875, -7.784679728826464 ] ] ], [ [ [ 110.432071710516794, -7.784646366025884 ], [ 110.432117039092446, -7.784648746441396 ], [ 110.432107830449695, -7.784731138265253 ], [ 110.432062990670346, -7.784727109110903 ], [ 110.432071710516794, -7.784646366025884 ] ] ], [ [ [ 110.432071710516794, -7.784646366025884 ], [ 110.432071218514992, -7.784646340188602 ], [ 110.43207173663103, -7.78464612421621 ], [ 110.432071710516794, -7.784646366025884 ] ] ], [ [ [ 110.432396166488402, -7.784653726176606 ], [ 110.432389269029272, -7.784756427296043 ], [ 110.432112101822923, -7.784731522076449 ], [ 110.432123403360976, -7.784625548973722 ], [ 110.432387909181386, -7.784644411270611 ], [ 110.432396166488402, -7.784653726176606 ] ] ], [ [ [ 110.432545972678426, -7.784874812886606 ], [ 110.432525885487749, -7.784891260823931 ], [ 110.432407490530181, -7.784883709854047 ], [ 110.432393548335241, -7.784869330897794 ], [ 110.432409127167503, -7.784597494097699 ], [ 110.432418858775222, -7.784584441558738 ], [ 110.432545466736372, -7.784553298909042 ], [ 110.432558304615682, -7.784567991466137 ], [ 110.432553565196073, -7.784686932164166 ], [ 110.43254913305401, -7.784762708804674 ], [ 110.432545972678426, -7.784874812886606 ] ] ], [ [ [ 110.43277628438635, -7.784881140748031 ], [ 110.432761891418508, -7.784898513388756 ], [ 110.432593499435356, -7.784895216128556 ], [ 110.432574384476666, -7.784876207351503 ], [ 110.432581557507632, -7.784560063243641 ], [ 110.432598796793727, -7.784536085878909 ], [ 110.432761094438561, -7.784490809443867 ], [ 110.432771386473675, -7.784502327011396 ], [ 110.43277628438635, -7.784881140748031 ] ] ], [ [ [ 110.430976348861549, -7.784631976050448 ], [ 110.430933488999926, -7.784645451601988 ], [ 110.430865783843089, -7.784645338625841 ], [ 110.430848975052371, -7.784626194326571 ], [ 110.430851850535475, -7.784498984129852 ], [ 110.430869403625493, -7.784486734066149 ], [ 110.431028332975174, -7.784493148844285 ], [ 110.431039693765982, -7.784511078522634 ], [ 110.431037039197406, -7.784610427359102 ], [ 110.431016382656679, -7.784625439888508 ], [ 110.431012268075989, -7.784625613526804 ], [ 110.43100281772756, -7.784626425351095 ], [ 110.430994972053526, -7.784627444798914 ], [ 110.430989105365413, -7.784628668915456 ], [ 110.430982121668393, -7.78463036813477 ], [ 110.430976348861549, -7.784631976050448 ] ] ], [ [ [ 110.432397102765947, -7.784629762599964 ], [ 110.432387940355454, -7.784638958128837 ], [ 110.432193287025555, -7.784626419704317 ], [ 110.432203194368327, -7.784558952529011 ], [ 110.432272853906383, -7.78448230578149 ], [ 110.432376963432972, -7.784507502562757 ], [ 110.432386950201817, -7.784516414216718 ], [ 110.432399334922167, -7.784579728980865 ], [ 110.432397102765947, -7.784629762599964 ] ] ], [ [ [ 110.430795068114421, -7.784688972419601 ], [ 110.430654547587579, -7.784733153327313 ], [ 110.430622733360764, -7.78471405745612 ], [ 110.430630365922184, -7.784494013341545 ], [ 110.430650290571577, -7.784479261539807 ], [ 110.430802457079324, -7.784483097298282 ], [ 110.43081945566027, -7.784498653185005 ], [ 110.430815177420641, -7.784662091313352 ], [ 110.430795068114421, -7.784688972419601 ] ] ], [ [ [ 110.432961068516121, -7.785157008410251 ], [ 110.432794728424724, -7.785169587098562 ], [ 110.432786453272982, -7.784572026178642 ], [ 110.432785640555963, -7.784500403983269 ], [ 110.432798370403134, -7.784480410497736 ], [ 110.43298886087122, -7.784427268952058 ], [ 110.433004248818662, -7.784437245326538 ], [ 110.433004921834637, -7.78446210248521 ], [ 110.433004917574905, -7.784690714450542 ], [ 110.433004967872009, -7.784693876839719 ], [ 110.433015195774544, -7.785002041110033 ], [ 110.433015083019313, -7.785004029792905 ], [ 110.433014667501283, -7.785010335210172 ], [ 110.433014426439499, -7.785012623710067 ], [ 110.433006047742353, -7.785081641320732 ], [ 110.432996986086025, -7.785145039013591 ], [ 110.432961068516121, -7.785157008410251 ] ] ], [ [ [ 110.432380204367618, -7.78448888756806 ], [ 110.432376552109474, -7.78449736157027 ], [ 110.432278992356402, -7.784475490739703 ], [ 110.432279729872391, -7.784474648548647 ], [ 110.432282292380023, -7.784471468158412 ], [ 110.432287717259598, -7.784464415151761 ], [ 110.432294239734603, -7.784454692254372 ], [ 110.432295763097272, -7.784451961137083 ], [ 110.432299960790616, -7.784444119527477 ], [ 110.43230513777884, -7.784432569993375 ], [ 110.432305860262076, -7.784430522646705 ], [ 110.432308718154133, -7.784422102807755 ], [ 110.432310811166644, -7.784414988850347 ], [ 110.432321808430189, -7.78437100727453 ], [ 110.432355243462084, -7.784373191975942 ], [ 110.432380204367618, -7.78448888756806 ] ] ], [ [ [ 110.430553274405455, -7.784758984329196 ], [ 110.430433397958566, -7.784758907315165 ], [ 110.430412810542776, -7.784734887197408 ], [ 110.430420492493411, -7.784338076347311 ], [ 110.430434150167883, -7.784322204195988 ], [ 110.430582138441167, -7.784340423839908 ], [ 110.430601641560003, -7.78436700375816 ], [ 110.43059045639238, -7.784734210554793 ], [ 110.430565336174453, -7.784756120839135 ], [ 110.430553274405455, -7.784758984329196 ] ] ], [ [ [ 110.429775826443802, -7.784389146433337 ], [ 110.429758893616082, -7.784404983347966 ], [ 110.42954518050351, -7.784399687192582 ], [ 110.429535009275568, -7.784384350087953 ], [ 110.429544506824513, -7.784318599428264 ], [ 110.429557404237286, -7.784309902279522 ], [ 110.42977375730085, -7.784322595651478 ], [ 110.429782828659711, -7.784336071976751 ], [ 110.429775826443802, -7.784389146433337 ] ] ], [ [ [ 110.432542954626385, -7.784537365086954 ], [ 110.432416315761046, -7.784565555842869 ], [ 110.432405669420348, -7.784558479496996 ], [ 110.432346175355477, -7.784296797752644 ], [ 110.432354743745648, -7.784275521430934 ], [ 110.432448989653523, -7.784251966655007 ], [ 110.432486645484502, -7.784275564191769 ], [ 110.432551060909674, -7.784513267045865 ], [ 110.432542954626385, -7.784537365086954 ] ] ], [ [ [ 110.430247726652837, -7.784359727202798 ], [ 110.43024661693093, -7.784417069514782 ], [ 110.43002722244772, -7.784411632816473 ], [ 110.430013341284834, -7.78439469774697 ], [ 110.43002791055774, -7.784234321974571 ], [ 110.430035989706397, -7.784228600291971 ], [ 110.43025006601799, -7.784238845772445 ], [ 110.430247726652837, -7.784359727202798 ] ] ], [ [ [ 110.43000742286884, -7.784235204667064 ], [ 110.429991721183043, -7.784393234691137 ], [ 110.429976225547506, -7.78441036907316 ], [ 110.429810260104631, -7.784406256276397 ], [ 110.429796210260662, -7.784388679859001 ], [ 110.429804147338658, -7.784324378617332 ], [ 110.42980444642761, -7.784324396164726 ], [ 110.429805393578746, -7.784314282357329 ], [ 110.429812842133074, -7.784234745664982 ], [ 110.429827374703152, -7.784218616080307 ], [ 110.430000960723291, -7.784226923829175 ], [ 110.43000742286884, -7.784235204667064 ] ] ], [ [ [ 110.431905466106372, -7.784401722036568 ], [ 110.431862460364385, -7.78441157331929 ], [ 110.431833978355016, -7.784398357345011 ], [ 110.431830178226633, -7.784220056761123 ], [ 110.431850702832008, -7.784201607401204 ], [ 110.431982556591834, -7.784206206879411 ], [ 110.431996977172503, -7.784222982736852 ], [ 110.432002752768497, -7.784348511625278 ], [ 110.431984233453591, -7.784368888508052 ], [ 110.431905466106372, -7.784401722036568 ] ] ], [ [ [ 110.43180503852787, -7.784424726874764 ], [ 110.431688965474905, -7.784430965474536 ], [ 110.431674333124377, -7.784420841073659 ], [ 110.431667823107404, -7.784208788483688 ], [ 110.431687051551037, -7.784195898667279 ], [ 110.431806580282768, -7.784200068257264 ], [ 110.43181886833024, -7.784211909758641 ], [ 110.431821628477195, -7.784404321551469 ], [ 110.43180503852787, -7.784424726874764 ] ] ], [ [ [ 110.431642417141802, -7.784461978325402 ], [ 110.43149659342231, -7.784469517680328 ], [ 110.431480379660428, -7.784452985018396 ], [ 110.431479294527122, -7.784205836263721 ], [ 110.431496167279448, -7.784189239870924 ], [ 110.431638080941426, -7.784194190387454 ], [ 110.431653487529786, -7.784210493168187 ], [ 110.431658323238338, -7.784447548232736 ], [ 110.431642417141802, -7.784461978325402 ] ] ], [ [ [ 110.431438649804065, -7.784508654922129 ], [ 110.43128499122993, -7.784515707293778 ], [ 110.431270446344485, -7.78449985832268 ], [ 110.431266994358097, -7.784195606674002 ], [ 110.431285101910021, -7.784181876978142 ], [ 110.431439408268545, -7.784187259876083 ], [ 110.431456767731234, -7.784205239795766 ], [ 110.431459006608392, -7.784487744311635 ], [ 110.431438649804065, -7.784508654922129 ] ] ], [ [ [ 110.432760961973855, -7.784469703269209 ], [ 110.432592927549663, -7.784518816770295 ], [ 110.432573114772239, -7.784507365599256 ], [ 110.432508438443065, -7.784269210304388 ], [ 110.432522727495595, -7.784233429973525 ], [ 110.432526358146731, -7.78423250816956 ], [ 110.43275261862253, -7.784175061707376 ], [ 110.43276731303726, -7.784187280751111 ], [ 110.432770711150965, -7.784450096389092 ], [ 110.432760961973855, -7.784469703269209 ] ] ], [ [ [ 110.431223702755361, -7.784555993244362 ], [ 110.431101309177492, -7.784564662570433 ], [ 110.431066515360712, -7.784533111038985 ], [ 110.43106999937325, -7.784175188052018 ], [ 110.431085707281895, -7.784161575376856 ], [ 110.431211208046975, -7.784178850672712 ], [ 110.431219976006844, -7.78417960507767 ], [ 110.431228602512221, -7.784179906011638 ], [ 110.431245400867994, -7.784195828399289 ], [ 110.431246471251683, -7.784524498033939 ], [ 110.431223702755361, -7.784555993244362 ] ] ], [ [ [ 110.431041331346009, -7.784449791043378 ], [ 110.431011940584824, -7.784471966107194 ], [ 110.430873437694046, -7.784469320358424 ], [ 110.430853045822303, -7.784446105070755 ], [ 110.430859730241949, -7.784150388112565 ], [ 110.430876494244345, -7.784132776924872 ], [ 110.431034552819199, -7.784154533907047 ], [ 110.431048620575766, -7.784176986445626 ], [ 110.431041331346009, -7.784449791043378 ] ] ], [ [ [ 110.432984607512395, -7.784404335495702 ], [ 110.432795736115821, -7.78445953939031 ], [ 110.432785042923797, -7.78444773658082 ], [ 110.432782060544071, -7.784184909440238 ], [ 110.432793181307005, -7.784164763019425 ], [ 110.432962660290301, -7.784121732999445 ], [ 110.432996588372603, -7.784154314593474 ], [ 110.433002613953519, -7.784376863246152 ], [ 110.432984607512395, -7.784404335495702 ] ] ], [ [ [ 110.430820765809159, -7.7844486025666 ], [ 110.430802064723949, -7.784464302046707 ], [ 110.430650547631913, -7.784461272388564 ], [ 110.430632240445206, -7.784439971414529 ], [ 110.430643486469421, -7.784115751381757 ], [ 110.430663018725838, -7.784103391627382 ], [ 110.430808696848118, -7.784123444500607 ], [ 110.430828624130271, -7.784148396523713 ], [ 110.430820765809159, -7.7844486025666 ] ] ], [ [ [ 110.430603812462564, -7.784295733299846 ], [ 110.430583383213971, -7.784310509519988 ], [ 110.430435935955074, -7.784291013350133 ], [ 110.430421868365627, -7.784267005497302 ], [ 110.430425200649054, -7.784094875695586 ], [ 110.430450917817197, -7.784074195438006 ], [ 110.430594158240694, -7.784093912831412 ], [ 110.430609264996932, -7.784116727053829 ], [ 110.430603812462564, -7.784295733299846 ] ] ], [ [ [ 110.430253038475755, -7.784085250414907 ], [ 110.430250383279855, -7.784222451963366 ], [ 110.43003782868638, -7.784214182514143 ], [ 110.430030561736572, -7.784205138285602 ], [ 110.430041451951936, -7.7840852607409 ], [ 110.430055082851581, -7.784072650944576 ], [ 110.430253038475755, -7.784085250414907 ] ] ], [ [ [ 110.430010545875263, -7.784203773068866 ], [ 110.430001686534254, -7.784212776391031 ], [ 110.429827726110062, -7.784206008356197 ], [ 110.429816922094943, -7.78419117924944 ], [ 110.429818510646328, -7.784174216468484 ], [ 110.429816613489137, -7.784170602834655 ], [ 110.429823103644452, -7.784125171758217 ], [ 110.429829367579188, -7.78405828451626 ], [ 110.430011538839992, -7.78406987944493 ], [ 110.430022544147846, -7.784083016006737 ], [ 110.430010545875263, -7.784203773068866 ] ] ], [ [ [ 110.43025441058856, -7.784014349329845 ], [ 110.430253212103963, -7.784076278541041 ], [ 110.430053951365565, -7.784060402112763 ], [ 110.430045013900127, -7.784046051429737 ], [ 110.430054721464131, -7.783939192189224 ], [ 110.430066091325372, -7.783929792393462 ], [ 110.430200023459022, -7.783943480194839 ], [ 110.430235993491465, -7.783986194606766 ], [ 110.43025441058856, -7.784014349329845 ] ] ], [ [ [ 110.430026083446208, -7.784047394588284 ], [ 110.430012308335648, -7.784057084123783 ], [ 110.429843943333822, -7.784043669274178 ], [ 110.429832283498044, -7.784027147882999 ], [ 110.429842092381179, -7.783922407063517 ], [ 110.429856974871072, -7.78390842070415 ], [ 110.430027801261872, -7.78392587915902 ], [ 110.430037003400926, -7.783937490188912 ], [ 110.430026083446208, -7.784047394588284 ] ] ], [ [ [ 110.430184810182581, -7.783918386702947 ], [ 110.430173084959833, -7.783929305003239 ], [ 110.430066119549721, -7.783918722935653 ], [ 110.430057541132797, -7.783908153734207 ], [ 110.430066763464225, -7.783806635760653 ], [ 110.43007793290667, -7.783797516599821 ], [ 110.430135466279594, -7.783798599426216 ], [ 110.430149556835516, -7.783807590468533 ], [ 110.430184810182581, -7.783918386702947 ] ] ], [ [ [ 110.432206100000172, -7.7837858 ], [ 110.432204800000051, -7.783853300000072 ], [ 110.432131899999959, -7.783851899999945 ], [ 110.43213320000018, -7.783784499999975 ], [ 110.432206100000172, -7.7837858 ] ] ], [ [ [ 110.430039925761605, -7.783908077938333 ], [ 110.430030616202259, -7.783915210590204 ], [ 110.429857070762807, -7.783898041700357 ], [ 110.429845608673929, -7.783884859510325 ], [ 110.429851406143385, -7.783822953156711 ], [ 110.429854300972366, -7.783784906803446 ], [ 110.429865687351409, -7.783779877963259 ], [ 110.429976099999934, -7.7837955999999 ], [ 110.430040111870767, -7.783796804771918 ], [ 110.430049935291507, -7.783807336462169 ], [ 110.430039925761605, -7.783908077938333 ] ] ], [ [ [ 110.431615100000016, -7.783765 ], [ 110.431613499999898, -7.783849699999859 ], [ 110.431504700000033, -7.783847699999956 ], [ 110.431506300000166, -7.783763 ], [ 110.431615100000016, -7.783765 ] ] ], [ [ [ 110.432334500000138, -7.783761199999909 ], [ 110.432332900000162, -7.783812199999943 ], [ 110.432282900000132, -7.7838106 ], [ 110.432282600000093, -7.783817799999968 ], [ 110.432257599999971, -7.783817 ], [ 110.432257900000181, -7.783809799999909 ], [ 110.432253300000156, -7.783809600000011 ], [ 110.432255, -7.783758599999951 ], [ 110.432334500000138, -7.783761199999909 ] ] ], [ [ [ 110.443735303187395, -7.783763604544991 ], [ 110.443734400053003, -7.783779568043784 ], [ 110.443734200273127, -7.78377955721406 ], [ 110.443735303187395, -7.783763604544991 ] ] ], [ [ [ 110.431499699999975, -7.7837386 ], [ 110.431498700000105, -7.783790599999945 ], [ 110.431426699999889, -7.783789300000012 ], [ 110.431427700000057, -7.783737199999969 ], [ 110.431499699999975, -7.7837386 ] ] ], [ [ [ 110.431209900000155, -7.783729099999967 ], [ 110.431204100000215, -7.783850499999888 ], [ 110.431087100000155, -7.783845100000013 ], [ 110.431092800000116, -7.783723599999962 ], [ 110.431209900000155, -7.783729099999967 ] ] ], [ [ [ 110.429458499999939, -7.783744199999973 ], [ 110.429427500000116, -7.783905499999926 ], [ 110.429262100000145, -7.783874299999946 ], [ 110.42929310000001, -7.783713 ], [ 110.429458499999939, -7.783744199999973 ] ] ], [ [ [ 110.431726499999982, -7.783821699999944 ], [ 110.431649500000034, -7.783821899999959 ], [ 110.431649300000103, -7.783710099999904 ], [ 110.431726300000079, -7.78371 ], [ 110.431726499999982, -7.783821699999944 ] ] ], [ [ [ 110.431840800000131, -7.783693799999984 ], [ 110.431838900000159, -7.78379289999992 ], [ 110.431753, -7.783791299999912 ], [ 110.431754800000121, -7.783692199999936 ], [ 110.431840800000131, -7.783693799999984 ] ] ], [ [ [ 110.431410400000033, -7.783679299999973 ], [ 110.431408000000104, -7.784003399999967 ], [ 110.431215300000062, -7.784002 ], [ 110.431216200000151, -7.783878699999956 ], [ 110.431226700000124, -7.783878799999917 ], [ 110.431228200000078, -7.783678 ], [ 110.431410400000033, -7.783679299999973 ] ] ], [ [ [ 110.432020600000087, -7.783647500000012 ], [ 110.432017600000023, -7.78380549999993 ], [ 110.431927100000081, -7.783803899999943 ], [ 110.431930100000073, -7.783645799999944 ], [ 110.432020600000087, -7.783647500000012 ] ] ], [ [ [ 110.433073499999892, -7.783719899999958 ], [ 110.433072100000047, -7.783776999999867 ], [ 110.433071727810116, -7.783776990976611 ], [ 110.433068557361509, -7.783902903131182 ], [ 110.43277095737065, -7.783895703134654 ], [ 110.43277403765903, -7.783769773647294 ], [ 110.432771, -7.7837697 ], [ 110.432774200000082, -7.783640100000017 ], [ 110.432870900000111, -7.783642399999934 ], [ 110.432869100000048, -7.783715 ], [ 110.433073499999892, -7.783719899999958 ] ] ], [ [ [ 110.431150299999928, -7.7836143 ], [ 110.431145400000148, -7.783719199999955 ], [ 110.431093700000034, -7.783716799999857 ], [ 110.431098699999922, -7.783611899999965 ], [ 110.431150299999928, -7.7836143 ] ] ], [ [ [ 110.432407900000072, -7.783638300000042 ], [ 110.432407900000058, -7.783746799999943 ], [ 110.432355099999953, -7.783746799999965 ], [ 110.432355099999953, -7.783638299999843 ], [ 110.432353466598542, -7.783638299999776 ], [ 110.432353466598627, -7.78361089999991 ], [ 110.432408166600425, -7.7836109 ], [ 110.432408166600425, -7.783638300000027 ], [ 110.432407900000072, -7.783638300000042 ] ] ], [ [ [ 110.433116600000091, -7.783611399999934 ], [ 110.43311350000009, -7.783699399999914 ], [ 110.432995500000104, -7.78369549999997 ], [ 110.432998499999897, -7.783607399999972 ], [ 110.433116600000091, -7.783611399999934 ] ] ], [ [ [ 110.429790100000105, -7.783605099999942 ], [ 110.429786800000016, -7.783699299999942 ], [ 110.429698700000174, -7.783696299999873 ], [ 110.429702000000105, -7.78360209999987 ], [ 110.429790100000105, -7.783605099999942 ] ] ], [ [ [ 110.432760382270288, -7.783603351111435 ], [ 110.432760382270018, -7.783650900000197 ], [ 110.43276250000018, -7.783650899999979 ], [ 110.43276250000018, -7.78389862483667 ], [ 110.432762916542345, -7.783898628090856 ], [ 110.432762316543204, -7.783972528090989 ], [ 110.432685516545732, -7.783971928091864 ], [ 110.432686116544886, -7.783898028091746 ], [ 110.432686700000303, -7.783898032650088 ], [ 110.432686700000318, -7.783657651110881 ], [ 110.432682482267253, -7.783657651110536 ], [ 110.432682482267836, -7.783603351110542 ], [ 110.432760382270288, -7.783603351111435 ] ] ], [ [ [ 110.430958562726929, -7.783604048573351 ], [ 110.43095034018917, -7.783742036003657 ], [ 110.430951200000081, -7.7837421 ], [ 110.430938600000118, -7.783906599999864 ], [ 110.430824500000057, -7.78389799999983 ], [ 110.430837000000224, -7.783733599999842 ], [ 110.430841261525032, -7.783733917189315 ], [ 110.430851662723882, -7.783596148573775 ], [ 110.430958562726929, -7.783604048573351 ] ] ], [ [ [ 110.430306890285763, -7.783593435667525 ], [ 110.430304890285797, -7.783700235667571 ], [ 110.430304041633889, -7.783700221169041 ], [ 110.430303100000103, -7.7837495 ], [ 110.430297510264921, -7.783749404829192 ], [ 110.430295936608687, -7.783836603874229 ], [ 110.430293115756783, -7.783836555014467 ], [ 110.43029132254587, -7.783931595123582 ], [ 110.430211722548876, -7.783930195122607 ], [ 110.430213515359043, -7.783835176254539 ], [ 110.430209336610758, -7.783835103873856 ], [ 110.430211036611212, -7.783740903873884 ], [ 110.43021512286002, -7.783740974652271 ], [ 110.43021609999991, -7.783685099999968 ], [ 110.430217344970472, -7.783685122584587 ], [ 110.43021909028225, -7.78359183566763 ], [ 110.430306890285763, -7.783593435667525 ] ] ], [ [ [ 110.431830499999904, -7.783649599999986 ], [ 110.431829800000102, -7.783685399999944 ], [ 110.431757700000176, -7.783684099999976 ], [ 110.431758000000201, -7.783670599999961 ], [ 110.431758288942845, -7.783654419206898 ], [ 110.431752468721839, -7.783654312998063 ], [ 110.431753668722308, -7.783590512998225 ], [ 110.431808468723446, -7.783591512998532 ], [ 110.431807384619532, -7.783649151158942 ], [ 110.431830499999904, -7.783649599999986 ] ] ], [ [ [ 110.442428887637902, -7.783603467819177 ], [ 110.442420885802804, -7.783604229090832 ], [ 110.44242089644672, -7.783603384673762 ], [ 110.442428887637902, -7.783603467819177 ] ] ], [ [ [ 110.430806409575524, -7.783592383063809 ], [ 110.430792809565077, -7.783771683062295 ], [ 110.430708756062614, -7.783765392720119 ], [ 110.430705172743984, -7.783825723327363 ], [ 110.430582772745709, -7.783818823322028 ], [ 110.430588872750079, -7.783715823322533 ], [ 110.430591616326652, -7.783715985985574 ], [ 110.430595169504571, -7.783627964073345 ], [ 110.430653469507618, -7.783630164073442 ], [ 110.43064986902391, -7.783719439706253 ], [ 110.430664772749168, -7.783720323325933 ], [ 110.430669072752281, -7.783647923326333 ], [ 110.430708124869568, -7.783650190870699 ], [ 110.43071230957672, -7.78358638305828 ], [ 110.430806409575524, -7.783592383063809 ] ] ], [ [ [ 110.431744899999913, -7.783589199999888 ], [ 110.431743200000057, -7.783681399999972 ], [ 110.431650600000026, -7.783679699999978 ], [ 110.431652300000067, -7.7835875 ], [ 110.431744899999913, -7.783589199999888 ] ] ], [ [ [ 110.430197950568171, -7.783595972502432 ], [ 110.430185689679348, -7.78367675523068 ], [ 110.430205687646875, -7.783679741824319 ], [ 110.430191787646621, -7.783770941824309 ], [ 110.430077287643002, -7.783753741824581 ], [ 110.430091187643001, -7.783662641824604 ], [ 110.430110885373665, -7.78366558358388 ], [ 110.430123150566075, -7.783584772501253 ], [ 110.430197950568171, -7.783595972502432 ] ] ], [ [ [ 110.432487743827167, -7.783587303466003 ], [ 110.432487743827011, -7.783626800000326 ], [ 110.432492100000019, -7.783626799999952 ], [ 110.432492100000019, -7.783732 ], [ 110.432465000000121, -7.783732 ], [ 110.432465, -7.7837571 ], [ 110.432497200000086, -7.7837571 ], [ 110.432497200000114, -7.783808 ], [ 110.4324114, -7.783808 ], [ 110.432411400000021, -7.783626799999984 ], [ 110.432417443824917, -7.7836268000005 ], [ 110.432417443825244, -7.783587303465496 ], [ 110.432487743827167, -7.783587303466003 ] ] ], [ [ [ 110.431925271065921, -7.783587873857137 ], [ 110.431924571065608, -7.783627773857244 ], [ 110.431918771065497, -7.78362767385711 ], [ 110.431918671065461, -7.783633173857162 ], [ 110.431916995386487, -7.783633143328579 ], [ 110.4319153, -7.783724599999982 ], [ 110.431844, -7.783723199999958 ], [ 110.431845895614387, -7.783626324135838 ], [ 110.431817171063713, -7.783625773855986 ], [ 110.431817971064419, -7.783585873856088 ], [ 110.431925271065921, -7.783587873857137 ] ] ], [ [ [ 110.432255400000102, -7.783584899999894 ], [ 110.43225510000012, -7.783601699999861 ], [ 110.432264300000014, -7.783601899999968 ], [ 110.432262900000055, -7.783678800000025 ], [ 110.432261456487268, -7.783678773161921 ], [ 110.432262382464174, -7.783732984895963 ], [ 110.432210982466145, -7.783733784895863 ], [ 110.432210025005105, -7.783677816933731 ], [ 110.432189544887493, -7.783677436160127 ], [ 110.432188173463274, -7.783748603312649 ], [ 110.432119973462804, -7.783747303313869 ], [ 110.432122773460193, -7.783602103313591 ], [ 110.432188949612666, -7.783603267702353 ], [ 110.432189, -7.783600499999915 ], [ 110.432222300000092, -7.783601099999861 ], [ 110.432222600000088, -7.783584299999925 ], [ 110.432255400000102, -7.783584899999894 ] ] ], [ [ [ 110.431641100000135, -7.783584599999958 ], [ 110.431639300000171, -7.783676899999942 ], [ 110.431554600000084, -7.783675399999975 ], [ 110.431556400000048, -7.783583 ], [ 110.431641100000135, -7.783584599999958 ] ] ], [ [ [ 110.432345700000084, -7.783585699999942 ], [ 110.43234430000004, -7.78362869999996 ], [ 110.432347700000051, -7.783628799999961 ], [ 110.432343699999919, -7.783749 ], [ 110.432270300000056, -7.783746599999938 ], [ 110.432274300000131, -7.783626399999949 ], [ 110.432280600000098, -7.783626599999959 ], [ 110.432282, -7.783583599999949 ], [ 110.432345700000084, -7.783585699999942 ] ] ], [ [ [ 110.430003919293569, -7.783593562138803 ], [ 110.429975919290186, -7.783777062137998 ], [ 110.429882619293736, -7.783763162135786 ], [ 110.429910519297025, -7.783579662136667 ], [ 110.430003919293569, -7.783593562138803 ] ] ], [ [ [ 110.431517848582686, -7.783581351518649 ], [ 110.431517658460024, -7.783606542739932 ], [ 110.431520700000121, -7.7836066 ], [ 110.431519800000117, -7.783652599999944 ], [ 110.431510042944268, -7.783652416313209 ], [ 110.431509506081426, -7.783679259455608 ], [ 110.431435406084361, -7.783677959455808 ], [ 110.431435944846996, -7.783651021332194 ], [ 110.431429500000107, -7.783650900000026 ], [ 110.431430400000096, -7.783604900000026 ], [ 110.431435771791911, -7.783605001130609 ], [ 110.431436048580196, -7.783580551518314 ], [ 110.431517848582686, -7.783581351518649 ] ] ], [ [ [ 110.432104300000105, -7.783628799999927 ], [ 110.432101799999955, -7.783759799999876 ], [ 110.432097145166736, -7.783759715913011 ], [ 110.432095242688291, -7.783860381792647 ], [ 110.43202074269395, -7.783858981792339 ], [ 110.432023042694411, -7.783737281792144 ], [ 110.432024702424442, -7.783737312981949 ], [ 110.432026778624262, -7.783628520091068 ], [ 110.432023963810295, -7.783628466712514 ], [ 110.432024863810369, -7.783581266712525 ], [ 110.432103963812651, -7.783582766712539 ], [ 110.432103086477326, -7.783628778078382 ], [ 110.432104300000105, -7.783628799999927 ] ] ], [ [ [ 110.442530554859914, -7.783593795490978 ], [ 110.442517047822903, -7.78359508051177 ], [ 110.442517047822889, -7.783593795490992 ], [ 110.442530554859914, -7.783593795490978 ] ] ], [ [ [ 110.4297008, -7.78357880000001 ], [ 110.429697200000049, -7.783682799999903 ], [ 110.429629699999893, -7.783680499999985 ], [ 110.4296333, -7.783576499999967 ], [ 110.4297008, -7.78357880000001 ] ] ], [ [ [ 110.430575028397584, -7.783584709522835 ], [ 110.430571728394199, -7.783668609522489 ], [ 110.4304748372776, -7.783664808135261 ], [ 110.430474501583674, -7.783673104572058 ], [ 110.43047205881237, -7.7836730093747 ], [ 110.430470241031585, -7.783717958134526 ], [ 110.430581407608514, -7.783722451530934 ], [ 110.430578107605669, -7.783804451530616 ], [ 110.430454407607414, -7.783799651526491 ], [ 110.430456673544271, -7.783743209153033 ], [ 110.430341599999977, -7.783738699999903 ], [ 110.430344900000179, -7.7836571 ], [ 110.430346643448587, -7.78365716831722 ], [ 110.430349001579529, -7.783598804572287 ], [ 110.43037530158027, -7.783599804572392 ], [ 110.430376301580353, -7.783576904572268 ], [ 110.430468501159254, -7.783580515406629 ], [ 110.430575028397584, -7.783584709522835 ] ] ], [ [ [ 110.42949130000008, -7.783575799999939 ], [ 110.429477000000119, -7.7837365 ], [ 110.429416100000068, -7.783731099999973 ], [ 110.429430399999944, -7.783570499999945 ], [ 110.42949130000008, -7.783575799999939 ] ] ], [ [ [ 110.440602225512237, -7.783586645234325 ], [ 110.440574093731882, -7.783586645936083 ], [ 110.440574197695369, -7.783584946580767 ], [ 110.440602225512237, -7.783586645234325 ] ] ], [ [ [ 110.432660200000086, -7.783564899999986 ], [ 110.432660200000072, -7.783597399999858 ], [ 110.432670300000197, -7.783597399999815 ], [ 110.432670300000197, -7.7836594 ], [ 110.432573199999908, -7.7836594 ], [ 110.432573199999865, -7.783597399999861 ], [ 110.432593600000075, -7.783597399999843 ], [ 110.432593600000075, -7.783564900000014 ], [ 110.432660200000086, -7.783564899999986 ] ] ], [ [ [ 110.441641837073448, -7.783345535322812 ], [ 110.44161431445589, -7.783347023520207 ], [ 110.441614192689329, -7.783344789375621 ], [ 110.441641837073448, -7.783345535322812 ] ] ], [ [ [ 110.432886300000035, -7.783311 ], [ 110.432884800000096, -7.783366499999923 ], [ 110.43280320000018, -7.783364399999931 ], [ 110.432804700000119, -7.783308899999973 ], [ 110.432886300000035, -7.783311 ] ] ], [ [ [ 110.431598100000116, -7.783295599999903 ], [ 110.431596800000094, -7.783356399999904 ], [ 110.431536700000194, -7.783355099999977 ], [ 110.431538100000054, -7.7832943 ], [ 110.431598100000116, -7.783295599999903 ] ] ], [ [ [ 110.433366100000214, -7.783311199999978 ], [ 110.433359900000056, -7.783375199999943 ], [ 110.433196900000155, -7.7833596 ], [ 110.433203100000071, -7.783295599999931 ], [ 110.433366100000214, -7.783311199999978 ] ] ], [ [ [ 110.43279190000014, -7.783289699999976 ], [ 110.432790400000187, -7.783356099999958 ], [ 110.432752200000024, -7.783355199999964 ], [ 110.432753599999984, -7.783288799999949 ], [ 110.43279190000014, -7.783289699999976 ] ] ], [ [ [ 110.433000799999917, -7.783287599999886 ], [ 110.432998899999944, -7.783359799999985 ], [ 110.432892, -7.783357099999966 ], [ 110.432893900000053, -7.78328489999991 ], [ 110.433000799999917, -7.783287599999886 ] ] ], [ [ [ 110.431776400000174, -7.783292 ], [ 110.431774900000178, -7.783359699999987 ], [ 110.431692200000086, -7.78335789999991 ], [ 110.431691900000047, -7.783369799999902 ], [ 110.431632100000087, -7.783368500000014 ], [ 110.431633200000178, -7.78332 ], [ 110.43164890000007, -7.783320399999919 ], [ 110.431649000000107, -7.7833168 ], [ 110.431641100000121, -7.783316699999979 ], [ 110.431642200000041, -7.783263499999923 ], [ 110.431720200000157, -7.783265199999963 ], [ 110.431719600000065, -7.783290800000059 ], [ 110.431776400000174, -7.783292 ] ] ], [ [ [ 110.431422399999875, -7.783264799999932 ], [ 110.431419900000122, -7.783380400000021 ], [ 110.431284, -7.783377499999839 ], [ 110.43121280000004, -7.783373900000099 ], [ 110.431206900000078, -7.783361199999936 ], [ 110.431216, -7.783280099999975 ], [ 110.431286300000082, -7.78327659999995 ], [ 110.431286600000107, -7.783261799999884 ], [ 110.431422399999875, -7.783264799999932 ] ] ], [ [ [ 110.431165900000067, -7.783259 ], [ 110.431163900000087, -7.7833511 ], [ 110.431022700000113, -7.7833481 ], [ 110.431024099999959, -7.7832793 ], [ 110.431049600000037, -7.783279799999961 ], [ 110.431050100000093, -7.783256400000054 ], [ 110.431165900000067, -7.783259 ] ] ], [ [ [ 110.432059100000075, -7.783253 ], [ 110.432056799999984, -7.783355999999834 ], [ 110.43203080000022, -7.783355399999955 ], [ 110.431999, -7.783354799999943 ], [ 110.431999800000042, -7.7833202 ], [ 110.432013500000096, -7.783320500000015 ], [ 110.432014999999893, -7.783252 ], [ 110.432059100000075, -7.783253 ] ] ], [ [ [ 110.431860099999952, -7.783248799999953 ], [ 110.431858000000133, -7.783342299999952 ], [ 110.431786500000072, -7.783340699999929 ], [ 110.431788600000061, -7.7832472 ], [ 110.431860099999952, -7.783248799999953 ] ] ], [ [ [ 110.431921599999967, -7.783247499999957 ], [ 110.4319207, -7.783287 ], [ 110.431897500000204, -7.783286499999982 ], [ 110.43189680000016, -7.783319399999934 ], [ 110.431864, -7.783318699999881 ], [ 110.431865600000052, -7.783246299999935 ], [ 110.431921599999967, -7.783247499999957 ] ] ], [ [ [ 110.43273790000012, -7.783248499999846 ], [ 110.432736900000023, -7.7832944 ], [ 110.432728500000039, -7.783294199999973 ], [ 110.43272730000011, -7.7833458 ], [ 110.432693700000172, -7.783345 ], [ 110.432694900000115, -7.7832934 ], [ 110.432664000000216, -7.783292799999957 ], [ 110.432665000000128, -7.783246899999986 ], [ 110.43273790000012, -7.783248499999846 ] ] ], [ [ [ 110.431015800000083, -7.78324279999998 ], [ 110.431013100000243, -7.783364599999872 ], [ 110.430933500000194, -7.783362899999989 ], [ 110.430934199999982, -7.783332299999913 ], [ 110.430942200000032, -7.783332499999945 ], [ 110.4309442, -7.783241299999871 ], [ 110.431015800000083, -7.78324279999998 ] ] ], [ [ [ 110.431980499999966, -7.783243499999978 ], [ 110.431978000000115, -7.783358799999971 ], [ 110.431929100000161, -7.7833577 ], [ 110.431931699999978, -7.783242399999963 ], [ 110.431980499999966, -7.783243499999978 ] ] ], [ [ [ 110.433547500000131, -7.783246299999939 ], [ 110.433538200000058, -7.783341699999973 ], [ 110.433456000000191, -7.783333899999974 ], [ 110.433465300000094, -7.7832385 ], [ 110.433547500000131, -7.783246299999939 ] ] ], [ [ [ 110.433906499999893, -7.78324259999998 ], [ 110.433900900000069, -7.783362699999977 ], [ 110.433770099999975, -7.783356700000018 ], [ 110.433775700000211, -7.783236699999927 ], [ 110.433906499999893, -7.78324259999998 ] ] ], [ [ [ 110.432811400000148, -7.783210499999973 ], [ 110.432810400000065, -7.7832481 ], [ 110.432749600000193, -7.783246499999954 ], [ 110.432750600000105, -7.783208899999955 ], [ 110.432811400000148, -7.783210499999973 ] ] ], [ [ [ 110.433126, -7.783376299999944 ], [ 110.433016, -7.783378799999966 ], [ 110.433011900000054, -7.783208799999919 ], [ 110.433122, -7.783206199999968 ], [ 110.433126, -7.783376299999944 ] ] ], [ [ [ 110.433458100000053, -7.7832128 ], [ 110.433449300000163, -7.783302199999921 ], [ 110.43336140000018, -7.783293799999937 ], [ 110.433370100000189, -7.783204400000029 ], [ 110.433458100000053, -7.7832128 ] ] ], [ [ [ 110.438722399999961, -7.783199399999927 ], [ 110.43871970000005, -7.7832439 ], [ 110.438680300000101, -7.7832416 ], [ 110.43868300000014, -7.783197 ], [ 110.438722399999961, -7.783199399999927 ] ] ], [ [ [ 110.438766799999968, -7.7831783 ], [ 110.438765399999937, -7.783244299999957 ], [ 110.438724900000039, -7.783243500000057 ], [ 110.438726299999871, -7.7831775 ], [ 110.438766799999968, -7.7831783 ] ] ], [ [ [ 110.431168200000073, -7.783167 ], [ 110.431166200000092, -7.783256900000017 ], [ 110.431041200000053, -7.783254199999883 ], [ 110.431043199999962, -7.783164299999897 ], [ 110.431168200000073, -7.783167 ] ] ], [ [ [ 110.43129190000009, -7.783160399999935 ], [ 110.4312897, -7.783259499999947 ], [ 110.431174300000052, -7.783257 ], [ 110.431176500000021, -7.783157900000043 ], [ 110.43129190000009, -7.783160399999935 ] ] ], [ [ [ 110.43265130000006, -7.783158100000013 ], [ 110.432648099999952, -7.7832997 ], [ 110.432586000000157, -7.783298299999979 ], [ 110.432589199999967, -7.783156799999969 ], [ 110.43265130000006, -7.783158100000013 ] ] ], [ [ [ 110.431524900000113, -7.7831539 ], [ 110.431521299999901, -7.783318799999979 ], [ 110.431428200000113, -7.783316699999985 ], [ 110.431431900000064, -7.783151899999948 ], [ 110.431524900000113, -7.7831539 ] ] ], [ [ [ 110.432762100000147, -7.783154799999974 ], [ 110.432760900000076, -7.7832007 ], [ 110.432673999999878, -7.783198499999959 ], [ 110.4326752, -7.783152599999977 ], [ 110.432762100000147, -7.783154799999974 ] ] ], [ [ [ 110.43336890000009, -7.783161499999938 ], [ 110.4333568, -7.783285399999983 ], [ 110.433270300000103, -7.7832771 ], [ 110.433282400000039, -7.783153199999961 ], [ 110.43336890000009, -7.783161499999938 ] ] ], [ [ [ 110.438808600000058, -7.783154499999944 ], [ 110.438805800000168, -7.783241299999961 ], [ 110.438770400000095, -7.783240199999932 ], [ 110.438773199999844, -7.783153299999959 ], [ 110.438808600000058, -7.783154499999944 ] ] ], [ [ [ 110.432998800000192, -7.783134799999941 ], [ 110.432996600000095, -7.78319 ], [ 110.432914399999888, -7.783186599999977 ], [ 110.4329167, -7.783131399999935 ], [ 110.432998800000192, -7.783134799999941 ] ] ], [ [ [ 110.432894200000064, -7.783130799999972 ], [ 110.432891600000232, -7.783245699999986 ], [ 110.432839100000123, -7.783244599999866 ], [ 110.432840000000198, -7.7832031 ], [ 110.432780700000109, -7.783201699999982 ], [ 110.432782400000065, -7.783128299999943 ], [ 110.432894200000064, -7.783130799999972 ] ] ], [ [ [ 110.431169099999892, -7.783121199999978 ], [ 110.431168100000079, -7.7831665 ], [ 110.431043199999948, -7.783163699999942 ], [ 110.431044200000116, -7.783118400000014 ], [ 110.431169099999892, -7.783121199999978 ] ] ], [ [ [ 110.433551100000059, -7.7831257 ], [ 110.433541500000061, -7.783228599999974 ], [ 110.43346850000016, -7.783222 ], [ 110.433478, -7.783119099999986 ], [ 110.433551100000059, -7.7831257 ] ] ], [ [ [ 110.433468900000193, -7.783120199999975 ], [ 110.433460800000063, -7.783203099999978 ], [ 110.433373700000132, -7.783194699999917 ], [ 110.43338180000012, -7.783111799999981 ], [ 110.433468900000193, -7.783120199999975 ] ] ], [ [ [ 110.4388522, -7.783110099999948 ], [ 110.438850799999983, -7.7832397 ], [ 110.438811600000122, -7.783239299999956 ], [ 110.438813, -7.7831097 ], [ 110.4388522, -7.783110099999948 ] ] ], [ [ [ 110.430920700000087, -7.783099 ], [ 110.430919900000134, -7.783139 ], [ 110.431016900000174, -7.783141 ], [ 110.431014800000185, -7.783238599999983 ], [ 110.430818400000092, -7.783234599999931 ], [ 110.430820500000095, -7.783138 ], [ 110.430846800000126, -7.7831386 ], [ 110.430847600000192, -7.783097499999954 ], [ 110.430920700000087, -7.783099 ] ] ], [ [ [ 110.439044600000202, -7.783106299999954 ], [ 110.439040800000072, -7.7832429 ], [ 110.438992800000022, -7.783241599999985 ], [ 110.438944100000057, -7.783240299999977 ], [ 110.438895400000121, -7.783239 ], [ 110.438855699999948, -7.783237899999949 ], [ 110.4388595, -7.783101300000019 ], [ 110.438899200000094, -7.783102399999907 ], [ 110.438947899999945, -7.783103699999947 ], [ 110.438996500000144, -7.783105 ], [ 110.439044600000202, -7.783106299999954 ] ] ], [ [ [ 110.432034000000144, -7.783072599999843 ], [ 110.432033, -7.783098099999932 ], [ 110.432054400000041, -7.783098899999977 ], [ 110.432049399999883, -7.78322419999997 ], [ 110.4319508, -7.7832203 ], [ 110.431955900000062, -7.783095 ], [ 110.431978500000213, -7.783095899999934 ], [ 110.431979600000048, -7.783070399999946 ], [ 110.432034000000144, -7.783072599999843 ] ] ], [ [ [ 110.431171299999974, -7.7830677 ], [ 110.431170200000068, -7.783117599999953 ], [ 110.431044900000174, -7.783114799999943 ], [ 110.431046100000117, -7.783064999999864 ], [ 110.431171299999974, -7.7830677 ] ] ], [ [ [ 110.431948700000177, -7.783069099999925 ], [ 110.431945700000099, -7.783142 ], [ 110.431809, -7.7831365 ], [ 110.431812, -7.7830637 ], [ 110.431948700000177, -7.783069099999925 ] ] ], [ [ [ 110.432777400000191, -7.783069499999971 ], [ 110.432774200000097, -7.7831054 ], [ 110.432676900000217, -7.783097099999915 ], [ 110.432680000000119, -7.7830612 ], [ 110.432777400000191, -7.783069499999971 ] ] ], [ [ [ 110.433759500000093, -7.78306 ], [ 110.433754099999888, -7.783318399999933 ], [ 110.433654300000086, -7.78331639999996 ], [ 110.433659700000206, -7.783057899999978 ], [ 110.433759500000093, -7.78306 ] ] ], [ [ [ 110.431430899999967, -7.783056699999966 ], [ 110.431426699999889, -7.7832461 ], [ 110.431294700000066, -7.783243299999919 ], [ 110.431298899999973, -7.783053799999989 ], [ 110.431430899999967, -7.783056699999966 ] ] ], [ [ [ 110.433899099999977, -7.783059499999931 ], [ 110.433891000000102, -7.783229199999941 ], [ 110.43376120000012, -7.783223099999881 ], [ 110.433769400000088, -7.78305339999994 ], [ 110.433899099999977, -7.783059499999931 ] ] ], [ [ [ 110.439045100000072, -7.783058799999968 ], [ 110.439044200000211, -7.783097099999923 ], [ 110.438856200000089, -7.783092899999924 ], [ 110.438857000000141, -7.783054599999963 ], [ 110.439045100000072, -7.783058799999968 ] ] ], [ [ [ 110.433654600000125, -7.783048599999913 ], [ 110.433638500000185, -7.783348199999925 ], [ 110.433551700000095, -7.7833436 ], [ 110.433567800000219, -7.783044 ], [ 110.433654600000125, -7.783048599999913 ] ] ], [ [ [ 110.431787700000029, -7.783044699999928 ], [ 110.431783800000247, -7.783141099999914 ], [ 110.43168330000006, -7.783137099999834 ], [ 110.4316846, -7.783106099999971 ], [ 110.431659900000099, -7.783105099999972 ], [ 110.431661700000049, -7.783060499999926 ], [ 110.431686400000146, -7.783061499999926 ], [ 110.431687200000212, -7.783040699999966 ], [ 110.431787700000029, -7.783044699999928 ] ] ], [ [ [ 110.43066949101582, -7.783035982142142 ], [ 110.430666191015874, -7.783097282142148 ], [ 110.430664952529014, -7.783097217473438 ], [ 110.430661800000095, -7.783172599999975 ], [ 110.430498200000045, -7.783166 ], [ 110.430501600000184, -7.783084599999968 ], [ 110.430501703890485, -7.783084604254658 ], [ 110.430504691015429, -7.783027382142143 ], [ 110.43066949101582, -7.783035982142142 ] ] ], [ [ [ 110.431295200000136, -7.7830259 ], [ 110.431292199999945, -7.783158699999967 ], [ 110.431176200000124, -7.783156199999945 ], [ 110.431179100000094, -7.783023499999945 ], [ 110.431295200000136, -7.7830259 ] ] ], [ [ [ 110.43314980000001, -7.783063199999982 ], [ 110.433146000000121, -7.7831558 ], [ 110.433074200000036, -7.783152899999913 ], [ 110.433072600000102, -7.783190499999918 ], [ 110.43300440000003, -7.783187699999948 ], [ 110.433011700000037, -7.783011499999959 ], [ 110.43307990000018, -7.7830143 ], [ 110.433078000000179, -7.7830603 ], [ 110.43314980000001, -7.783063199999982 ] ] ], [ [ [ 110.431620000000152, -7.783009299999954 ], [ 110.431617, -7.783145399999941 ], [ 110.4314818, -7.783142499999959 ], [ 110.431483200000045, -7.783079399999947 ], [ 110.431551600000176, -7.783080900000083 ], [ 110.431553199999968, -7.78300780000001 ], [ 110.431620000000152, -7.783009299999954 ] ] ], [ [ [ 110.433560499999956, -7.783009 ], [ 110.433549800000122, -7.783118599999944 ], [ 110.433471300000051, -7.783111099999939 ], [ 110.433482000000211, -7.783001499999937 ], [ 110.433560499999956, -7.783009 ] ] ], [ [ [ 110.439052632005328, -7.783022431616088 ], [ 110.439052200000134, -7.783054399999963 ], [ 110.438892700000068, -7.78305209999994 ], [ 110.43889340000014, -7.7830077 ], [ 110.439045855931937, -7.783009899803238 ], [ 110.439052800000184, -7.78301 ], [ 110.439052632005328, -7.783022431616088 ] ] ], [ [ [ 110.432559500000011, -7.783025299999855 ], [ 110.43255150000013, -7.783172299999924 ], [ 110.432347, -7.78315339999997 ], [ 110.432192900000047, -7.78313919999996 ], [ 110.432200000000179, -7.782996799999949 ], [ 110.432559500000011, -7.783025299999855 ] ] ], [ [ [ 110.43117350000017, -7.782973699999852 ], [ 110.431172199999963, -7.783064399999896 ], [ 110.431123100000121, -7.7830637 ], [ 110.431124499999925, -7.782973 ], [ 110.43117350000017, -7.782973699999852 ] ] ], [ [ [ 110.432986399999976, -7.782977299999961 ], [ 110.432980700000115, -7.783113799999947 ], [ 110.432913500000083, -7.783111099999948 ], [ 110.432919100000191, -7.782974600000017 ], [ 110.432986399999976, -7.782977299999961 ] ] ], [ [ [ 110.431586300000205, -7.782970799999855 ], [ 110.4315840000002, -7.782996599999874 ], [ 110.431522700000102, -7.7829916 ], [ 110.431522300000069, -7.782969899999975 ], [ 110.431586300000205, -7.782970799999855 ] ] ], [ [ [ 110.43180450000014, -7.782974600000011 ], [ 110.431801800000102, -7.783041199999911 ], [ 110.431694099999973, -7.783036899999924 ], [ 110.431695000000147, -7.783016 ], [ 110.431677900000167, -7.783015300000012 ], [ 110.431679700000132, -7.782969699999922 ], [ 110.43180450000014, -7.782974600000011 ] ] ], [ [ [ 110.439042305127373, -7.783003332870586 ], [ 110.438942900000072, -7.783003799999926 ], [ 110.438942700000169, -7.782966499999962 ], [ 110.439022227727321, -7.782966201304233 ], [ 110.439049199999943, -7.782966099999896 ], [ 110.439049300000093, -7.7830033 ], [ 110.439042305127373, -7.783003332870586 ] ] ], [ [ [ 110.430087499999914, -7.782944099999949 ], [ 110.430077800000106, -7.783074199999981 ], [ 110.430072195347279, -7.783073787134878 ], [ 110.430060424244786, -7.783190050900939 ], [ 110.429980524248194, -7.78318215090108 ], [ 110.429986624247718, -7.783121350901115 ], [ 110.429971924248278, -7.783119950901106 ], [ 110.429976924247981, -7.783069850901224 ], [ 110.430010324246581, -7.783073150901052 ], [ 110.430010725476464, -7.783069258970278 ], [ 110.429969200000173, -7.783066199999954 ], [ 110.42996990000006, -7.783056799999895 ], [ 110.429936499999954, -7.783054399999929 ], [ 110.429945599999897, -7.7829336 ], [ 110.430087499999914, -7.782944099999949 ] ] ], [ [ [ 110.430956500000093, -7.782935399999866 ], [ 110.43095500000021, -7.7830282 ], [ 110.430934700000179, -7.783027899999984 ], [ 110.430934199999982, -7.783058499999937 ], [ 110.430901800000058, -7.783058 ], [ 110.430901200000278, -7.783094 ], [ 110.430839000000191, -7.783093 ], [ 110.430841300000225, -7.782954299999901 ], [ 110.430877400000199, -7.782954899999975 ], [ 110.430877800000033, -7.782934099999954 ], [ 110.430956500000093, -7.782935399999866 ] ] ], [ [ [ 110.430833100000058, -7.782935499999945 ], [ 110.430830300000181, -7.7830721 ], [ 110.430816899999911, -7.783071799999937 ], [ 110.430814100000092, -7.783202399999921 ], [ 110.430675500000163, -7.7831986 ], [ 110.430680700000067, -7.782932299999982 ], [ 110.430833100000058, -7.782935499999945 ] ] ], [ [ [ 110.431442600000054, -7.782925 ], [ 110.431439700000169, -7.7830548 ], [ 110.431296400000207, -7.7830517 ], [ 110.43129930000002, -7.7829219 ], [ 110.431442600000054, -7.782925 ] ] ], [ [ [ 110.433973600000215, -7.782938199999925 ], [ 110.433955300000108, -7.783033699999927 ], [ 110.433839200000108, -7.783011899999988 ], [ 110.433857400000193, -7.7829164 ], [ 110.433973600000215, -7.782938199999925 ] ] ], [ [ [ 110.4334054, -7.782920900000014 ], [ 110.433381800000092, -7.783023499999983 ], [ 110.433341599999977, -7.783014399999933 ], [ 110.433338199999938, -7.783029300000091 ], [ 110.433291500000081, -7.78301879999994 ], [ 110.433300300000013, -7.7829807 ], [ 110.433338900000109, -7.7829894 ], [ 110.433357200000287, -7.782909999999872 ], [ 110.4334054, -7.782920900000014 ] ] ], [ [ [ 110.439037200000129, -7.7829185 ], [ 110.439036200000047, -7.78295449999992 ], [ 110.439015608819176, -7.782953960156308 ], [ 110.438982800000062, -7.7829531 ], [ 110.438983700000151, -7.782917099999951 ], [ 110.438995850089782, -7.782917417946254 ], [ 110.439037200000129, -7.7829185 ] ] ], [ [ [ 110.430231787073893, -7.782903772853092 ], [ 110.43022028707334, -7.783021372853121 ], [ 110.430206587073187, -7.783019972853041 ], [ 110.43019998707301, -7.783087572853037 ], [ 110.430197702035599, -7.783087352002851 ], [ 110.430190822383565, -7.783157399370149 ], [ 110.430203348392951, -7.783158604160014 ], [ 110.430188148394876, -7.783314504160359 ], [ 110.43005704839662, -7.783301804161648 ], [ 110.430072348394887, -7.783146004161368 ], [ 110.430087624923289, -7.78314747350886 ], [ 110.4300949, -7.783073399999926 ], [ 110.430095877323751, -7.783073493754894 ], [ 110.430111287071185, -7.782916372852958 ], [ 110.430172187072657, -7.78292227285314 ], [ 110.430174587072685, -7.782898272852975 ], [ 110.430231787073893, -7.782903772853092 ] ] ], [ [ [ 110.430674900000128, -7.782899899999953 ], [ 110.430669800000047, -7.783022899999985 ], [ 110.43060624588432, -7.783020309730683 ], [ 110.4306061985627, -7.783021411272726 ], [ 110.43051329856219, -7.783017511275165 ], [ 110.430518698559098, -7.782891711274791 ], [ 110.430611598559594, -7.782895711272471 ], [ 110.430611529730555, -7.782897313458833 ], [ 110.430674900000128, -7.782899899999953 ] ] ], [ [ [ 110.432909273145555, -7.782862859149288 ], [ 110.432895637312569, -7.783010263193223 ], [ 110.432120180021997, -7.782942215686914 ], [ 110.432139539061353, -7.782821623394056 ], [ 110.432909273145555, -7.782862859149288 ] ] ], [ [ [ 110.430108800000184, -7.782821399999948 ], [ 110.430103600000109, -7.782878099999898 ], [ 110.430102787331322, -7.782878027328735 ], [ 110.430097649655892, -7.782933820682664 ], [ 110.429997986596334, -7.782924882723051 ], [ 110.429997803496533, -7.782926757562365 ], [ 110.429944903497045, -7.782921657562566 ], [ 110.429952203496981, -7.782848957562491 ], [ 110.430000986801886, -7.782853678527719 ], [ 110.430004800000134, -7.782812099999888 ], [ 110.430108800000184, -7.782821399999948 ] ] ], [ [ [ 110.430475700000059, -7.7812408 ], [ 110.430460100000104, -7.781328499999972 ], [ 110.430398100000133, -7.781317699999874 ], [ 110.430413600000165, -7.78123 ], [ 110.430475700000059, -7.7812408 ] ] ], [ [ [ 110.4303961, -7.781235299999989 ], [ 110.430385500000156, -7.781301199999944 ], [ 110.430297900000198, -7.78128739999993 ], [ 110.43030850000018, -7.7812214 ], [ 110.4303961, -7.781235299999989 ] ] ], [ [ [ 110.430306500000185, -7.781214399999941 ], [ 110.430291000000167, -7.78130059999998 ], [ 110.430142300000085, -7.781274299999812 ], [ 110.43015779999989, -7.781188099999897 ], [ 110.430306500000185, -7.781214399999941 ] ] ], [ [ [ 110.430496800000029, -7.781120899999932 ], [ 110.430478300000019, -7.781224299999979 ], [ 110.430402700000172, -7.781211099999919 ], [ 110.430421100000089, -7.7811077 ], [ 110.430496800000029, -7.781120899999932 ] ] ], [ [ [ 110.430417799999887, -7.78111 ], [ 110.430400199999852, -7.781215399999939 ], [ 110.430358700000085, -7.781208599999987 ], [ 110.430376300000106, -7.781103199999988 ], [ 110.430417799999887, -7.78111 ] ] ], [ [ [ 110.430373599999967, -7.781105 ], [ 110.430358600000119, -7.78119819999992 ], [ 110.430302700000055, -7.7811894 ], [ 110.430240100000219, -7.781179599999971 ], [ 110.430255100000053, -7.781086400000015 ], [ 110.430317699999961, -7.781096199999925 ], [ 110.430373599999967, -7.781105 ] ] ], [ [ [ 110.430242299999932, -7.781094599999969 ], [ 110.430229799999964, -7.7811787 ], [ 110.430160300000182, -7.781168599999964 ], [ 110.430172800000193, -7.781084399999943 ], [ 110.430242299999932, -7.781094599999969 ] ] ], [ [ [ 110.430170300000199, -7.781065099999938 ], [ 110.430161200000114, -7.781130099999981 ], [ 110.430110800000165, -7.781123199999866 ], [ 110.430120000000116, -7.781058199999988 ], [ 110.430170300000199, -7.781065099999938 ] ] ], [ [ [ 110.430388700000066, -7.781036699999985 ], [ 110.430379099999882, -7.781097799999896 ], [ 110.430220900000066, -7.781073399999908 ], [ 110.430230500000121, -7.781012300000012 ], [ 110.430388700000066, -7.781036699999985 ] ] ], [ [ [ 110.430589200000128, -7.781041199999987 ], [ 110.430576800000196, -7.781115499999943 ], [ 110.430384300000071, -7.781084 ], [ 110.430396699999932, -7.781009599999977 ], [ 110.430589200000128, -7.781041199999987 ] ] ], [ [ [ 110.430220600000197, -7.7810058 ], [ 110.430208100000058, -7.781079399999973 ], [ 110.430172600000134, -7.781073500000012 ], [ 110.430185100000131, -7.780999899999859 ], [ 110.430220600000197, -7.7810058 ] ] ], [ [ [ 110.430590100000046, -7.780927899999964 ], [ 110.430577699999972, -7.781028999999873 ], [ 110.430522200000027, -7.781022299999945 ], [ 110.430534600000058, -7.78092119999993 ], [ 110.430590100000046, -7.780927899999964 ] ] ], [ [ [ 110.430522900000156, -7.7809339 ], [ 110.430510900000044, -7.781001099999935 ], [ 110.430396900000034, -7.780981100000015 ], [ 110.430408900000131, -7.780914 ], [ 110.430522900000156, -7.7809339 ] ] ], [ [ [ 110.430506099999917, -7.78086079999996 ], [ 110.430497300000155, -7.780913699999942 ], [ 110.430326900000097, -7.780885799999943 ], [ 110.430335800000108, -7.7808329 ], [ 110.430506099999917, -7.78086079999996 ] ] ], [ [ [ 110.430321800000229, -7.780825099999986 ], [ 110.430303700000053, -7.780921 ], [ 110.430252300000149, -7.780911499999925 ], [ 110.430270399999969, -7.780815599999976 ], [ 110.430321800000229, -7.780825099999986 ] ] ], [ [ [ 110.430259499999934, -7.7808114 ], [ 110.430243100000027, -7.780908 ], [ 110.430169100000029, -7.780895699999857 ], [ 110.430185499999965, -7.780799099999965 ], [ 110.430259499999934, -7.7808114 ] ] ], [ [ [ 110.430561900000185, -7.780774199999918 ], [ 110.430552300000016, -7.780844199999961 ], [ 110.430491900000078, -7.780836099999976 ], [ 110.430501500000062, -7.780766099999965 ], [ 110.430561900000185, -7.780774199999918 ] ] ], [ [ [ 110.430453600000121, -7.780780199999983 ], [ 110.430444200000039, -7.7808393 ], [ 110.430314499999966, -7.780819 ], [ 110.430324, -7.780759899999917 ], [ 110.430453600000121, -7.780780199999983 ] ] ], [ [ [ 110.430530500000074, -7.780650500000011 ], [ 110.430511400000086, -7.780767399999986 ], [ 110.430335500000098, -7.780739199999937 ], [ 110.430230600000044, -7.78072239999997 ], [ 110.430249700000019, -7.7806054 ], [ 110.430354600000086, -7.780622299999892 ], [ 110.430530500000074, -7.780650500000011 ] ] ], [ [ [ 110.430439600000028, -7.7804917 ], [ 110.430424600000194, -7.780570799999984 ], [ 110.4302977, -7.78054719999998 ], [ 110.430312700000073, -7.780468 ], [ 110.430439600000028, -7.7804917 ] ] ], [ [ [ 110.43062020000005, -7.78046009999995 ], [ 110.430595600000132, -7.780602 ], [ 110.430514199999976, -7.780588200000011 ], [ 110.4304396, -7.780575499999939 ], [ 110.430464200000117, -7.78043359999998 ], [ 110.430538800000051, -7.780446299999977 ], [ 110.43062020000005, -7.78046009999995 ] ] ], [ [ [ 110.430309600000115, -7.78040569999998 ], [ 110.430287500000233, -7.780551899999898 ], [ 110.430169500000062, -7.780534299999948 ], [ 110.430191700000137, -7.780388099999967 ], [ 110.430309600000115, -7.78040569999998 ] ] ], [ [ [ 110.430693399999953, -7.780370699999953 ], [ 110.430676900000094, -7.780459299999899 ], [ 110.430558200000064, -7.7804377 ], [ 110.430574700000207, -7.780349099999937 ], [ 110.430693399999953, -7.780370699999953 ] ] ], [ [ [ 110.430708900000099, -7.780271 ], [ 110.430697900000084, -7.780340700000021 ], [ 110.430623600000146, -7.780329299999907 ], [ 110.430634600000161, -7.7802595 ], [ 110.430708900000099, -7.780271 ] ] ], [ [ [ 110.4306306000002, -7.780236099999901 ], [ 110.43061760000009, -7.780335499999965 ], [ 110.430544700000183, -7.780326099999986 ], [ 110.430557600000185, -7.780226799999925 ], [ 110.4306306000002, -7.780236099999901 ] ] ], [ [ [ 110.437448913784777, -7.780539096314334 ], [ 110.43740577206863, -7.780576212705295 ], [ 110.436937628039658, -7.780495188579122 ], [ 110.436907397836791, -7.780448175580194 ], [ 110.436942902928266, -7.78025080258254 ], [ 110.437000067453113, -7.780205197582756 ], [ 110.437442768414272, -7.780283463605763 ], [ 110.437486010219416, -7.780324436886527 ], [ 110.437476647968012, -7.780396895741799 ], [ 110.437464047907781, -7.780461499633612 ], [ 110.437448913784777, -7.780539096314334 ] ] ], [ [ [ 110.43073890000008, -7.780137 ], [ 110.430723200000216, -7.780234299999861 ], [ 110.430581800000056, -7.780211899999951 ], [ 110.430597500000118, -7.7801146 ], [ 110.43073890000008, -7.780137 ] ] ], [ [ [ 110.436808376348807, -7.780419671899636 ], [ 110.436759387846294, -7.780464339477984 ], [ 110.436309156982077, -7.780386414968123 ], [ 110.436266902470891, -7.78031341002781 ], [ 110.436297211426407, -7.78014435049432 ], [ 110.436369864387387, -7.780093781835992 ], [ 110.436786708485911, -7.780167477234135 ], [ 110.436837784346963, -7.780236507608072 ], [ 110.436808376348807, -7.780419671899636 ] ] ], [ [ [ 110.430642500000118, -7.780015899999974 ], [ 110.430625300000116, -7.7801074 ], [ 110.430537300000111, -7.7800911 ], [ 110.430554500000099, -7.7799997 ], [ 110.430642500000118, -7.780015899999974 ] ] ], [ [ [ 110.430549600000077, -7.780000499999957 ], [ 110.430517499999965, -7.780190399999955 ], [ 110.43044330000015, -7.780178100000086 ], [ 110.43047540000012, -7.779988199999978 ], [ 110.430549600000077, -7.780000499999957 ] ] ], [ [ [ 110.437502250952647, -7.780198742157578 ], [ 110.437446013213091, -7.780242096784033 ], [ 110.437006431792753, -7.780163482163645 ], [ 110.436969270938462, -7.780104222523144 ], [ 110.437007159412687, -7.779893599856831 ], [ 110.437064295099589, -7.779846598564003 ], [ 110.437496697509843, -7.77991837232382 ], [ 110.437536123655022, -7.779989687095413 ], [ 110.437517609254982, -7.780082287034067 ], [ 110.43751712384487, -7.78008493813786 ], [ 110.437516491891628, -7.780088844080544 ], [ 110.437516103107427, -7.780091533690846 ], [ 110.437512323605546, -7.780120785074654 ], [ 110.437502250952647, -7.780198742157578 ] ] ], [ [ [ 110.430534000000193, -7.779773899999926 ], [ 110.430508899999978, -7.779927799999978 ], [ 110.430364300000079, -7.779904699999945 ], [ 110.430389400000138, -7.779750799999966 ], [ 110.430534000000193, -7.779773899999926 ] ] ], [ [ [ 110.430376300000106, -7.77975119999993 ], [ 110.430370600000174, -7.7798088 ], [ 110.430308800000105, -7.779802799999946 ], [ 110.430300499999959, -7.779887199999918 ], [ 110.430245500000112, -7.779881799999987 ], [ 110.4302593, -7.779739799999968 ], [ 110.430376300000106, -7.77975119999993 ] ] ], [ [ [ 110.436861317426889, -7.780089934417077 ], [ 110.436814579693745, -7.780129171236817 ], [ 110.436370079705569, -7.780049676282737 ], [ 110.43632845613385, -7.77997007127933 ], [ 110.436364090628501, -7.779802184762311 ], [ 110.436450761286878, -7.779744758313467 ], [ 110.436860126663248, -7.77981270882356 ], [ 110.436896728207955, -7.779869382035303 ], [ 110.436861317426889, -7.780089934417077 ] ] ], [ [ [ 110.430588800000109, -7.77967 ], [ 110.430576600000151, -7.779753699999957 ], [ 110.430466600000116, -7.779737899999977 ], [ 110.430478900000097, -7.7796542 ], [ 110.430588800000109, -7.77967 ] ] ], [ [ [ 110.430468300000086, -7.779659899999849 ], [ 110.4304577, -7.779731599999976 ], [ 110.430401700000132, -7.779723499999966 ], [ 110.430412299999986, -7.779651799999983 ], [ 110.430468300000086, -7.779659899999849 ] ] ], [ [ [ 110.430410500000107, -7.779651799999971 ], [ 110.4303955, -7.779723 ], [ 110.430335100000093, -7.779710599999946 ], [ 110.43035010000014, -7.7796394 ], [ 110.430410500000107, -7.779651799999971 ] ] ], [ [ [ 110.437564298047207, -7.779848772523948 ], [ 110.437507961943595, -7.779889946553749 ], [ 110.437064902729475, -7.779815685063635 ], [ 110.437028411044864, -7.779775461562205 ], [ 110.43706739696097, -7.779558737778408 ], [ 110.437128237244693, -7.779515781998051 ], [ 110.437522447454867, -7.779579051110908 ], [ 110.437574888434881, -7.779647628231541 ], [ 110.43757491278491, -7.7797956827519 ], [ 110.437564298047207, -7.779848772523948 ] ] ], [ [ [ 110.430426500000166, -7.779513199999935 ], [ 110.430410600000101, -7.779622199999976 ], [ 110.430333500000117, -7.7796112 ], [ 110.4302536, -7.77959970000001 ], [ 110.430269500000151, -7.779490699999966 ], [ 110.430349399999926, -7.779502199999947 ], [ 110.430426500000166, -7.779513199999935 ] ] ], [ [ [ 110.430566500000225, -7.779438199999972 ], [ 110.430551099999917, -7.779552 ], [ 110.430475800000167, -7.779542 ], [ 110.430491300000142, -7.779428199999948 ], [ 110.430566500000225, -7.779438199999972 ] ] ], [ [ [ 110.436918405408179, -7.779734367697369 ], [ 110.436859462568222, -7.779781250918839 ], [ 110.436431138251677, -7.779709458480093 ], [ 110.436398376934832, -7.779647309402485 ], [ 110.436408369265706, -7.779603080772752 ], [ 110.436430944660955, -7.779503156218783 ], [ 110.436442161029731, -7.779453509640729 ], [ 110.436503773028733, -7.779415557286947 ], [ 110.436901462329956, -7.779479385386806 ], [ 110.436949548532624, -7.77954039557907 ], [ 110.436918405408179, -7.779734367697369 ] ] ], [ [ [ 110.430548300000126, -7.779332499999812 ], [ 110.430538700000056, -7.779418899999889 ], [ 110.430434, -7.7794075 ], [ 110.430443700000183, -7.779321099999961 ], [ 110.430548300000126, -7.779332499999812 ] ] ], [ [ [ 110.437545699692592, -7.779490427909094 ], [ 110.437475915823967, -7.779540660616775 ], [ 110.437126584840286, -7.779486905604148 ], [ 110.437088041654562, -7.779443973245151 ], [ 110.437131697984768, -7.779201286012154 ], [ 110.437202199980632, -7.779164227346963 ], [ 110.437291375759131, -7.779180157965117 ], [ 110.437475119028349, -7.779249011551583 ], [ 110.437487253956448, -7.779267215097823 ], [ 110.437503203013534, -7.779293826911204 ], [ 110.437505243742294, -7.779303267871374 ], [ 110.437545699692592, -7.779490427909094 ] ] ], [ [ [ 110.436970812147038, -7.779407956961933 ], [ 110.436914733167612, -7.779454305747277 ], [ 110.436514169170621, -7.779392666430003 ], [ 110.43646170735208, -7.77933450709867 ], [ 110.436488116484654, -7.779116730906307 ], [ 110.436561601656109, -7.779077507132913 ], [ 110.436596702025213, -7.779082796224774 ], [ 110.436601756410838, -7.77908345830147 ], [ 110.436604613984656, -7.779083750986456 ], [ 110.436610181256654, -7.779084298418335 ], [ 110.436962410840565, -7.779125485353094 ], [ 110.437006695385733, -7.77918446102029 ], [ 110.436970812147038, -7.779407956961933 ] ] ], [ [ [ 110.430718100000135, -7.778872 ], [ 110.430695900000075, -7.77900259999991 ], [ 110.430417600000013, -7.778956099999964 ], [ 110.430439800000201, -7.7788255 ], [ 110.430718100000135, -7.778872 ] ] ], [ [ [ 110.430737050833528, -7.778759038887539 ], [ 110.43072515083756, -7.778839738888457 ], [ 110.430685350837862, -7.778834038890476 ], [ 110.430685850709963, -7.778830673084101 ], [ 110.430637372866016, -7.778822988732609 ], [ 110.430643772862979, -7.778783288731788 ], [ 110.430691758339222, -7.778790895036927 ], [ 110.430697350833526, -7.778753238889546 ], [ 110.430737050833528, -7.778759038887539 ] ] ], [ [ [ 110.430632353146521, -7.778757515510546 ], [ 110.430615353146891, -7.778809515510892 ], [ 110.430561453146268, -7.778792215511583 ], [ 110.430578453145714, -7.778740215511285 ], [ 110.430632353146521, -7.778757515510546 ] ] ], [ [ [ 110.43055340465628, -7.778742536794894 ], [ 110.43053580465768, -7.778807236794878 ], [ 110.430442304661582, -7.77878223679594 ], [ 110.430457615795447, -7.778725950976645 ], [ 110.430417399999868, -7.778714899999887 ], [ 110.43044210000005, -7.778626599999969 ], [ 110.430574300000146, -7.778662899999873 ], [ 110.430552035940124, -7.778742170828177 ], [ 110.43055340465628, -7.778742536794894 ] ] ], [ [ [ 110.430749700000035, -7.7786301 ], [ 110.430730600000103, -7.778734199999977 ], [ 110.430640500000166, -7.778718 ], [ 110.430659600000112, -7.7786139 ], [ 110.430749700000035, -7.7786301 ] ] ], [ [ [ 110.43054719999995, -7.778565799999912 ], [ 110.430530799999985, -7.778638899999923 ], [ 110.430474900000036, -7.778626599999941 ], [ 110.430491299999929, -7.77855349999996 ], [ 110.43054719999995, -7.778565799999912 ] ] ], [ [ [ 110.430471, -7.7785377 ], [ 110.430449600000131, -7.778618499999977 ], [ 110.430365200000068, -7.778596499999948 ], [ 110.430386600000119, -7.778515699999946 ], [ 110.430471, -7.7785377 ] ] ], [ [ [ 110.435192626323555, -7.778393868485895 ], [ 110.435201028691253, -7.778397021328686 ], [ 110.435192363405875, -7.778394944411212 ], [ 110.435192626323555, -7.778393868485895 ] ] ], [ [ [ 110.430735770608777, -7.77836868741508 ], [ 110.430718770606831, -7.778478587414646 ], [ 110.430657993260468, -7.778469358471293 ], [ 110.430646641213798, -7.778534074826657 ], [ 110.430515941219227, -7.778511574821708 ], [ 110.430526764960305, -7.778449431631645 ], [ 110.43049157061148, -7.778444087410311 ], [ 110.430508570613242, -7.778334287410807 ], [ 110.430735770608777, -7.77836868741508 ] ] ], [ [ [ 110.430797400000046, -7.778281199999983 ], [ 110.430781900000099, -7.778364399999957 ], [ 110.430616100000051, -7.778333999999883 ], [ 110.430631700000106, -7.778250699999941 ], [ 110.430797400000046, -7.778281199999983 ] ] ], [ [ [ 110.430652100000188, -7.778143 ], [ 110.430632799999913, -7.778240499999986 ], [ 110.43055299999989, -7.778225 ], [ 110.430572300000165, -7.778127499999966 ], [ 110.430652100000188, -7.778143 ] ] ], [ [ [ 110.430771600000071, -7.7781332 ], [ 110.430747, -7.778262899999971 ], [ 110.430647300000047, -7.778244399999948 ], [ 110.43067189999995, -7.778114699999877 ], [ 110.430771600000071, -7.7781332 ] ] ], [ [ [ 110.43053, -7.778093 ], [ 110.43051170000011, -7.778226299999985 ], [ 110.43042160000013, -7.778214099999909 ], [ 110.43044, -7.778080899999936 ], [ 110.43053, -7.778093 ] ] ], [ [ [ 110.430689, -7.777970399999926 ], [ 110.430680800000076, -7.778022 ], [ 110.430641900000055, -7.778015899999983 ], [ 110.430650100000022, -7.777964299999981 ], [ 110.430689, -7.777970399999926 ] ] ], [ [ [ 110.430648600000083, -7.777952599999963 ], [ 110.430625900000166, -7.778095 ], [ 110.430535699999965, -7.778080899999908 ], [ 110.430558400000081, -7.77793849999996 ], [ 110.430648600000083, -7.777952599999963 ] ] ], [ [ [ 110.430552800000143, -7.777933899999941 ], [ 110.430538800000065, -7.778031899999979 ], [ 110.430455200000054, -7.778020199999983 ], [ 110.430469200000147, -7.777922199999955 ], [ 110.430552800000143, -7.777933899999941 ] ] ], [ [ [ 110.430673200000186, -7.77782319999994 ], [ 110.430660700000203, -7.777939399999949 ], [ 110.430589299999966, -7.777931799999949 ], [ 110.430601800000105, -7.777815600000011 ], [ 110.430673200000186, -7.77782319999994 ] ] ], [ [ [ 110.430594600000049, -7.777785399999984 ], [ 110.4305896, -7.7778294 ], [ 110.430594899999974, -7.77783 ], [ 110.430583899999988, -7.77792679999997 ], [ 110.430475400000134, -7.777914699999955 ], [ 110.4304864, -7.7778185 ], [ 110.430509100000066, -7.777821 ], [ 110.430514199999962, -7.777776399999977 ], [ 110.430594600000049, -7.777785399999984 ] ] ] ] } },
{ "type": "Feature", "properties": { "Keterangan": "Sarana Transportasi", "Lantai": 1.0 }, "geometry": { "type": "MultiPolygon", "coordinates": [ [ [ [ 110.432821396932141, -7.786177074043656 ], [ 110.432798419294571, -7.786177805777623 ], [ 110.432794919293471, -7.786070105777566 ], [ 110.432815715480118, -7.786069443513028 ], [ 110.433178019293749, -7.786057905773646 ], [ 110.433181519294848, -7.786165605773681 ], [ 110.432821396932141, -7.786177074043656 ] ] ], [ [ [ 110.433485351311973, -7.7861137911831 ], [ 110.433229951343776, -7.786115891178481 ], [ 110.433228651346866, -7.785956591178352 ], [ 110.433484051315133, -7.785954491182959 ], [ 110.433485351311973, -7.7861137911831 ] ] ], [ [ [ 110.436318112393579, -7.785954697670253 ], [ 110.436322612393866, -7.786035197670158 ], [ 110.435751461804216, -7.786066351335743 ], [ 110.435750612265991, -7.786066396072692 ], [ 110.435552478035277, -7.786076456526458 ], [ 110.434885978031019, -7.786116256507941 ], [ 110.434880978033235, -7.786033556508022 ], [ 110.435537286199235, -7.785994365139086 ], [ 110.43554747803752, -7.7859937565265 ], [ 110.43554749727592, -7.785994074728471 ], [ 110.435746248040829, -7.785988422060512 ], [ 110.435746112347331, -7.785985997669248 ], [ 110.436318112393579, -7.785954697670253 ] ] ], [ [ [ 110.433644456472209, -7.785986957869475 ], [ 110.433496956484277, -7.785992257868324 ], [ 110.433494456485022, -7.78592385786825 ], [ 110.433641956472911, -7.785918557869309 ], [ 110.433644456472209, -7.785986957869475 ] ] ], [ [ [ 110.433671625327293, -7.785758844952201 ], [ 110.433631725329818, -7.785766944952697 ], [ 110.433629662983478, -7.785757014306979 ], [ 110.433622525329625, -7.785722644952685 ], [ 110.433662325327319, -7.785714444952164 ], [ 110.433669084021432, -7.785746712265798 ], [ 110.433671625327293, -7.785758844952201 ] ] ], [ [ [ 110.435465, -7.7858082 ], [ 110.435401100000021, -7.785811799999932 ], [ 110.435393800000085, -7.785682199999951 ], [ 110.435457599999978, -7.7856786 ], [ 110.435465, -7.7858082 ] ] ], [ [ [ 110.439771341559563, -7.785859428343948 ], [ 110.439529612831706, -7.785885435911172 ], [ 110.439513933805443, -7.785691884129633 ], [ 110.439597776232532, -7.785685248690857 ], [ 110.439798233787485, -7.785669384123509 ], [ 110.439813270129434, -7.785854917253693 ], [ 110.439771341559563, -7.785859428343948 ] ] ], [ [ [ 110.434450105317907, -7.785701556797981 ], [ 110.434450705316522, -7.785719156798026 ], [ 110.434787405315078, -7.785713456823748 ], [ 110.434843705314407, -7.785717456827996 ], [ 110.434853105283821, -7.786114756826498 ], [ 110.433994805287057, -7.786135956760736 ], [ 110.433992105289235, -7.786108056760749 ], [ 110.433773505290361, -7.786109456744078 ], [ 110.433772105318994, -7.785736056746039 ], [ 110.434125505317311, -7.78573205677307 ], [ 110.434124205319094, -7.785709656773162 ], [ 110.434123505323072, -7.785658356773274 ], [ 110.43444870532177, -7.785651056798158 ], [ 110.434450105317907, -7.785701556797981 ] ] ], [ [ [ 110.4389378, -7.785722899999937 ], [ 110.438617100000045, -7.78574969999994 ], [ 110.438613100000069, -7.785702799999976 ], [ 110.438823699999972, -7.785685100000018 ], [ 110.4388176, -7.785613799999982 ], [ 110.4389277, -7.785604599999924 ], [ 110.4389378, -7.785722899999937 ] ] ], [ [ [ 110.439695414283563, -7.785667114450235 ], [ 110.439600614285837, -7.78567061444824 ], [ 110.43959791428739, -7.78559891444832 ], [ 110.439692714285201, -7.785595414450269 ], [ 110.439695414283563, -7.785667114450235 ] ] ], [ [ [ 110.435134067375955, -7.78587577670449 ], [ 110.434967562714647, -7.785903814220479 ], [ 110.434932851746282, -7.785613211798332 ], [ 110.435115260247883, -7.785584736186398 ], [ 110.435134067375955, -7.78587577670449 ] ] ], [ [ [ 110.439552118313898, -7.785636329986299 ], [ 110.439529418687542, -7.785637943870356 ], [ 110.439527362852289, -7.785609806545341 ], [ 110.439522718686973, -7.785546243870315 ], [ 110.439587318684858, -7.785541643869839 ], [ 110.439594118685335, -7.785633343869766 ], [ 110.439552118313898, -7.785636329986299 ] ] ], [ [ [ 110.435753400000038, -7.7855754 ], [ 110.435603200000031, -7.785588699999922 ], [ 110.435597600000023, -7.785526099999989 ], [ 110.43574780000003, -7.785512799999961 ], [ 110.435753400000038, -7.7855754 ] ] ], [ [ [ 110.43605580000002, -7.785683099999949 ], [ 110.435955300000046, -7.785688399999931 ], [ 110.435944899999967, -7.785496899999973 ], [ 110.436045500000077, -7.7854915 ], [ 110.43605580000002, -7.785683099999949 ] ] ], [ [ [ 110.439471, -7.785849300000017 ], [ 110.4392588, -7.7858632 ], [ 110.4392415, -7.785603699999921 ], [ 110.439340099999981, -7.785597299999936 ], [ 110.4393318, -7.785472299999959 ], [ 110.439395135857808, -7.785468136050897 ], [ 110.43947630000001, -7.7854628 ], [ 110.439482895147933, -7.785562163022076 ], [ 110.439499, -7.785804799999973 ], [ 110.439468200000078, -7.785806799999934 ], [ 110.439471, -7.785849300000017 ] ] ], [ [ [ 110.438909193731448, -7.785502899209652 ], [ 110.438638293718498, -7.785517599206765 ], [ 110.438632293719351, -7.785407999206829 ], [ 110.438903193732415, -7.785393399209723 ], [ 110.438909193731448, -7.785502899209652 ] ] ], [ [ [ 110.437356201886701, -7.785348768212112 ], [ 110.437363276445339, -7.785580034664341 ], [ 110.437965200000065, -7.7855584 ], [ 110.437968399999988, -7.7856463 ], [ 110.438147400000048, -7.785639899999987 ], [ 110.438158, -7.785929599999974 ], [ 110.437349700000027, -7.7859586 ], [ 110.437351600000014, -7.786009399999923 ], [ 110.436462400000067, -7.786041300000011 ], [ 110.4363303, -7.786046099999926 ], [ 110.43632340000002, -7.785857900000026 ], [ 110.436104133418468, -7.785865812191151 ], [ 110.436104616224483, -7.785876548483631 ], [ 110.436057316225984, -7.785878648484729 ], [ 110.436056416225568, -7.785859048484613 ], [ 110.436041216226002, -7.785859748485003 ], [ 110.436036216223712, -7.785748148484907 ], [ 110.436097307194089, -7.785745411608046 ], [ 110.436094700000027, -7.785673899999963 ], [ 110.436512600000043, -7.785658899999989 ], [ 110.436511343420165, -7.785624811243353 ], [ 110.436445795561767, -7.785627123653774 ], [ 110.436438254955718, -7.785423056310493 ], [ 110.436511951147168, -7.785417673278367 ], [ 110.436676310956202, -7.785405667852814 ], [ 110.436822014803269, -7.785395079605185 ], [ 110.436875352806098, -7.785391203551224 ], [ 110.437044230801561, -7.78537893124639 ], [ 110.43722623943836, -7.785365704742382 ], [ 110.437231236754954, -7.785365195148419 ], [ 110.437237237459058, -7.785364406341101 ], [ 110.437356201886701, -7.785348768212112 ] ] ], [ [ [ 110.4384783, -7.785271 ], [ 110.43848139561976, -7.785330706326364 ], [ 110.438556504602246, -7.785324296873279 ], [ 110.438562148984389, -7.785410460291074 ], [ 110.43851030220128, -7.785421879106934 ], [ 110.438520555985249, -7.785609608679873 ], [ 110.438652, -7.785602099999979 ], [ 110.438657199999952, -7.785692399999959 ], [ 110.438605528263082, -7.785695352676973 ], [ 110.438611535882188, -7.785804928441959 ], [ 110.438536647712723, -7.785820145906464 ], [ 110.438534572564649, -7.785936932325737 ], [ 110.438179912309167, -7.785958674784108 ], [ 110.43817710653633, -7.785911810992307 ], [ 110.438174200000034, -7.785912 ], [ 110.438169800000111, -7.785846299999911 ], [ 110.4381731711578, -7.785846079804308 ], [ 110.438149814601843, -7.785455963625127 ], [ 110.438149100000089, -7.785456 ], [ 110.438140299999972, -7.78528819999995 ], [ 110.4384783, -7.785271 ] ] ], [ [ [ 110.439300400000064, -7.785166 ], [ 110.439298299999962, -7.785258199999966 ], [ 110.439238, -7.785256899999925 ], [ 110.43923992566171, -7.785168127000403 ], [ 110.439216277093138, -7.785168731160741 ], [ 110.43921687709306, -7.785189731160697 ], [ 110.439168634562037, -7.7851910350134 ], [ 110.439168634562819, -7.785259682821904 ], [ 110.439168634563146, -7.785280718271711 ], [ 110.439123634564339, -7.785280718272358 ], [ 110.439123634563558, -7.785213320084002 ], [ 110.439123634563202, -7.785184418272127 ], [ 110.439157491093667, -7.785184418272127 ], [ 110.439157077090698, -7.785169031160544 ], [ 110.439127077089452, -7.785169831160509 ], [ 110.439125677089521, -7.78511773116053 ], [ 110.43924227709428, -7.785114631160923 ], [ 110.439243591787175, -7.785164777306796 ], [ 110.439300400000064, -7.785166 ] ] ], [ [ [ 110.435780550534645, -7.784989780368821 ], [ 110.435781729864715, -7.78504321890206 ], [ 110.435581248622526, -7.785056770501449 ], [ 110.4355775, -7.784997199999935 ], [ 110.435663300000016, -7.784991899999952 ], [ 110.435663323698151, -7.784992276593447 ], [ 110.435780550534645, -7.784989780368821 ] ] ], [ [ [ 110.437789821777272, -7.784870294955879 ], [ 110.437661976753375, -7.784882166009066 ], [ 110.437661909639957, -7.784873346585193 ], [ 110.437661399999982, -7.784880399999961 ], [ 110.437526899999952, -7.784870899999971 ], [ 110.437532975158646, -7.784785909143761 ], [ 110.437668224234841, -7.784785952589597 ], [ 110.437679976499254, -7.784785956364816 ], [ 110.437689550759941, -7.784785427261839 ], [ 110.437799638219346, -7.78477318646706 ], [ 110.43780446093588, -7.784772650221067 ], [ 110.437795075121258, -7.784869807155657 ], [ 110.437789821777272, -7.784870294955879 ] ] ], [ [ [ 110.436715, -7.78462459999994 ], [ 110.436718400000018, -7.784670600000013 ], [ 110.4367866, -7.784665799999966 ], [ 110.436789499999961, -7.784705499999943 ], [ 110.437181399999972, -7.784677399999927 ], [ 110.437197900000029, -7.7849033 ], [ 110.437205387654259, -7.784924562280183 ], [ 110.436619041210264, -7.784979006343033 ], [ 110.436602600000029, -7.784797899999969 ], [ 110.43659690000004, -7.7847199 ], [ 110.436647, -7.78471629999997 ], [ 110.436640699999984, -7.78463 ], [ 110.436715, -7.78462459999994 ] ] ], [ [ [ 110.436468200000022, -7.78463630000001 ], [ 110.436475466943946, -7.784869957816198 ], [ 110.435317937407632, -7.784839699551824 ], [ 110.435314433768724, -7.784588885485311 ], [ 110.435616789913837, -7.784492124634355 ], [ 110.435616900000014, -7.784489399999917 ], [ 110.435767400000032, -7.7844954 ], [ 110.435766799999982, -7.784509699999929 ], [ 110.436472200000011, -7.78453759999994 ], [ 110.436468200000022, -7.78463630000001 ] ] ], [ [ [ 110.436997797149886, -7.784429453926568 ], [ 110.436999610730638, -7.784460232236005 ], [ 110.436829199999963, -7.784447 ], [ 110.436833530552505, -7.784392481436454 ], [ 110.436842539771092, -7.784394150167128 ], [ 110.436997797149886, -7.784429453926568 ] ] ], [ [ [ 110.43681151163041, -7.784388402986257 ], [ 110.436805300000017, -7.784446499999916 ], [ 110.4366097, -7.784426 ], [ 110.436617515443942, -7.784352470083547 ], [ 110.43681151163041, -7.784388402986257 ] ] ], [ [ [ 110.436320456401191, -7.783834265390148 ], [ 110.436280278931974, -7.784118841881256 ], [ 110.435899977789418, -7.784074668130296 ], [ 110.435893956671393, -7.784074181383371 ], [ 110.435713917900742, -7.784065949058905 ], [ 110.435763816673273, -7.783783746319163 ], [ 110.436320456401191, -7.783834265390148 ] ] ], [ [ [ 110.436702578017815, -7.783847357744108 ], [ 110.436679078010542, -7.783978657742115 ], [ 110.436624878012537, -7.783969057738897 ], [ 110.436638290390505, -7.783893856750827 ], [ 110.436470697279915, -7.783873697261626 ], [ 110.436419097281586, -7.78386749726042 ], [ 110.436419585012814, -7.783863521192296 ], [ 110.436356667604372, -7.783851305372687 ], [ 110.436368293089885, -7.783770908628957 ], [ 110.436655357251652, -7.7838198022811 ], [ 110.436660297275751, -7.783820397266513 ], [ 110.436657947931252, -7.783839549531391 ], [ 110.436702578017815, -7.783847357744108 ] ] ], [ [ [ 110.437874217975761, -7.78398175373801 ], [ 110.437840786060178, -7.784366133566255 ], [ 110.437835013303712, -7.784432505108676 ], [ 110.437456008022309, -7.78438872651126 ], [ 110.437499666686179, -7.78403937423615 ], [ 110.437547652263319, -7.784044224311973 ], [ 110.437591262943855, -7.783730770257698 ], [ 110.437899522477665, -7.783746021779285 ], [ 110.437874217975761, -7.78398175373801 ] ] ], [ [ [ 110.437727576734687, -7.783603036693529 ], [ 110.437725484096816, -7.783687833851284 ], [ 110.437552884091602, -7.783683733843141 ], [ 110.437554703942055, -7.783606638526808 ], [ 110.437560015237779, -7.783606639167316 ], [ 110.437562789876623, -7.783606609260961 ], [ 110.437727576734687, -7.783603036693529 ] ] ], [ [ [ 110.437007408889556, -7.783596568244998 ], [ 110.437009900298392, -7.783596594664226 ], [ 110.437029892569342, -7.783596601105838 ], [ 110.437032113620788, -7.783597784012944 ], [ 110.437040182437684, -7.783601731417453 ], [ 110.437047007422507, -7.78360463514479 ], [ 110.437048990774869, -7.783605478972905 ], [ 110.43705412927261, -7.783607180377247 ], [ 110.437062739494877, -7.783609749390941 ], [ 110.437072865741925, -7.783612149009856 ], [ 110.437077395373706, -7.783612834562153 ], [ 110.437086312137012, -7.783613955109028 ], [ 110.437091087875217, -7.783614257186158 ], [ 110.437097529377809, -7.783614664626841 ], [ 110.437101277284697, -7.783614592336193 ], [ 110.437107277201008, -7.783614352818849 ], [ 110.437110257362534, -7.783614233850355 ], [ 110.437122259995192, -7.783612952869693 ], [ 110.437125123569103, -7.783612405751795 ], [ 110.437133922008059, -7.783610578011978 ], [ 110.437146334067918, -7.783607064635213 ], [ 110.437148283761346, -7.783606334453197 ], [ 110.437156660562778, -7.783603087315219 ], [ 110.437161587009939, -7.783600713425285 ], [ 110.437248896239794, -7.783606158133175 ], [ 110.437252072555921, -7.783606356212077 ], [ 110.437259904070345, -7.783606602978312 ], [ 110.437262441530379, -7.783606603284396 ], [ 110.437368443910088, -7.783606616066601 ], [ 110.437381412863786, -7.783606617630602 ], [ 110.437440555996844, -7.783606624762233 ], [ 110.437509275377082, -7.783606633052492 ], [ 110.437503334446333, -7.783748124172105 ], [ 110.437464948564838, -7.783742329536957 ], [ 110.437424114549003, -7.784132848950724 ], [ 110.437174594633859, -7.78410379927652 ], [ 110.437239540137625, -7.783681350581733 ], [ 110.437197068165688, -7.78367643947519 ], [ 110.437195618058809, -7.783690615283066 ], [ 110.437100650092873, -7.78368112847317 ], [ 110.437088025343314, -7.783881713213811 ], [ 110.436990121793826, -7.78388158327209 ], [ 110.436986686349371, -7.783938537353595 ], [ 110.43681775216028, -7.783940227656958 ], [ 110.43680231295447, -7.784001473592915 ], [ 110.436689007870541, -7.783986697161464 ], [ 110.436716757448266, -7.783836919905621 ], [ 110.436669734305951, -7.783830156440272 ], [ 110.436714570425636, -7.783590594646832 ], [ 110.436881679499976, -7.783594003497051 ], [ 110.43697909258772, -7.783595990622067 ], [ 110.437007408889556, -7.783596568244998 ] ] ] ] } },
{ "type": "Feature", "properties": { "Keterangan": "Hunian Vertikal", "Lantai": 4.0 }, "geometry": { "type": "MultiPolygon", "coordinates": [ [ [ [ 110.43180741370702, -7.778039567435459 ], [ 110.431840443706733, -7.778091669915658 ], [ 110.431831925269492, -7.778150261341142 ], [ 110.43180294758541, -7.77834957518747 ], [ 110.431646052668881, -7.77832456348853 ], [ 110.431673891382175, -7.778124094705088 ], [ 110.431397071092377, -7.778075232122752 ], [ 110.431397065024072, -7.77807527469066 ], [ 110.431367849813199, -7.778280213107302 ], [ 110.431188538420173, -7.778251627647423 ], [ 110.431221581998003, -7.778046757307899 ], [ 110.431232314947565, -7.777980212915759 ], [ 110.431297393149947, -7.777945945019408 ], [ 110.431412489827906, -7.777967072908718 ], [ 110.431688656785653, -7.778017767764236 ], [ 110.43180741370702, -7.778039567435459 ] ] ], [ [ [ 110.432672989212506, -7.77818850806497 ], [ 110.432704080467857, -7.77823975716728 ], [ 110.432695731054963, -7.778290536913009 ], [ 110.432690670415141, -7.778322514436658 ], [ 110.432675898654267, -7.778415855234687 ], [ 110.432476662184811, -7.77838110442553 ], [ 110.432491057853198, -7.778285189153179 ], [ 110.432184118701329, -7.778227794821749 ], [ 110.432169736502246, -7.778327570280504 ], [ 110.431999967791157, -7.77829795902936 ], [ 110.43201411609742, -7.778196006056185 ], [ 110.432024151438867, -7.778123691150203 ], [ 110.432073377691452, -7.778089156060043 ], [ 110.432201053439115, -7.778110311233747 ], [ 110.4325096309218, -7.778161440671144 ], [ 110.432672989212506, -7.77818850806497 ] ] ], [ [ [ 110.433712536600765, -7.778404729768184 ], [ 110.433679919998639, -7.778554780502963 ], [ 110.433659274615366, -7.778649758291523 ], [ 110.433417365294261, -7.778604100156482 ], [ 110.433436762235559, -7.778504690943171 ], [ 110.433070070424691, -7.778429153564867 ], [ 110.433052318825659, -7.778535200753752 ], [ 110.432836156575419, -7.778494401818765 ], [ 110.43283915911239, -7.778476140418201 ], [ 110.432843698063834, -7.778448534556512 ], [ 110.432853474156033, -7.77838453524444 ], [ 110.432874649660235, -7.778245909454124 ], [ 110.432949788870729, -7.778199656501469 ], [ 110.433103232449099, -7.778231045067258 ], [ 110.433475305560364, -7.778307156453953 ], [ 110.433685718824592, -7.778350198499609 ], [ 110.433712536600765, -7.778404729768184 ] ] ], [ [ [ 110.43134268218931, -7.778456758368021 ], [ 110.431621444973445, -7.778501765251041 ], [ 110.431639873732948, -7.778369058462549 ], [ 110.431641159603288, -7.778359798816254 ], [ 110.431797806676911, -7.778384935277786 ], [ 110.431796679493146, -7.778392688248404 ], [ 110.431777667077242, -7.778523458980867 ], [ 110.43177718996813, -7.778526910550297 ], [ 110.431767127340422, -7.77859970700307 ], [ 110.431720066622518, -7.778635542674492 ], [ 110.431605512618901, -7.778616495166201 ], [ 110.431326523757733, -7.778570106057641 ], [ 110.431197712508066, -7.778548687793769 ], [ 110.431158425583249, -7.778486852891429 ], [ 110.431165540065138, -7.778428158271685 ], [ 110.431181083934533, -7.778299920959525 ], [ 110.431182096359166, -7.77829156842762 ], [ 110.431182950667875, -7.778286271714146 ], [ 110.431362870366655, -7.778315142827648 ], [ 110.431361171585991, -7.778327059397779 ], [ 110.43134268218931, -7.778456758368021 ] ] ], [ [ [ 110.432145144720124, -7.778470952077333 ], [ 110.43245150298084, -7.778523897757704 ], [ 110.432463372860767, -7.778444811352195 ], [ 110.432662453417791, -7.778478963182188 ], [ 110.432649915610014, -7.778558187852373 ], [ 110.432631925033704, -7.778671867745257 ], [ 110.432574927586231, -7.778708091912299 ], [ 110.43242743299777, -7.778684270657388 ], [ 110.432121517584676, -7.778634863325014 ], [ 110.432001143357567, -7.778615422040168 ], [ 110.431962499735036, -7.778538400284087 ], [ 110.431975918325804, -7.778441705805347 ], [ 110.431986832042313, -7.778363061429988 ], [ 110.43215650111533, -7.778392167990352 ], [ 110.432145144720124, -7.778470952077333 ] ] ], [ [ [ 110.434840855718903, -7.778652620046705 ], [ 110.434812245667601, -7.778788033251357 ], [ 110.434766835369501, -7.779002962884299 ], [ 110.434597681434198, -7.778970436515149 ], [ 110.434630920228145, -7.778824065293598 ], [ 110.433954429106436, -7.778683878235908 ], [ 110.433916410501112, -7.778839435174703 ], [ 110.433799259128591, -7.778816908062964 ], [ 110.433848681248151, -7.778589544580613 ], [ 110.433881389625839, -7.778439071498008 ], [ 110.433977889959351, -7.778395478965836 ], [ 110.43471896786204, -7.778561023614489 ], [ 110.434786981223198, -7.778576216613526 ], [ 110.434840855718903, -7.778652620046705 ] ] ], [ [ [ 110.433024083088, -7.778703879539003 ], [ 110.433384621598336, -7.778771911281119 ], [ 110.433407078185411, -7.778656821507493 ], [ 110.433647930033914, -7.778701948303842 ], [ 110.433622946835385, -7.778816881836047 ], [ 110.433570391600995, -7.779058658426433 ], [ 110.433512172101118, -7.779091911855072 ], [ 110.433328756061428, -7.779058221241129 ], [ 110.432975626418568, -7.778993356697786 ], [ 110.432811579982484, -7.778963223757639 ], [ 110.432772397404406, -7.778882184003084 ], [ 110.432808405714965, -7.778663182185339 ], [ 110.432812109427061, -7.778640656267142 ], [ 110.432827312066379, -7.778548194023687 ], [ 110.433043367550553, -7.77858867521008 ], [ 110.433024083088, -7.778703879539003 ] ] ], [ [ [ 110.431712395312886, -7.778678651449606 ], [ 110.431749210840223, -7.778729320945857 ], [ 110.431740380003006, -7.778793206132161 ], [ 110.4317246505681, -7.778906997986135 ], [ 110.431568942444287, -7.778879839055035 ], [ 110.431584671266165, -7.778766574973626 ], [ 110.431305326760949, -7.778718798006985 ], [ 110.43128932208657, -7.778831066946989 ], [ 110.431120276707546, -7.778801581519823 ], [ 110.431133865670034, -7.778689472506471 ], [ 110.43114133644994, -7.778627838498167 ], [ 110.431200754070716, -7.778591902528759 ], [ 110.431320521682281, -7.778612209219763 ], [ 110.431599538304965, -7.778659516566602 ], [ 110.431712395312886, -7.778678651449606 ] ] ], [ [ [ 110.432567314993008, -7.778827136499021 ], [ 110.432598406276412, -7.778878385609939 ], [ 110.432590056832709, -7.778929165350263 ], [ 110.432584996173787, -7.778961142870534 ], [ 110.432570224357221, -7.779054483658787 ], [ 110.432370987602567, -7.779019732779999 ], [ 110.432385383327002, -7.778923817517333 ], [ 110.432078443736998, -7.778866423078799 ], [ 110.432064061480546, -7.778966198527667 ], [ 110.431894292526351, -7.778936587217018 ], [ 110.431908440890439, -7.778834634253799 ], [ 110.431918476272912, -7.778762319354929 ], [ 110.431967702611573, -7.778727784284039 ], [ 110.432095378542371, -7.778748939502507 ], [ 110.432403956467894, -7.778800069047981 ], [ 110.432567314993008, -7.778827136499021 ] ] ], [ [ [ 110.431269095617893, -7.778972950648662 ], [ 110.43154961858221, -7.779018991103757 ], [ 110.431564359807794, -7.778912838848322 ], [ 110.431720148906834, -7.778939564454944 ], [ 110.43170563036206, -7.779044596244169 ], [ 110.431691592348741, -7.779146151651987 ], [ 110.431640258156378, -7.779179758732921 ], [ 110.431529589358775, -7.779163222369099 ], [ 110.431247969923447, -7.779121142067802 ], [ 110.431174742250107, -7.779110200168595 ], [ 110.431151805130796, -7.779075263428784 ], [ 110.431158639567272, -7.779011475214243 ], [ 110.43115904905234, -7.778998683370308 ], [ 110.431157549022018, -7.778985972749926 ], [ 110.431154172751732, -7.778973625315566 ], [ 110.431146796041375, -7.778952878334286 ], [ 110.431113342358714, -7.778858789903718 ], [ 110.43111611184824, -7.77883594161512 ], [ 110.431284508897079, -7.778864830298136 ], [ 110.431269095617893, -7.778972950648662 ] ] ], [ [ [ 110.432048152484285, -7.779076565508915 ], [ 110.432354511161819, -7.779129511288581 ], [ 110.432366381085004, -7.77905042489063 ], [ 110.432565461912915, -7.779084576785098 ], [ 110.432552924060914, -7.77916380144765 ], [ 110.432534933421181, -7.779277481329526 ], [ 110.432477935880712, -7.77931370547595 ], [ 110.432330441091082, -7.779289884173071 ], [ 110.432024525260729, -7.779240476741419 ], [ 110.431904150869386, -7.779221035417389 ], [ 110.431865507217822, -7.77914401365207 ], [ 110.431878925859834, -7.779047319182043 ], [ 110.431889839618094, -7.778968674813875 ], [ 110.432059508922038, -7.778997781429293 ], [ 110.432048152484285, -7.779076565508915 ] ] ], [ [ [ 110.431676205980111, -7.779257461413567 ], [ 110.431650889555428, -7.779440608115548 ], [ 110.431494657799718, -7.779414765665238 ], [ 110.431510588973339, -7.779300044812239 ], [ 110.431276978794671, -7.779265373185602 ], [ 110.431260320235609, -7.779376003542847 ], [ 110.431114678863835, -7.779351912720533 ], [ 110.431140325035599, -7.77918167472269 ], [ 110.431140793642442, -7.779178037490762 ], [ 110.4311419912855, -7.77916685947428 ], [ 110.431173116362331, -7.77915001953969 ], [ 110.431242321829998, -7.779160761996036 ], [ 110.431291579653589, -7.779168408061411 ], [ 110.431523862161924, -7.779204464126484 ], [ 110.431654642065453, -7.779224764386177 ], [ 110.431676205980111, -7.779257461413567 ] ] ], [ [ [ 110.4324903015508, -7.779373234662863 ], [ 110.432513203969435, -7.779414786044143 ], [ 110.432500462898659, -7.779495294654133 ], [ 110.432487224447613, -7.779578946082685 ], [ 110.432291905254075, -7.779546638532532 ], [ 110.432304851790718, -7.77946037913682 ], [ 110.43200065392827, -7.779406081286948 ], [ 110.431987647555843, -7.779496311387683 ], [ 110.431820455351584, -7.779468656094862 ], [ 110.431833284924366, -7.779376206629891 ], [ 110.431844154979885, -7.779297877339636 ], [ 110.431893105392859, -7.779269158313735 ], [ 110.432017271701639, -7.779290797467408 ], [ 110.432322324852208, -7.779343960615954 ], [ 110.4324903015508, -7.779373234662863 ] ] ], [ [ [ 110.431242258596313, -7.779495951745239 ], [ 110.431478830319591, -7.779528739739417 ], [ 110.431489183006477, -7.779454189795786 ], [ 110.431645470173677, -7.779479813541754 ], [ 110.431622778978266, -7.779643968325644 ], [ 110.431573330083154, -7.779679171361948 ], [ 110.431460333611511, -7.77966193488872 ], [ 110.431222722821445, -7.779625689655239 ], [ 110.431177036575107, -7.7796187206433 ], [ 110.431104657627472, -7.779607679897735 ], [ 110.43108256599352, -7.779565076091568 ], [ 110.431108669400956, -7.779391803207702 ], [ 110.431254344718099, -7.77941568724725 ], [ 110.431242258596313, -7.779495951745239 ] ] ], [ [ [ 110.431971571150029, -7.779607839397177 ], [ 110.43227451585625, -7.779662499483054 ], [ 110.432286169042484, -7.779584857399627 ], [ 110.432481227854254, -7.779616837480794 ], [ 110.432468463488775, -7.779697493189306 ], [ 110.432450677760329, -7.779809877913674 ], [ 110.432418986524652, -7.779828673957411 ], [ 110.432254064272172, -7.779798762866569 ], [ 110.431951948414948, -7.779743969510397 ], [ 110.431820431037963, -7.779720116740958 ], [ 110.431791632406927, -7.779676353061435 ], [ 110.431805303499985, -7.779577839753162 ], [ 110.431815048679411, -7.779507616374133 ], [ 110.431982070717652, -7.779534999998218 ], [ 110.431971571150029, -7.779607839397177 ] ] ], [ [ [ 110.431606896174046, -7.779761530665149 ], [ 110.431582167413936, -7.779946842189769 ], [ 110.431424235699652, -7.779921876333455 ], [ 110.431436337030433, -7.779834734568706 ], [ 110.431194308913589, -7.779794210617498 ], [ 110.431181087853076, -7.779883439385703 ], [ 110.431038012096948, -7.779860821822314 ], [ 110.431065976274496, -7.779675197577451 ], [ 110.431084537401716, -7.779662780188744 ], [ 110.431168802808628, -7.779676478227979 ], [ 110.431210743168535, -7.77968329597408 ], [ 110.43145192275523, -7.779722501590791 ], [ 110.431595079473183, -7.779745772760488 ], [ 110.431606896174046, -7.779761530665149 ] ] ], [ [ [ 110.432402022324737, -7.779892144252032 ], [ 110.432429007929684, -7.779946805458979 ], [ 110.432417114537998, -7.780021957495483 ], [ 110.432414077737405, -7.780041146444397 ], [ 110.432413563120519, -7.780044947188286 ], [ 110.432407621564749, -7.780097677463368 ], [ 110.432213970690114, -7.780065895254429 ], [ 110.432226030199161, -7.779985546144471 ], [ 110.431925383854264, -7.77992825743674 ], [ 110.431912671788652, -7.780016445541828 ], [ 110.431750419874703, -7.779989816376195 ], [ 110.431762822333042, -7.779897280949228 ], [ 110.43176373740009, -7.779890453581139 ], [ 110.431774169205383, -7.779812621261891 ], [ 110.431832227974454, -7.779786204530423 ], [ 110.431942894415542, -7.779806780389033 ], [ 110.432244446002798, -7.779862846759696 ], [ 110.432402022324737, -7.779892144252032 ] ] ], [ [ [ 110.433352221489429, -7.780050039207364 ], [ 110.433319558051693, -7.780193917962417 ], [ 110.433307864834276, -7.780245425235965 ], [ 110.433097855041964, -7.780210958642562 ], [ 110.433107338696715, -7.780153479781165 ], [ 110.432758952328783, -7.780087094870965 ], [ 110.432749681918295, -7.780153816585079 ], [ 110.432577873452885, -7.780125619326944 ], [ 110.432584586059804, -7.780066045897207 ], [ 110.432586456674315, -7.780054225767439 ], [ 110.432591194257441, -7.780024289694263 ], [ 110.432606868626266, -7.779925245683758 ], [ 110.432691010378051, -7.779878825037768 ], [ 110.432785514580559, -7.77989591883366 ], [ 110.433139277023983, -7.77995990672252 ], [ 110.433318313131878, -7.779992290320371 ], [ 110.433352221489429, -7.780050039207364 ] ] ], [ [ [ 110.43115981429807, -7.780027014236097 ], [ 110.431404136941879, -7.780066607522359 ], [ 110.431417505953732, -7.77997033725921 ], [ 110.431575388068225, -7.779997644978676 ], [ 110.431548888712001, -7.780196224639837 ], [ 110.431527704604207, -7.780213542593923 ], [ 110.431386994245372, -7.780190052007826 ], [ 110.431141723922124, -7.780149105768372 ], [ 110.431102362941601, -7.780142534702271 ], [ 110.431023273512992, -7.780129331212158 ], [ 110.431002158751141, -7.780098813507872 ], [ 110.431031569928109, -7.779903584456642 ], [ 110.431174441423281, -7.779928296037337 ], [ 110.43115981429807, -7.780027014236097 ] ] ], [ [ [ 110.434528869026252, -7.780164807759362 ], [ 110.434488070300347, -7.780412742823836 ], [ 110.434237771713157, -7.780364260768397 ], [ 110.434239915284067, -7.780353579707479 ], [ 110.434246429200499, -7.780321121930926 ], [ 110.434245863504657, -7.780321011746615 ], [ 110.434251825181406, -7.780288370103893 ], [ 110.433733653300536, -7.780186046905181 ], [ 110.4337262147925, -7.780219796055858 ], [ 110.433717407324153, -7.780263467307798 ], [ 110.433490426159437, -7.780219501333302 ], [ 110.433544727537594, -7.779980305381277 ], [ 110.433617525411094, -7.779938306343069 ], [ 110.433777122529818, -7.779967373179296 ], [ 110.434298370699338, -7.780062305750347 ], [ 110.434480449848252, -7.780095466843058 ], [ 110.434528869026252, -7.780164807759362 ] ] ], [ [ [ 110.431891727475247, -7.780161743565657 ], [ 110.432191162576672, -7.780217859181098 ], [ 110.432204114676964, -7.78013156306428 ], [ 110.432399761569783, -7.780167433525186 ], [ 110.432391548770354, -7.780240320630347 ], [ 110.432389883418324, -7.780255100323989 ], [ 110.432380528227043, -7.780338125901511 ], [ 110.432331369951541, -7.780367374694056 ], [ 110.432173356083325, -7.78033649864904 ], [ 110.431874942290449, -7.780278188167971 ], [ 110.431756407720115, -7.780255026281886 ], [ 110.431721426627078, -7.780206136394549 ], [ 110.431731403568918, -7.780131697982751 ], [ 110.431742758756911, -7.78004697637364 ], [ 110.431904009239389, -7.780076540690057 ], [ 110.431891727475247, -7.780161743565657 ] ] ], [ [ [ 110.432726835784422, -7.780318246426017 ], [ 110.433069556189096, -7.780382473189301 ], [ 110.433084328100435, -7.780292943162277 ], [ 110.433288576040425, -7.780330390114824 ], [ 110.433268296832239, -7.780419717608059 ], [ 110.433245671745993, -7.780519378360781 ], [ 110.433204515479332, -7.780537988507362 ], [ 110.433048913684956, -7.780507583795363 ], [ 110.432709737368768, -7.780441308268258 ], [ 110.43258359389381, -7.780416659583121 ], [ 110.432551370097912, -7.780360832605668 ], [ 110.432559697948946, -7.780286924221552 ], [ 110.432567178124089, -7.780220538799415 ], [ 110.432569652206809, -7.780198581683377 ], [ 110.432739144572452, -7.780229656750064 ], [ 110.432726835784422, -7.780318246426017 ] ] ], [ [ [ 110.433680934184707, -7.780444316849906 ], [ 110.434201915156052, -7.78054292798737 ], [ 110.43422517435026, -7.780427031339021 ], [ 110.434478057474664, -7.780473591005898 ], [ 110.434450467334358, -7.780641256838317 ], [ 110.434437791119166, -7.780718290395179 ], [ 110.434377323044529, -7.780767156772521 ], [ 110.43416523194945, -7.780725714071878 ], [ 110.43416490929998, -7.780725651025949 ], [ 110.433644696111628, -7.780624000644584 ], [ 110.433457714232858, -7.780587463959443 ], [ 110.433420388659826, -7.780528013949811 ], [ 110.433437764049387, -7.780451476046967 ], [ 110.433474682128562, -7.780288853259104 ], [ 110.43370378065049, -7.780331034249615 ], [ 110.433680934184707, -7.780444316849906 ] ] ], [ [ [ 110.43150775947386, -7.780440793710074 ], [ 110.431487286948766, -7.780559016188731 ], [ 110.431458175496218, -7.780727125651337 ], [ 110.431298206659918, -7.780698159259212 ], [ 110.431328147693037, -7.780526738427723 ], [ 110.431091032158619, -7.780478644842523 ], [ 110.431061313393485, -7.780655263642385 ], [ 110.430915369906941, -7.780628836752286 ], [ 110.430946701805269, -7.780449370587683 ], [ 110.430965618902761, -7.780341015142445 ], [ 110.431025485676244, -7.780296359374029 ], [ 110.431477531339823, -7.780369044744641 ], [ 110.43150775947386, -7.780440793710074 ] ] ], [ [ [ 110.432335577109015, -7.780611026173665 ], [ 110.432311422265556, -7.780726172182494 ], [ 110.432279421344703, -7.780878720282855 ], [ 110.432095797364866, -7.780843149199001 ], [ 110.432127138568987, -7.78068879482288 ], [ 110.431849256374477, -7.780632433176682 ], [ 110.431821594244028, -7.780790031239809 ], [ 110.431628622130276, -7.780752649040338 ], [ 110.431656219886975, -7.780593280304626 ], [ 110.431677838622576, -7.780468438511181 ], [ 110.43176365869833, -7.780431569472444 ], [ 110.43188050505448, -7.780454401470248 ], [ 110.432163503271696, -7.780509699712757 ], [ 110.432289175542337, -7.780534256183667 ], [ 110.432335577109015, -7.780611026173665 ] ] ], [ [ [ 110.433191384060621, -7.780769059833522 ], [ 110.433159411403395, -7.780898164564328 ], [ 110.433123722645135, -7.781042274699987 ], [ 110.432937790321546, -7.781006256843023 ], [ 110.432971318123776, -7.7808600149263 ], [ 110.432664067618205, -7.780797697273935 ], [ 110.432632090078116, -7.780947037970193 ], [ 110.432438892480917, -7.78090961248223 ], [ 110.432469507708248, -7.780758235810505 ], [ 110.432496161180467, -7.780626447887983 ], [ 110.432583457276067, -7.780592513656098 ], [ 110.432702997235424, -7.780615888990654 ], [ 110.433013372644979, -7.780676580905617 ], [ 110.433156149720205, -7.780704499963265 ], [ 110.433191384060621, -7.780769059833522 ] ] ], [ [ [ 110.431025123463769, -7.780870340363614 ], [ 110.431259912611893, -7.780917403197869 ], [ 110.431292694203194, -7.780729719604656 ], [ 110.431452624887982, -7.780759178645557 ], [ 110.431419679448368, -7.780949427938324 ], [ 110.43139865516045, -7.781070836311625 ], [ 110.431346364457838, -7.781104114901912 ], [ 110.430888118412469, -7.781011145446489 ], [ 110.430864046311171, -7.780955104726869 ], [ 110.430880667561055, -7.780841384509372 ], [ 110.430893034395993, -7.780756772340367 ], [ 110.430910062164529, -7.780659238982428 ], [ 110.431056117582855, -7.780686142357347 ], [ 110.431025123463769, -7.780870340363614 ] ] ], [ [ [ 110.434332409843904, -7.780933507077778 ], [ 110.434380223430949, -7.781016739391534 ], [ 110.43435452238451, -7.78114055844467 ], [ 110.434326558337688, -7.781275279777077 ], [ 110.434095323112416, -7.781230486756939 ], [ 110.434126079138764, -7.781094225582327 ], [ 110.433603317750183, -7.780988198615747 ], [ 110.43357159761949, -7.781129034389986 ], [ 110.433296062264859, -7.781075659370825 ], [ 110.433328568374051, -7.780932473407826 ], [ 110.433354338249345, -7.780818959757092 ], [ 110.433448070984525, -7.780760706046522 ], [ 110.433645851055772, -7.780799352714968 ], [ 110.434169538838773, -7.780901682006146 ], [ 110.434285653062702, -7.780924370787297 ], [ 110.434332409843904, -7.780933507077778 ] ] ], [ [ [ 110.431780907301416, -7.781021834644919 ], [ 110.432048619898666, -7.781075496373666 ], [ 110.432079529978395, -7.780923265475897 ], [ 110.432262583382212, -7.780958986643976 ], [ 110.432230494836702, -7.781111952245225 ], [ 110.432205233270352, -7.78123237364768 ], [ 110.432133707830033, -7.781263850745938 ], [ 110.43201525457367, -7.781239819106059 ], [ 110.431752019684055, -7.781186414233712 ], [ 110.43161172912221, -7.781157952131605 ], [ 110.431571060338499, -7.781085050576595 ], [ 110.431588679845333, -7.780983303445967 ], [ 110.431614781616915, -7.780832573781743 ], [ 110.431807525186471, -7.780870186117493 ], [ 110.431780907301416, -7.781021834644919 ] ] ], [ [ [ 110.432581703889383, -7.78118235001116 ], [ 110.432883547712208, -7.78124285256275 ], [ 110.432919249522968, -7.781087128238994 ], [ 110.433103700908148, -7.781123121821865 ], [ 110.433065040436887, -7.781279231440884 ], [ 110.433057833569521, -7.781308332502075 ], [ 110.433041055534375, -7.781403203887413 ], [ 110.432976582254327, -7.781434850973159 ], [ 110.432845620850557, -7.781408281972822 ], [ 110.432546327777658, -7.781347562258765 ], [ 110.43239967260503, -7.781317809198654 ], [ 110.432368892867515, -7.781255724342569 ], [ 110.432391445390294, -7.781144213864995 ], [ 110.432422591847896, -7.780990210738132 ], [ 110.432614813852865, -7.781027720905897 ], [ 110.432581703889383, -7.78118235001116 ] ] ], [ [ [ 110.431374780483466, -7.78120870464349 ], [ 110.431355599744862, -7.781319466958455 ], [ 110.431328999024572, -7.781473077053236 ], [ 110.431165787357187, -7.781447250735174 ], [ 110.431190565964982, -7.781283240466964 ], [ 110.430973934376397, -7.781235687658164 ], [ 110.430946529769187, -7.781412555709568 ], [ 110.4308003318842, -7.781389421487659 ], [ 110.430801151963038, -7.781384032753936 ], [ 110.43080626715664, -7.781350420840756 ], [ 110.43081647549127, -7.781280577049666 ], [ 110.430827727338539, -7.781203593677708 ], [ 110.430845835206284, -7.781079702415391 ], [ 110.430893675015014, -7.781050899645274 ], [ 110.431349362027859, -7.781146142629441 ], [ 110.431374780483466, -7.78120870464349 ] ] ], [ [ [ 110.433517349485939, -7.781369893093637 ], [ 110.4340402021122, -7.781474693989058 ], [ 110.434076700922219, -7.781312990260171 ], [ 110.434309309164405, -7.781358380415723 ], [ 110.434275381293133, -7.781521833221762 ], [ 110.434251150873337, -7.781638566950492 ], [ 110.434179655306622, -7.781678924286359 ], [ 110.434002229023889, -7.781642929177867 ], [ 110.433479728679657, -7.781536927192276 ], [ 110.433260345097864, -7.781492419657284 ], [ 110.433220471985223, -7.781431154470406 ], [ 110.433234557310485, -7.78134658185173 ], [ 110.433241803717436, -7.781314662257201 ], [ 110.433277584232783, -7.781157053090249 ], [ 110.433553174704642, -7.781210831147009 ], [ 110.433517349485939, -7.781369893093637 ] ] ], [ [ [ 110.432176182117232, -7.781370859835002 ], [ 110.432125444382152, -7.781612725200861 ], [ 110.431947475007973, -7.781573629954623 ], [ 110.431972138669309, -7.781452162774928 ], [ 110.431714711020689, -7.781398970278127 ], [ 110.431693833979352, -7.781517911472969 ], [ 110.431503348184563, -7.781476066481845 ], [ 110.43150567849456, -7.781462609706157 ], [ 110.431547507004808, -7.7812210636034 ], [ 110.431607494001071, -7.781200094470388 ], [ 110.431744589019701, -7.781228748460324 ], [ 110.43200639191187, -7.781283467292639 ], [ 110.432152410507484, -7.781313986234851 ], [ 110.432176182117232, -7.781370859835002 ] ] ], [ [ [ 110.433016694717722, -7.781535805980358 ], [ 110.432986635864182, -7.781668869459615 ], [ 110.432958004012804, -7.781795615842256 ], [ 110.43276646574418, -7.781753540265544 ], [ 110.432795124703659, -7.78162853585764 ], [ 110.432499495984018, -7.781566274180577 ], [ 110.432473192361002, -7.78168911616126 ], [ 110.432289406327584, -7.781648743307665 ], [ 110.432343434067647, -7.781381604761015 ], [ 110.432382411527215, -7.781362058001513 ], [ 110.432536335239746, -7.781394229022458 ], [ 110.432834552883577, -7.781456558209086 ], [ 110.432991318321186, -7.781489322988503 ], [ 110.433016694717722, -7.781535805980358 ] ] ], [ [ [ 110.430913132794231, -7.781628097968189 ], [ 110.4311327773827, -7.781665744388829 ], [ 110.431161140478665, -7.781478008530061 ], [ 110.431323444753303, -7.78150488981012 ], [ 110.431290043790426, -7.781692699304109 ], [ 110.431265624346622, -7.78183000669322 ], [ 110.431214416285187, -7.781856882527928 ], [ 110.431154831001905, -7.781848473218679 ], [ 110.431151843574355, -7.78184812121243 ], [ 110.431139909013638, -7.781846884406218 ], [ 110.430777947671217, -7.781795176082728 ], [ 110.430748537860993, -7.781729759382229 ], [ 110.430767799982661, -7.781603188296802 ], [ 110.430796052481668, -7.781417541415733 ], [ 110.430942011606547, -7.781441715701142 ], [ 110.430913132794231, -7.781628097968189 ] ] ], [ [ [ 110.43165225030738, -7.781754822747745 ], [ 110.431900204759103, -7.781806433100002 ], [ 110.431936080018133, -7.781629749626111 ], [ 110.432113389588537, -7.781670190016248 ], [ 110.432053177387715, -7.781957219365172 ], [ 110.431958967285865, -7.782008157113047 ], [ 110.43186398533858, -7.781984811366384 ], [ 110.43183060169055, -7.781976605946928 ], [ 110.431827608207314, -7.78197592635818 ], [ 110.431807787069431, -7.781972404718326 ], [ 110.431795748006877, -7.781969381733607 ], [ 110.431793227207223, -7.781968787651769 ], [ 110.431620996664151, -7.781932881372574 ], [ 110.431465605597737, -7.781900485689449 ], [ 110.431437247196328, -7.781849029163296 ], [ 110.431456005682563, -7.781743551656214 ], [ 110.431494169503381, -7.781528959263739 ], [ 110.431684283904929, -7.781572320364939 ], [ 110.43165225030738, -7.781754822747745 ] ] ], [ [ [ 110.434179905497416, -7.781737741774658 ], [ 110.434216574146959, -7.781805145447452 ], [ 110.434175616377075, -7.782002465358956 ], [ 110.434170712567266, -7.782025783835972 ], [ 110.434163430361053, -7.782060412000057 ], [ 110.433920063758535, -7.782006951926258 ], [ 110.433946744193562, -7.78188874773804 ], [ 110.433425478886022, -7.781777792706036 ], [ 110.433399615327971, -7.781892625085375 ], [ 110.433130582757343, -7.781833526463904 ], [ 110.433153992021289, -7.78172903720515 ], [ 110.433186910422279, -7.781586448363089 ], [ 110.433264370001467, -7.781546392039933 ], [ 110.433468010812533, -7.781588953779134 ], [ 110.43398979679246, -7.78169800864499 ], [ 110.434179905497416, -7.781737741774658 ] ] ], [ [ [ 110.432425375882232, -7.781912426278771 ], [ 110.432716547184668, -7.781971274404881 ], [ 110.432752173107247, -7.781815881735572 ], [ 110.432943565061876, -7.781859533601949 ], [ 110.432909512895733, -7.78201027425205 ], [ 110.432878617617661, -7.782147040014682 ], [ 110.432833209228164, -7.78217763038989 ], [ 110.432674286556164, -7.782155606067263 ], [ 110.432460765092983, -7.782126015066413 ], [ 110.432383609549262, -7.78210748107526 ], [ 110.432241965007648, -7.782073455759008 ], [ 110.432216111712052, -7.782011145686614 ], [ 110.432277498808091, -7.781707619626595 ], [ 110.432460302669028, -7.78174931298141 ], [ 110.432425375882232, -7.781912426278771 ] ] ], [ [ [ 110.433349969928258, -7.782113046958834 ], [ 110.433869863295726, -7.782229358313875 ], [ 110.433903900430082, -7.782078561406377 ], [ 110.434147910134357, -7.782134213368797 ], [ 110.434135774686155, -7.782191919507512 ], [ 110.434081592640894, -7.782435803758179 ], [ 110.434036821496235, -7.782457846896508 ], [ 110.433829156415285, -7.782409704457046 ], [ 110.433310248499808, -7.782289406939945 ], [ 110.433229914221201, -7.782270783122353 ], [ 110.433219801289908, -7.782268143259978 ], [ 110.433215373516205, -7.782267055222055 ], [ 110.433169747039386, -7.782256371788091 ], [ 110.433090790934884, -7.782237558854825 ], [ 110.433056494098665, -7.782164227138931 ], [ 110.433115948007583, -7.781898849893595 ], [ 110.43338442207083, -7.781960082043714 ], [ 110.433349969928258, -7.782113046958834 ] ] ] ] } },
{ "type": "Feature", "properties": { "Keterangan": "Industri", "Lantai": 1.0 }, "geometry": { "type": "MultiPolygon", "coordinates": [ [ [ [ 110.434121776712004, -7.779691160224819 ], [ 110.434047990658286, -7.779982481642917 ], [ 110.43356405519431, -7.779895167550798 ], [ 110.433604166470829, -7.779718478278253 ], [ 110.433609568353873, -7.779693262144273 ], [ 110.433630986413817, -7.779593282034372 ], [ 110.434121776712004, -7.779691160224819 ] ] ], [ [ [ 110.433435876297821, -7.779681548684108 ], [ 110.433400819148844, -7.779835971786771 ], [ 110.43322605694334, -7.779802924854653 ], [ 110.433195107861096, -7.779930205383324 ], [ 110.432920023998392, -7.779878302158949 ], [ 110.432958937579372, -7.779748241945881 ], [ 110.432839944552299, -7.779728937181864 ], [ 110.432887262940525, -7.779515525275944 ], [ 110.433446694479301, -7.77963104663277 ], [ 110.433439856109004, -7.779662969904715 ], [ 110.433435876297821, -7.779681548684108 ] ] ], [ [ [ 110.434656060826541, -7.779527264251067 ], [ 110.434611544268463, -7.779737962868185 ], [ 110.434377340731004, -7.779684321263239 ], [ 110.434475042771609, -7.779296749874842 ], [ 110.434696316137718, -7.779336734062993 ], [ 110.43469241458132, -7.779355200313112 ], [ 110.434656060826541, -7.779527264251067 ] ] ], [ [ [ 110.434172985688349, -7.77908095750173 ], [ 110.434136775635167, -7.77924245155007 ], [ 110.434072016140519, -7.779220826224263 ], [ 110.43403580122073, -7.779385910082245 ], [ 110.433687730294167, -7.779329988656801 ], [ 110.433721704548603, -7.779173692637377 ], [ 110.433756650029864, -7.779012928415972 ], [ 110.434172985688349, -7.77908095750173 ] ] ], [ [ [ 110.433552273071399, -7.779142011346197 ], [ 110.433513071360622, -7.779322355703953 ], [ 110.43272639154992, -7.779169996146725 ], [ 110.432753051321114, -7.779001536117498 ], [ 110.432754429906254, -7.778992824991645 ], [ 110.433552273071399, -7.779142011346197 ] ] ], [ [ [ 110.434577926897077, -7.778997079474089 ], [ 110.434547289509325, -7.779102995336018 ], [ 110.433773315022364, -7.778936262241513 ], [ 110.433782944243973, -7.778891963641168 ], [ 110.433792317833252, -7.778848841050153 ], [ 110.434577926897077, -7.778997079474089 ] ] ] ] } },
{ "type": "Feature", "properties": { "Keterangan": "Militer", "Lantai": 1.0 }, "geometry": { "type": "MultiPolygon", "coordinates": [ [ [ [ 110.431530857660164, -7.786329468750528 ], [ 110.431529957660786, -7.786398568750679 ], [ 110.431428057667276, -7.786397268751347 ], [ 110.431428957666739, -7.786328068751244 ], [ 110.431530857660164, -7.786329468750528 ] ] ], [ [ [ 110.430659697555669, -7.78626916105732 ], [ 110.430659684935193, -7.78627016778882 ], [ 110.430692579937983, -7.786269900350215 ], [ 110.430692879937311, -7.7862998003502 ], [ 110.430659311185792, -7.786299981802391 ], [ 110.430658397568351, -7.786372861058237 ], [ 110.430611397566594, -7.786372261064078 ], [ 110.430612697553997, -7.786268561063028 ], [ 110.430659697555669, -7.78626916105732 ] ] ], [ [ [ 110.430890737241711, -7.78624622803827 ], [ 110.43089108795931, -7.7863929950578 ], [ 110.430898718893573, -7.786393065822351 ], [ 110.430897718906465, -7.786495365823431 ], [ 110.430833018906625, -7.786494765831463 ], [ 110.430834018893819, -7.786392465830364 ], [ 110.430837186313653, -7.786392495203478 ], [ 110.430836837238047, -7.786246328045454 ], [ 110.430890737241711, -7.78624622803827 ] ] ], [ [ [ 110.431329444671206, -7.786204827158381 ], [ 110.431330144673936, -7.786237927158538 ], [ 110.431411644678533, -7.78623642715175 ], [ 110.431413144685493, -7.786318627152164 ], [ 110.431278444677815, -7.786321127163231 ], [ 110.431279144680985, -7.786358327163377 ], [ 110.431202844676704, -7.786359727169618 ], [ 110.431203844681079, -7.786411827169826 ], [ 110.431159444678457, -7.78641272717345 ], [ 110.431157728796705, -7.786320391683821 ], [ 110.430958725712216, -7.786323478521163 ], [ 110.430957425701706, -7.786239578520712 ], [ 110.431163725712466, -7.786236478495214 ], [ 110.431163786428968, -7.786240392337994 ], [ 110.431240144668891, -7.786239027166 ], [ 110.43123954466617, -7.78620642716582 ], [ 110.431329444671206, -7.786204827158381 ] ] ], [ [ [ 110.43082376990985, -7.786208519605081 ], [ 110.430748669908425, -7.786209819605037 ], [ 110.430748069908475, -7.786176619605124 ], [ 110.4308231699098, -7.786175319605104 ], [ 110.43082376990985, -7.786208519605081 ] ] ], [ [ [ 110.432020469930876, -7.786097319605202 ], [ 110.432020969931017, -7.786159119605281 ], [ 110.43204906993148, -7.786158919605245 ], [ 110.432049569931422, -7.786228219605211 ], [ 110.432021669930961, -7.786228419605234 ], [ 110.432021769930998, -7.786246719605227 ], [ 110.432022869930989, -7.786393219605197 ], [ 110.431912869929079, -7.786394019605178 ], [ 110.431913169929018, -7.786434319605132 ], [ 110.431825569927454, -7.78643491960518 ], [ 110.43182526992743, -7.786394819605147 ], [ 110.431825169927507, -7.786374319605115 ], [ 110.431793569926938, -7.78637451960514 ], [ 110.431792769926957, -7.78626651960517 ], [ 110.43182416992741, -7.786266319605154 ], [ 110.431824069927515, -7.786248519605202 ], [ 110.431751769926265, -7.786249119605174 ], [ 110.431512669922071, -7.786250819605142 ], [ 110.431512569922077, -7.786236019605161 ], [ 110.431475569921332, -7.786236319605161 ], [ 110.431474869921374, -7.786150819605218 ], [ 110.431511769921926, -7.78615051960518 ], [ 110.431511669922003, -7.786131419605209 ], [ 110.431750669926231, -7.786129719605233 ], [ 110.431750469926229, -7.786099319605214 ], [ 110.432020469930876, -7.786097319605202 ] ] ], [ [ [ 110.432490669939327, -7.786164419605358 ], [ 110.432336669936632, -7.78616921960532 ], [ 110.432334169936496, -7.786090119605323 ], [ 110.432488269939299, -7.786085319605381 ], [ 110.432490669939327, -7.786164419605358 ] ] ] ] } },
{ "type": "Feature", "properties": { "Keterangan": "Gudang", "Lantai": 1.0 }, "geometry": { "type": "MultiPolygon", "coordinates": [ [ [ [ 110.431258081405105, -7.785401494410332 ], [ 110.430949699402035, -7.78542973400687 ], [ 110.430942312271299, -7.785326068310015 ], [ 110.431182848192407, -7.78529080085512 ], [ 110.43125260339643, -7.785302856476426 ], [ 110.431258081405105, -7.785401494410332 ] ] ], [ [ [ 110.43030990000004, -7.785471499999925 ], [ 110.428974, -7.785587899999953 ], [ 110.428950099999966, -7.785318599999978 ], [ 110.430286, -7.785202199999941 ], [ 110.43030990000004, -7.785471499999925 ] ] ], [ [ [ 110.430671245414686, -7.785455232795346 ], [ 110.430394126511743, -7.785480609140565 ], [ 110.430357477335804, -7.785457190922527 ], [ 110.43035031848494, -7.785373012336837 ], [ 110.430371322760053, -7.785346095795032 ], [ 110.430452429566841, -7.785337995773416 ], [ 110.430443078287382, -7.785122908658524 ], [ 110.430471710928785, -7.785075881397964 ], [ 110.430612864994231, -7.785042371155628 ], [ 110.430653657639709, -7.785071831628271 ], [ 110.430686661743792, -7.785432189393435 ], [ 110.430671245414686, -7.785455232795346 ] ] ], [ [ [ 110.430932725334728, -7.785431288373694 ], [ 110.43073546982049, -7.785449351608545 ], [ 110.430713040081358, -7.785430134046062 ], [ 110.430682041267161, -7.785069530882732 ], [ 110.430703916692735, -7.785020749077641 ], [ 110.430706738464707, -7.78502002564497 ], [ 110.430710498374339, -7.78501898969977 ], [ 110.430713616115241, -7.785018070392555 ], [ 110.43084358995263, -7.78497720547522 ], [ 110.430904884777306, -7.785049358246298 ], [ 110.430904887827296, -7.785080003364105 ], [ 110.430904908157629, -7.785120094974147 ], [ 110.430905254344978, -7.785127944970323 ], [ 110.430905739534666, -7.785133467243732 ], [ 110.430906084150337, -7.785137328730967 ], [ 110.430932725334728, -7.785431288373694 ] ] ] ] } },
{ "type": "Feature", "properties": { "Keterangan": "Perbankan", "Lantai": 1.0 }, "geometry": { "type": "MultiPolygon", "coordinates": [ [ [ [ 110.430238554038368, -7.784833699487607 ], [ 110.429967617057073, -7.784898020182872 ], [ 110.429975317817721, -7.78481325199059 ], [ 110.429988854507087, -7.78479874420583 ], [ 110.430239191776323, -7.784800746046443 ], [ 110.430238554038368, -7.784833699487607 ] ] ], [ [ [ 110.429849364412064, -7.784926093411047 ], [ 110.429729128924876, -7.784932129852443 ], [ 110.429743187412328, -7.784818237149098 ], [ 110.429770990771615, -7.784797001922002 ], [ 110.4299363391019, -7.784798324243711 ], [ 110.429949780071425, -7.784815351295233 ], [ 110.429940936822419, -7.784904354085167 ], [ 110.429849364412064, -7.784926093411047 ] ] ], [ [ [ 110.429686043555563, -7.78493429295172 ], [ 110.429483678594423, -7.784944452617841 ], [ 110.429457321112537, -7.784922177125539 ], [ 110.429472630839101, -7.784816189626841 ], [ 110.429496671699411, -7.784794807998654 ], [ 110.429695827754699, -7.784796400807913 ], [ 110.429719160498436, -7.784818654724501 ], [ 110.429707560433627, -7.784906579068971 ], [ 110.429686043555563, -7.78493429295172 ] ] ], [ [ [ 110.430241701612999, -7.784671056660412 ], [ 110.430239391917979, -7.784790404248496 ], [ 110.429993978556809, -7.784788438677936 ], [ 110.429979181133263, -7.784770725487379 ], [ 110.429987030268478, -7.784684323946864 ], [ 110.430002545253572, -7.78466790993611 ], [ 110.430241701612999, -7.784671056660412 ] ] ], [ [ [ 110.429953842388713, -7.784774466125579 ], [ 110.429937436147995, -7.784787985797005 ], [ 110.429763093060842, -7.784786589334683 ], [ 110.42974933320555, -7.784768447912253 ], [ 110.429759640942422, -7.784684941268589 ], [ 110.429782817728196, -7.784665018729901 ], [ 110.429950120575455, -7.784667220134999 ], [ 110.429963151351402, -7.784680776083335 ], [ 110.429953842388713, -7.784774466125579 ] ] ], [ [ [ 110.429725844346137, -7.784767993526915 ], [ 110.429698114063257, -7.78478606884428 ], [ 110.429499317031031, -7.784784476391595 ], [ 110.429481460625155, -7.784755061989212 ], [ 110.429491931476889, -7.784682573405208 ], [ 110.429520483858596, -7.784661566754268 ], [ 110.429722817253023, -7.784664229215202 ], [ 110.42973719589331, -7.784681952785206 ], [ 110.429725844346137, -7.784767993526915 ] ] ], [ [ [ 110.430244038848741, -7.784550285775544 ], [ 110.430241926910128, -7.784659414994878 ], [ 110.430003517534757, -7.784656268257721 ], [ 110.429990870588242, -7.784642050540231 ], [ 110.429997998634946, -7.784563586517043 ], [ 110.430016610238312, -7.784545342688467 ], [ 110.430244038848741, -7.784550285775544 ] ] ], [ [ [ 110.429967317937567, -7.784638841464293 ], [ 110.429950510797809, -7.784655568609905 ], [ 110.429782852702942, -7.784653355609351 ], [ 110.429765830117816, -7.784634800535557 ], [ 110.429775391510574, -7.784557340227757 ], [ 110.429795492351985, -7.784540536646049 ], [ 110.429958384614139, -7.78454407715375 ], [ 110.42997486865896, -7.78456284717512 ], [ 110.429967317937567, -7.784638841464293 ] ] ], [ [ [ 110.429743567493531, -7.784633658272289 ], [ 110.429722840814776, -7.784652563467209 ], [ 110.429521585793239, -7.784649906888602 ], [ 110.429500735959991, -7.784621620887604 ], [ 110.429510562279404, -7.784553594277915 ], [ 110.429539593530123, -7.784534974489059 ], [ 110.429739557593123, -7.784539320874396 ], [ 110.429753666109818, -7.784557114245441 ], [ 110.429743567493531, -7.784633658272289 ] ] ], [ [ [ 110.430245202327129, -7.784490165827422 ], [ 110.430244295030676, -7.784537048197055 ], [ 110.430018390183207, -7.78453193212177 ], [ 110.430002298360307, -7.784516256033424 ], [ 110.430009770753429, -7.784434001447529 ], [ 110.430025732423971, -7.784421142982729 ], [ 110.43024643225634, -7.78442661214592 ], [ 110.430245202327129, -7.784490165827422 ] ] ], [ [ [ 110.429979425164632, -7.784516988173905 ], [ 110.429963978649084, -7.784530699843842 ], [ 110.429795956159566, -7.784526894532922 ], [ 110.429781180302243, -7.784510443110307 ], [ 110.429790660637593, -7.784433639418372 ], [ 110.429810394342041, -7.784415806578606 ], [ 110.4299753702945, -7.78441989494258 ], [ 110.429987792840151, -7.784432771575503 ], [ 110.429979425164632, -7.784516988173905 ] ] ], [ [ [ 110.429760213126798, -7.784507490096212 ], [ 110.429740802421207, -7.784525645417007 ], [ 110.429540831236679, -7.784521116431279 ], [ 110.429518324673069, -7.784499855996531 ], [ 110.429530039725535, -7.784418753816464 ], [ 110.429543500749304, -7.784409192399027 ], [ 110.429758034760738, -7.784414509012297 ], [ 110.429770155405677, -7.784432130994826 ], [ 110.429760213126798, -7.784507490096212 ] ] ] ] } },
{ "type": "Feature", "properties": { "Keterangan": "Pendidikan", "Lantai": 1.0 }, "geometry": { "type": "MultiPolygon", "coordinates": [ [ [ [ 110.435657145327099, -7.781997649811326 ], [ 110.435636806937168, -7.782105164958018 ], [ 110.435624187027983, -7.782103637558643 ], [ 110.435643527738961, -7.781995968390928 ], [ 110.435657145327099, -7.781997649811326 ] ] ], [ [ [ 110.435350871176865, -7.78192617561858 ], [ 110.435341112727968, -7.782045823620654 ], [ 110.434882913667764, -7.781954271192612 ], [ 110.434899870994698, -7.781834632798038 ], [ 110.435350871176865, -7.78192617561858 ] ] ], [ [ [ 110.434573700000144, -7.781802699999941 ], [ 110.434572854717175, -7.781809083344736 ], [ 110.434577505911449, -7.781783285998499 ], [ 110.434655205910246, -7.781796986001337 ], [ 110.434635805906481, -7.781904686000285 ], [ 110.434558105907598, -7.781890885997573 ], [ 110.434562225107442, -7.781868039312321 ], [ 110.434451843620565, -7.781853691631857 ], [ 110.434451470704573, -7.781855471738849 ], [ 110.434389670703155, -7.781842671741524 ], [ 110.434407770699607, -7.78175637174042 ], [ 110.434469570701154, -7.781769071737724 ], [ 110.434465472933994, -7.781788632357961 ], [ 110.434573700000144, -7.781802699999941 ] ] ], [ [ [ 110.435728118513467, -7.781622463152809 ], [ 110.435664462756392, -7.781958967570709 ], [ 110.435554816698328, -7.781940806319286 ], [ 110.435562473509805, -7.781862122261447 ], [ 110.435386246353971, -7.781832587972194 ], [ 110.435375366574576, -7.781893600598719 ], [ 110.43502991768392, -7.781824933962008 ], [ 110.435091520330204, -7.781516290644775 ], [ 110.435728118513467, -7.781622463152809 ] ] ], [ [ [ 110.435018391372481, -7.781472636672699 ], [ 110.434986955861405, -7.781652564933353 ], [ 110.434441682340022, -7.781568412188674 ], [ 110.434482099967042, -7.781373692541308 ], [ 110.435018391372481, -7.781472636672699 ] ] ], [ [ [ 110.435654701844513, -7.781158535758633 ], [ 110.435706467513327, -7.781207426295136 ], [ 110.435748262457651, -7.781175891373178 ], [ 110.435800717520195, -7.781238681894496 ], [ 110.435783366867682, -7.781330402918585 ], [ 110.435778286016557, -7.78133388382181 ], [ 110.435781846256219, -7.781338441350657 ], [ 110.435767433338526, -7.781414632581741 ], [ 110.43570036485265, -7.781464450008005 ], [ 110.435660113309567, -7.781418446648045 ], [ 110.435637079240408, -7.781416980078163 ], [ 110.435559484489886, -7.781303438233718 ], [ 110.435576782600577, -7.781287665993315 ], [ 110.435546624691511, -7.781230188595426 ], [ 110.435654701844513, -7.781158535758633 ] ] ], [ [ [ 110.435605393233814, -7.781425553522077 ], [ 110.435524682766882, -7.781488627158323 ], [ 110.435306253912955, -7.781179611140158 ], [ 110.435401357987786, -7.781119428559618 ], [ 110.435605393233814, -7.781425553522077 ] ] ], [ [ [ 110.435195570070775, -7.781047358084265 ], [ 110.43545994013661, -7.781454078652341 ], [ 110.43537060459407, -7.781507089257484 ], [ 110.435195297204316, -7.781251260050519 ], [ 110.435114602092156, -7.781302846172822 ], [ 110.435045642154023, -7.781192187604441 ], [ 110.435124905190492, -7.781134855860217 ], [ 110.435101926875987, -7.781091747312277 ], [ 110.435195570070775, -7.781047358084265 ] ] ], [ [ [ 110.435125576103772, -7.781350725178539 ], [ 110.434991564110277, -7.781436702652817 ], [ 110.434924001638748, -7.781357636427191 ], [ 110.434837534019366, -7.781419266327206 ], [ 110.434722544492132, -7.78127695589774 ], [ 110.43482486278883, -7.781205295610873 ], [ 110.434760170265321, -7.781133412844829 ], [ 110.434931627179665, -7.781038869716276 ], [ 110.435125576103772, -7.781350725178539 ] ] ], [ [ [ 110.434765092876873, -7.780912807404072 ], [ 110.434821990338179, -7.780925183404543 ], [ 110.43482350573062, -7.78091428760774 ], [ 110.434967640733134, -7.780933851643559 ], [ 110.434968962359761, -7.780926293132837 ], [ 110.435067362346757, -7.780943293150972 ], [ 110.435049562329482, -7.781044993146335 ], [ 110.434951162342387, -7.781028093128212 ], [ 110.434952484000746, -7.781020534440687 ], [ 110.434811405727856, -7.78100128760712 ], [ 110.434811974506999, -7.780997198039782 ], [ 110.434749492878808, -7.780983607404688 ], [ 110.434765092876873, -7.780912807404072 ] ] ], [ [ [ 110.434705899999969, -7.780885799999908 ], [ 110.434689400000096, -7.780988199999964 ], [ 110.434566100835355, -7.780968664112565 ], [ 110.434580824320278, -7.780894791696742 ], [ 110.434581236183888, -7.78089302358183 ], [ 110.43458647466349, -7.780866877893476 ], [ 110.434705899999969, -7.780885799999908 ] ] ], [ [ [ 110.435877902638268, -7.780838812824277 ], [ 110.435876027379564, -7.780849273079423 ], [ 110.435570001432424, -7.780792684333991 ], [ 110.435596074332153, -7.780674972589384 ], [ 110.435896458814327, -7.780735305684344 ], [ 110.435877902638268, -7.780838812824277 ] ] ], [ [ [ 110.435542999032194, -7.780663414533898 ], [ 110.435527004348657, -7.780781139681392 ], [ 110.435437741948149, -7.780779584995142 ], [ 110.435426081837321, -7.780885828447225 ], [ 110.435141082950793, -7.780832319666887 ], [ 110.435167177108909, -7.780698812734609 ], [ 110.435244911906466, -7.780707531793871 ], [ 110.435260860553825, -7.780624268967439 ], [ 110.435542999032194, -7.780663414533898 ] ] ], [ [ [ 110.434956533918381, -7.780669856649357 ], [ 110.434943033920717, -7.780738556649794 ], [ 110.434700133939614, -7.78069155665408 ], [ 110.434713633937193, -7.780622856653707 ], [ 110.434956533918381, -7.780669856649357 ] ] ], [ [ [ 110.435941423258768, -7.780484492099496 ], [ 110.435922396105042, -7.780590626372537 ], [ 110.435836079213985, -7.780574242022732 ], [ 110.435862137949115, -7.780467060404414 ], [ 110.435941423258768, -7.780484492099496 ] ] ], [ [ [ 110.434668858846891, -7.780375239747635 ], [ 110.434824036112332, -7.780405462370953 ], [ 110.434824198810617, -7.780404724674498 ], [ 110.434873398808747, -7.780415324677034 ], [ 110.434873110018245, -7.78041663409254 ], [ 110.434891784535381, -7.780419685783803 ], [ 110.434891447128649, -7.780421710222926 ], [ 110.435013473016895, -7.780438899198066 ], [ 110.435014122789738, -7.780435618831222 ], [ 110.435205958978571, -7.780472981033976 ], [ 110.435206121676217, -7.780472243337416 ], [ 110.435255321694868, -7.78048284329692 ], [ 110.435255032905502, -7.780484152712695 ], [ 110.435273707429573, -7.780487204387502 ], [ 110.435273370024632, -7.780489228827067 ], [ 110.43540292774621, -7.780507478639927 ], [ 110.435402153710456, -7.780512886858321 ], [ 110.435920249359526, -7.780602601010519 ], [ 110.435899499398118, -7.780718345178545 ], [ 110.43538786248341, -7.78061274018454 ], [ 110.435387527796919, -7.780615078651042 ], [ 110.435230998400897, -7.780593128858565 ], [ 110.435230421784709, -7.780595743324284 ], [ 110.435201731302541, -7.780589562068241 ], [ 110.435201422970877, -7.780591118674372 ], [ 110.434991422886981, -7.780550218858494 ], [ 110.434992318567325, -7.78054569703485 ], [ 110.43484907542171, -7.780525610210351 ], [ 110.434848498803291, -7.780528224675345 ], [ 110.434819808333117, -7.780522043394207 ], [ 110.434819500000046, -7.780523599999967 ], [ 110.434803862672055, -7.780520554447961 ], [ 110.434792054849197, -7.780581939490036 ], [ 110.434824437915807, -7.780588196182882 ], [ 110.434815337916291, -7.780634396182949 ], [ 110.434632041273815, -7.780598981621019 ], [ 110.434668858846891, -7.780375239747635 ] ] ], [ [ [ 110.435972008630785, -7.780313885592379 ], [ 110.435950515228569, -7.780433776704955 ], [ 110.435903400000029, -7.780423 ], [ 110.435931100000133, -7.780304499999978 ], [ 110.435972008630785, -7.780313885592379 ] ] ], [ [ [ 110.435858686272979, -7.780326629632777 ], [ 110.435833298800333, -7.780470189091136 ], [ 110.434964869875628, -7.780306294663424 ], [ 110.434996240546141, -7.780174709341568 ], [ 110.435858686272979, -7.780326629632777 ] ] ], [ [ [ 110.434932114764734, -7.780157552322229 ], [ 110.434901218224212, -7.780293446065153 ], [ 110.434688541686938, -7.780255626189563 ], [ 110.434711367376025, -7.780116913275599 ], [ 110.434932114764734, -7.780157552322229 ] ] ], [ [ [ 110.43567246166117, -7.78010279851654 ], [ 110.435655072095926, -7.780187016739329 ], [ 110.43515607063685, -7.780104026063431 ], [ 110.435185019239825, -7.779989190037043 ], [ 110.43567246166117, -7.78010279851654 ] ] ], [ [ [ 110.434755618306056, -7.779896928069146 ], [ 110.435162950565399, -7.779983626342751 ], [ 110.435138330798793, -7.780091288469581 ], [ 110.43472954908512, -7.780011767894413 ], [ 110.434735253284245, -7.779986639830013 ], [ 110.434735103851466, -7.77998661276975 ], [ 110.434747304962542, -7.779928832679339 ], [ 110.434748333969978, -7.779929016948296 ], [ 110.434755618306056, -7.779896928069146 ] ] ], [ [ [ 110.436024679056118, -7.779863944732413 ], [ 110.435949799797157, -7.78023240113282 ], [ 110.435856232342147, -7.780220310651391 ], [ 110.435909397188638, -7.77994037455928 ], [ 110.435635941757212, -7.779868214376326 ], [ 110.435650463979115, -7.779774898102722 ], [ 110.436024679056118, -7.779863944732413 ] ] ], [ [ [ 110.435210019418534, -7.779838005832333 ], [ 110.435202819417327, -7.779878005831996 ], [ 110.43509148120134, -7.779858425657694 ], [ 110.435091403865385, -7.779858979191721 ], [ 110.435021403870891, -7.779849379190847 ], [ 110.435021483574872, -7.779848809253067 ], [ 110.434977597415838, -7.779841889080248 ], [ 110.434906597420323, -7.779830689081551 ], [ 110.434925397416905, -7.77971358908094 ], [ 110.434996297412297, -7.779724789079557 ], [ 110.435046397409209, -7.779732689078752 ], [ 110.435044255927338, -7.779746099113742 ], [ 110.435106003865727, -7.779754479191966 ], [ 110.435097108364261, -7.779818149055127 ], [ 110.435210019418534, -7.779838005832333 ] ] ], [ [ [ 110.436047328294038, -7.779704370968611 ], [ 110.436026049628367, -7.779825918283177 ], [ 110.435483898424934, -7.779711280165284 ], [ 110.435508042641672, -7.779600266867978 ], [ 110.436047328294038, -7.779704370968611 ] ] ], [ [ [ 110.435614737860831, -7.779754268898128 ], [ 110.435590591740109, -7.779866718131632 ], [ 110.435127611805001, -7.779763193663121 ], [ 110.435126442642286, -7.779740306941049 ], [ 110.434791657296998, -7.779683859845224 ], [ 110.434817136314308, -7.779561749820407 ], [ 110.435614737860831, -7.779754268898128 ] ] ], [ [ [ 110.4361005, -7.779565300000022 ], [ 110.436082299999967, -7.779674099999951 ], [ 110.4358316000001, -7.7796329 ], [ 110.435843244677002, -7.779563351854979 ], [ 110.43558791565458, -7.779520160340133 ], [ 110.435603800395583, -7.779456773682051 ], [ 110.436106041045619, -7.77953665670429 ], [ 110.4361005, -7.779565300000022 ] ] ], [ [ [ 110.43531378538087, -7.779422062551321 ], [ 110.435267927807033, -7.779620638795574 ], [ 110.43506641181726, -7.779584472289496 ], [ 110.435109873111116, -7.779383499663597 ], [ 110.43531378538087, -7.779422062551321 ] ] ], [ [ [ 110.436136406346691, -7.779379689440594 ], [ 110.436116313084099, -7.779483557501246 ], [ 110.435615373069595, -7.779410593932645 ], [ 110.435638577005705, -7.779318000606692 ], [ 110.436136406346691, -7.779379689440594 ] ] ], [ [ [ 110.435606680198362, -7.779312364037542 ], [ 110.435564423732615, -7.779509748504396 ], [ 110.435493660380885, -7.779491705232891 ], [ 110.435519054284867, -7.779343359360555 ], [ 110.435144796571066, -7.779286620736264 ], [ 110.435156885680001, -7.779218430055272 ], [ 110.435606680198362, -7.779312364037542 ] ] ], [ [ [ 110.435129042907619, -7.77909224824695 ], [ 110.435119642910379, -7.77916524824737 ], [ 110.435036494513795, -7.779578938029037 ], [ 110.434827791392451, -7.779534146253059 ], [ 110.434898873143013, -7.779135051827345 ], [ 110.434951560526201, -7.779142258306475 ], [ 110.434958573609464, -7.779087794987509 ], [ 110.434925617037578, -7.779084408289834 ], [ 110.434939968783254, -7.779016443219242 ], [ 110.435001070505322, -7.779022722178554 ], [ 110.434995554507978, -7.77907535400202 ], [ 110.435129042907619, -7.77909224824695 ] ] ], [ [ [ 110.436198265436786, -7.779096248751324 ], [ 110.436189166845921, -7.779171288109332 ], [ 110.436176171143572, -7.779168522069319 ], [ 110.436174770588394, -7.77917683485286 ], [ 110.436188162541825, -7.779179570967559 ], [ 110.436184683629904, -7.779208262808075 ], [ 110.436169981200635, -7.779205261537038 ], [ 110.436162586086482, -7.779249154105423 ], [ 110.436109332892613, -7.779236159963013 ], [ 110.436130626196558, -7.77910360384261 ], [ 110.435785206576199, -7.779014595630344 ], [ 110.435809346184342, -7.778906932806252 ], [ 110.436201769784574, -7.779016585132373 ], [ 110.436188692356438, -7.779094204284305 ], [ 110.436198265436786, -7.779096248751324 ] ] ], [ [ [ 110.435052000000113, -7.778785099999938 ], [ 110.435041800000121, -7.778845399999932 ], [ 110.434978299201205, -7.778834923006986 ], [ 110.434990944989707, -7.778775036661601 ], [ 110.435052000000113, -7.778785099999938 ] ] ], [ [ [ 110.435779559784791, -7.778870805441847 ], [ 110.435752536211808, -7.778981814938321 ], [ 110.435173002870556, -7.778829792568096 ], [ 110.435201941111444, -7.778722614817803 ], [ 110.435779559784791, -7.778870805441847 ] ] ], [ [ [ 110.435170500000112, -7.778696499999986 ], [ 110.435144, -7.778824 ], [ 110.435063300000124, -7.778807499999934 ], [ 110.435089799999957, -7.77868 ], [ 110.435170500000112, -7.778696499999986 ] ] ], [ [ [ 110.435081300000206, -7.778675399999972 ], [ 110.435064600000061, -7.778775299999822 ], [ 110.434993360450065, -7.778763597825932 ], [ 110.435014308303209, -7.77866439560023 ], [ 110.435081300000206, -7.778675399999972 ] ] ] ] } },
{ "type": "Feature", "properties": { "Keterangan": "Komersial", "Lantai": 1.0 }, "geometry": { "type": "MultiPolygon", "coordinates": [ [ [ [ 110.438256500742909, -7.784824132002387 ], [ 110.43825170027192, -7.784824660682392 ], [ 110.438269083544014, -7.784616840220628 ], [ 110.438686435896699, -7.784751413149957 ], [ 110.438677838963571, -7.784766038184987 ], [ 110.438671750836477, -7.784789325266513 ], [ 110.438555442591806, -7.784793491340214 ], [ 110.438546898374085, -7.784794085681877 ], [ 110.438529968726783, -7.784795837327015 ], [ 110.438256500742909, -7.784824132002387 ] ] ], [ [ [ 110.438244182191596, -7.784692709029663 ], [ 110.43824444105887, -7.784708544515836 ], [ 110.438119671318688, -7.784701199573435 ], [ 110.438111751422269, -7.784839349950004 ], [ 110.438111558438422, -7.784839368669788 ], [ 110.438073392591363, -7.784843070816475 ], [ 110.43804251359721, -7.784846066127155 ], [ 110.438039989635001, -7.784846310955373 ], [ 110.438019334902492, -7.784848314496712 ], [ 110.43800739869053, -7.784849472327855 ], [ 110.437969802019296, -7.784853119263706 ], [ 110.437985538035406, -7.784690216924989 ], [ 110.437985771107549, -7.784687804116253 ], [ 110.437987414681999, -7.78466890508681 ], [ 110.437990493135743, -7.784633506758078 ], [ 110.437991140079745, -7.784626067719739 ], [ 110.437997928770358, -7.784548006355885 ], [ 110.437999375181278, -7.784531374459969 ], [ 110.438245240186347, -7.784618999234876 ], [ 110.438244182191596, -7.784692709029663 ] ] ], [ [ [ 110.4399041, -7.784576899999981 ], [ 110.439885500000216, -7.784578099999926 ], [ 110.439881399999877, -7.784518599999958 ], [ 110.439900000000151, -7.784517399999857 ], [ 110.439985600000114, -7.784511699999983 ], [ 110.439989600000118, -7.784571199999965 ], [ 110.4399041, -7.784576899999981 ] ] ], [ [ [ 110.439851600000054, -7.784488299999948 ], [ 110.439850300000103, -7.7845408 ], [ 110.439743000000135, -7.78453809999997 ], [ 110.439744300000257, -7.784485699999897 ], [ 110.439851600000054, -7.784488299999948 ] ] ], [ [ [ 110.438343873428778, -7.784539324801283 ], [ 110.438327773428455, -7.784591424801246 ], [ 110.438002731812787, -7.784492777435624 ], [ 110.438007005897759, -7.784443630860873 ], [ 110.43800887342519, -7.784437624800423 ], [ 110.438343873428778, -7.784539324801283 ] ] ], [ [ [ 110.438560699999954, -7.784418699999941 ], [ 110.438665943552863, -7.784447443745922 ], [ 110.438666163280217, -7.78444654421684 ], [ 110.438696663279885, -7.784453844217182 ], [ 110.438663136632371, -7.784591096997585 ], [ 110.438668241014099, -7.784592318702121 ], [ 110.43865864101312, -7.784631218701783 ], [ 110.438628141014064, -7.784623918700796 ], [ 110.438631899226465, -7.784608690114261 ], [ 110.438618525174391, -7.784605037442589 ], [ 110.438605796720111, -7.784653180442036 ], [ 110.438506296722878, -7.784627480442932 ], [ 110.438519388908531, -7.784577961697203 ], [ 110.438516599999957, -7.7845772 ], [ 110.438560699999954, -7.784418699999941 ] ] ], [ [ [ 110.438366960563428, -7.784370449938588 ], [ 110.438355460561581, -7.78443044993803 ], [ 110.438207260566742, -7.784402549932798 ], [ 110.438210109253191, -7.784387687225666 ], [ 110.438078400000279, -7.784359 ], [ 110.43808880000006, -7.784312099999905 ], [ 110.438224700000092, -7.784341699999972 ], [ 110.438224281068869, -7.78434358921904 ], [ 110.438366960563428, -7.784370449938588 ] ] ], [ [ [ 110.439186495685178, -7.784229634531282 ], [ 110.439173876909493, -7.784516086406226 ], [ 110.439161639897463, -7.784515352258577 ], [ 110.439099732093766, -7.784513834458072 ], [ 110.439113727409392, -7.784226587952213 ], [ 110.439186495685178, -7.784229634531282 ] ] ], [ [ [ 110.440229600000066, -7.784565400000028 ], [ 110.440068300000249, -7.784595699999953 ], [ 110.440002300000117, -7.784251599999882 ], [ 110.440163700000156, -7.784221299999961 ], [ 110.440229600000066, -7.784565400000028 ] ] ], [ [ [ 110.438886, -7.784165499999933 ], [ 110.4388863736243, -7.784188991625268 ], [ 110.438902679707112, -7.784186659831107 ], [ 110.438901918767812, -7.78421753137494 ], [ 110.43901782610682, -7.784212658929492 ], [ 110.439018763034355, -7.784229891359964 ], [ 110.439022082393308, -7.784440499198049 ], [ 110.439004898968022, -7.784438844866756 ], [ 110.439002700000032, -7.784471299999951 ], [ 110.438938300000018, -7.784467099999959 ], [ 110.438940633605085, -7.784432657723772 ], [ 110.438807038487681, -7.784433016956832 ], [ 110.438793236968507, -7.784202310293381 ], [ 110.438807432490137, -7.784200280315885 ], [ 110.4388069, -7.784166799999975 ], [ 110.438886, -7.784165499999933 ] ] ], [ [ [ 110.440478299999896, -7.784135499999967 ], [ 110.440476900000093, -7.784290699999918 ], [ 110.44039700000026, -7.784289999999868 ], [ 110.4403985, -7.7841348 ], [ 110.440478299999896, -7.784135499999967 ] ] ], [ [ [ 110.438589300000018, -7.784052 ], [ 110.43858935338578, -7.784074101632767 ], [ 110.438612219729293, -7.784072429966262 ], [ 110.438608254900927, -7.784166717620301 ], [ 110.438668077963385, -7.78415698459173 ], [ 110.43866751960897, -7.784190188217128 ], [ 110.438707567156357, -7.784191441151058 ], [ 110.438707272909127, -7.784200445119699 ], [ 110.438712600000017, -7.78420059999993 ], [ 110.438710542826641, -7.784269795833509 ], [ 110.438710721414722, -7.784269801594438 ], [ 110.438708921414658, -7.784322201594385 ], [ 110.43867970945486, -7.784321161686321 ], [ 110.438679673687588, -7.784322998825224 ], [ 110.438665290926451, -7.784322720977886 ], [ 110.43866495102688, -7.784342933714651 ], [ 110.43858936075803, -7.784344987564006 ], [ 110.438587856984398, -7.78439308931201 ], [ 110.438537468243823, -7.784390868711951 ], [ 110.438533112653289, -7.784418145663106 ], [ 110.438432183419138, -7.784411663523955 ], [ 110.438433366913074, -7.784404755163992 ], [ 110.43840745075147, -7.784405079832227 ], [ 110.438408574203635, -7.784390681382277 ], [ 110.438407735171936, -7.784390613513799 ], [ 110.438411610541536, -7.784343647723112 ], [ 110.438407399999988, -7.784343299999895 ], [ 110.438412200000016, -7.784285899999978 ], [ 110.438416720733017, -7.784286273339966 ], [ 110.438432380203182, -7.784085577278026 ], [ 110.4384323, -7.784052399999918 ], [ 110.438589300000018, -7.784052 ] ] ], [ [ [ 110.438422344475455, -7.784047408776297 ], [ 110.438388592507607, -7.784364035058138 ], [ 110.438362289033705, -7.784360889040806 ], [ 110.438246170379387, -7.784344222037589 ], [ 110.43824702027743, -7.784336684518097 ], [ 110.438019930270002, -7.784295016921356 ], [ 110.438022030386023, -7.784270868228148 ], [ 110.438025977749135, -7.78422547853907 ], [ 110.438028103504962, -7.784201035032542 ], [ 110.438031186156906, -7.784165588430074 ], [ 110.4380336173205, -7.784137633120497 ], [ 110.438043952459921, -7.784018792076472 ], [ 110.438045274201826, -7.784003593714809 ], [ 110.438422344475455, -7.784047408776297 ] ] ], [ [ [ 110.43918468469019, -7.783987452528883 ], [ 110.439169784686655, -7.784056552527825 ], [ 110.439103137400039, -7.784042409619125 ], [ 110.439101793102736, -7.784049032369548 ], [ 110.439138066818941, -7.784055993992315 ], [ 110.439136447152748, -7.78406432136676 ], [ 110.439160155424986, -7.784068153007896 ], [ 110.439153955423038, -7.784105853007451 ], [ 110.439134819326611, -7.784102706467189 ], [ 110.439122988256571, -7.784194280737318 ], [ 110.439055688262869, -7.784185680729935 ], [ 110.439059326841729, -7.784157517585676 ], [ 110.438961162595206, -7.784143984082553 ], [ 110.438971762593184, -7.784068684082289 ], [ 110.438977996177002, -7.784069543481671 ], [ 110.438985859678994, -7.784028622732001 ], [ 110.438983982110742, -7.784028249779172 ], [ 110.439001682113002, -7.783941049779772 ], [ 110.439118982116511, -7.783964349781968 ], [ 110.439117199524475, -7.783973131817772 ], [ 110.43918468469019, -7.783987452528883 ] ] ], [ [ [ 110.43863126899015, -7.783912815379818 ], [ 110.438630375245282, -7.784043484057094 ], [ 110.438600126357017, -7.784041732204542 ], [ 110.438600100000102, -7.784043499999965 ], [ 110.43853363282733, -7.784042424795882 ], [ 110.438533617601436, -7.784043866180762 ], [ 110.438446817601104, -7.784040866182114 ], [ 110.438447075917281, -7.784032868314997 ], [ 110.438427384516359, -7.784031727886918 ], [ 110.438398347551086, -7.784029819206265 ], [ 110.438398300000031, -7.784030299999964 ], [ 110.438278100000019, -7.784018499999973 ], [ 110.4382863, -7.783936599999945 ], [ 110.438386297933917, -7.783946424945059 ], [ 110.43838721940277, -7.783920389940067 ], [ 110.438449134754308, -7.783916164118376 ], [ 110.438443555898587, -7.783947907554099 ], [ 110.438503804492257, -7.783947109042239 ], [ 110.438508897155941, -7.783906909673775 ], [ 110.43863126899015, -7.783912815379818 ] ] ], [ [ [ 110.4389475, -7.783936 ], [ 110.438946199999961, -7.784108699999978 ], [ 110.438927789073333, -7.784108551225466 ], [ 110.43892479548704, -7.78415701314741 ], [ 110.438811538228435, -7.784153991445676 ], [ 110.438809767531595, -7.784041986362845 ], [ 110.438779051398171, -7.784042903009782 ], [ 110.438777185202838, -7.78400269442878 ], [ 110.43875318922079, -7.784002662677466 ], [ 110.438742836018577, -7.783848525549671 ], [ 110.438828269323395, -7.783842894857813 ], [ 110.43886563046992, -7.783897509724145 ], [ 110.438917456687051, -7.783901407437491 ], [ 110.438919177786644, -7.783935770671 ], [ 110.4389475, -7.783936 ] ] ], [ [ [ 110.438064852708251, -7.783820218035088 ], [ 110.438191680525478, -7.783833602176173 ], [ 110.438191711795, -7.783833321727149 ], [ 110.438410811798249, -7.78385712172763 ], [ 110.438407611798141, -7.783885821727604 ], [ 110.438339024877109, -7.783878371403429 ], [ 110.438336372034939, -7.78390328916941 ], [ 110.438327516048219, -7.783902386648927 ], [ 110.43832443053644, -7.783927912245359 ], [ 110.438284130537909, -7.783923112245196 ], [ 110.438284268299029, -7.783921941275293 ], [ 110.43827410709487, -7.783920844385191 ], [ 110.438273476224424, -7.783926142168754 ], [ 110.438280100000057, -7.783927099999856 ], [ 110.438265200000046, -7.784019499999889 ], [ 110.438262406353729, -7.784019102250104 ], [ 110.438261919297986, -7.784023192337572 ], [ 110.438046434674931, -7.783991783734479 ], [ 110.438051289550344, -7.78394656011596 ], [ 110.438064241662303, -7.783825909984707 ], [ 110.438064852708251, -7.783820218035088 ] ] ], [ [ [ 110.443733449849645, -7.783790411419097 ], [ 110.443729756951896, -7.783843825882228 ], [ 110.443671117560442, -7.783839730708159 ], [ 110.443675017561645, -7.783786330708254 ], [ 110.443733449849645, -7.783790411419097 ] ] ], [ [ [ 110.438990064241594, -7.783753091249344 ], [ 110.438987230772284, -7.78380340679876 ], [ 110.439028492310854, -7.783802573882558 ], [ 110.439029992303688, -7.783873973882106 ], [ 110.438970710024179, -7.783875170568479 ], [ 110.438970688713198, -7.783878337362468 ], [ 110.438939788713711, -7.783878137362363 ], [ 110.438939802205837, -7.783876132443641 ], [ 110.438897016034389, -7.783875434302193 ], [ 110.438898316032407, -7.783796334301939 ], [ 110.438927727371563, -7.783796881489402 ], [ 110.438930464240073, -7.783749791249596 ], [ 110.438990064241594, -7.783753091249344 ] ] ], [ [ [ 110.4435049, -7.783747599999851 ], [ 110.44349810000017, -7.783876899999869 ], [ 110.443427300000167, -7.783873199999963 ], [ 110.443434100000175, -7.783743899999979 ], [ 110.4435049, -7.783747599999851 ] ] ], [ [ [ 110.440573200000074, -7.7837389 ], [ 110.440570900000068, -7.783897999999846 ], [ 110.440497500000063, -7.783896999999855 ], [ 110.440494299999955, -7.784125699999929 ], [ 110.44034360000029, -7.784123599999982 ], [ 110.440346500000146, -7.783918299999915 ], [ 110.440359800000024, -7.783918499999859 ], [ 110.440360600000247, -7.783859199999938 ], [ 110.440319400000035, -7.783858599999976 ], [ 110.44032110000019, -7.783735500000023 ], [ 110.440573200000074, -7.7837389 ] ] ], [ [ [ 110.443426700000089, -7.783714200000023 ], [ 110.443419900000265, -7.783860299999959 ], [ 110.443377700000198, -7.783858399999833 ], [ 110.44338450000015, -7.78371229999992 ], [ 110.443426700000089, -7.783714200000023 ] ] ], [ [ [ 110.443735303187395, -7.783763604544991 ], [ 110.443734200273184, -7.783779557214076 ], [ 110.443664300053157, -7.78377576804047 ], [ 110.443667900056155, -7.783710368040836 ], [ 110.443738100056066, -7.783714168044163 ], [ 110.443735303187395, -7.783763604544991 ] ] ], [ [ [ 110.441125300000124, -7.783685699999954 ], [ 110.441110900000183, -7.783778599999989 ], [ 110.441054600000143, -7.78377 ], [ 110.441069100000277, -7.783677199999882 ], [ 110.441125300000124, -7.783685699999954 ] ] ], [ [ [ 110.441058500000111, -7.783684799999976 ], [ 110.44104500000023, -7.783769099999852 ], [ 110.440990200000101, -7.783760499999821 ], [ 110.441003700000024, -7.783676199999888 ], [ 110.441058500000111, -7.783684799999976 ] ] ], [ [ [ 110.440962614285411, -7.783699950481024 ], [ 110.440982532703288, -7.783702274296536 ], [ 110.440972032702234, -7.783791774296158 ], [ 110.440935932703184, -7.783787574295611 ], [ 110.44094604197268, -7.783702217738695 ], [ 110.440933340338418, -7.783700895332519 ], [ 110.440919709978644, -7.783815469385776 ], [ 110.440875009979393, -7.783810169386398 ], [ 110.440888575962958, -7.783696234772805 ], [ 110.440884400000243, -7.783695799999884 ], [ 110.440887400000136, -7.783667199999862 ], [ 110.4409652, -7.783675300000035 ], [ 110.440962614285411, -7.783699950481024 ] ] ], [ [ [ 110.442865000000168, -7.783670399999949 ], [ 110.442861500000262, -7.783859199999925 ], [ 110.442783600000155, -7.783857799999898 ], [ 110.442787100000103, -7.783669 ], [ 110.442865000000168, -7.783670399999949 ] ] ], [ [ [ 110.441846600000119, -7.783667799999987 ], [ 110.441837200000307, -7.7838761 ], [ 110.441699200000201, -7.78387 ], [ 110.441708500000075, -7.783661799999945 ], [ 110.441846600000119, -7.783667799999987 ] ] ], [ [ [ 110.443619600000275, -7.783683 ], [ 110.443546, -7.783802 ], [ 110.44350630000018, -7.783777899999791 ], [ 110.44357980000018, -7.783658899999872 ], [ 110.443619600000275, -7.783683 ] ] ], [ [ [ 110.442575604746651, -7.783655426562341 ], [ 110.442574004746689, -7.783728226562236 ], [ 110.442572695192439, -7.783728198313081 ], [ 110.442573209975308, -7.783784824405524 ], [ 110.442514109976287, -7.783785324405887 ], [ 110.442513579055003, -7.783726923081081 ], [ 110.442509104744829, -7.783726826562495 ], [ 110.442510804744643, -7.783653926562375 ], [ 110.442575604746651, -7.783655426562341 ] ] ], [ [ [ 110.441688300000138, -7.783653699999887 ], [ 110.441680299999859, -7.783783799999926 ], [ 110.441540400000022, -7.7837753 ], [ 110.441546600000166, -7.783675199999873 ], [ 110.441607800000227, -7.783678899999908 ], [ 110.441609700000257, -7.78364889999995 ], [ 110.441688300000138, -7.783653699999887 ] ] ], [ [ [ 110.442678700000229, -7.783645399999841 ], [ 110.442617600000105, -7.783771599999923 ], [ 110.442580000000191, -7.783753699999897 ], [ 110.442641, -7.783627499999812 ], [ 110.442678700000229, -7.783645399999841 ] ] ], [ [ [ 110.442179230265822, -7.783618081548053 ], [ 110.44218013026574, -7.783685581548128 ], [ 110.442176288325626, -7.783685634483327 ], [ 110.44217560854338, -7.783789738310992 ], [ 110.442037608545434, -7.783788738311075 ], [ 110.442038408545343, -7.783681638311128 ], [ 110.442042144059272, -7.78368166269127 ], [ 110.442041230264522, -7.783619981548162 ], [ 110.442179230265822, -7.783618081548053 ] ] ], [ [ [ 110.443381400000263, -7.783626 ], [ 110.443374800000086, -7.783727100000019 ], [ 110.443351797543627, -7.783725636782716 ], [ 110.44334549072299, -7.783812448298301 ], [ 110.443286983461007, -7.783808282145722 ], [ 110.443285713007882, -7.783823439964774 ], [ 110.44320411300987, -7.783816639966269 ], [ 110.443212813007563, -7.783712939966001 ], [ 110.443228831411204, -7.783714255203495 ], [ 110.443235200000231, -7.783616699999929 ], [ 110.443381400000263, -7.783626 ] ] ], [ [ [ 110.441942692978301, -7.783615383951419 ], [ 110.441936392978121, -7.783713583951289 ], [ 110.441934473511424, -7.783713459432871 ], [ 110.441929500000185, -7.783802299999937 ], [ 110.441924999999856, -7.783883599999896 ], [ 110.441846700000113, -7.783879300000016 ], [ 110.441851200000158, -7.783798 ], [ 110.441856216988526, -7.78370838281603 ], [ 110.441854692977245, -7.783708283951105 ], [ 110.441861192977839, -7.783610083951266 ], [ 110.441942692978301, -7.783615383951419 ] ] ], [ [ [ 110.442286303837022, -7.783610949183694 ], [ 110.442284503836348, -7.783735249183372 ], [ 110.442272418940945, -7.783735070414028 ], [ 110.442272100000139, -7.783792399999907 ], [ 110.442183600000092, -7.783791999999895 ], [ 110.442183923548413, -7.783733761309287 ], [ 110.442183103831852, -7.783733749183173 ], [ 110.44218490383237, -7.783609549183188 ], [ 110.442286303837022, -7.783610949183694 ] ] ], [ [ [ 110.442411723151579, -7.783608999999834 ], [ 110.442411723151395, -7.783648926460701 ], [ 110.442416600000172, -7.78364899999986 ], [ 110.44241490000023, -7.783754399999971 ], [ 110.442289000000216, -7.7837525 ], [ 110.442290600000277, -7.7836471 ], [ 110.442360823147567, -7.783648158924903 ], [ 110.442360823147567, -7.783608999999643 ], [ 110.442411723151579, -7.783608999999834 ] ] ], [ [ [ 110.441831900000139, -7.783614499999936 ], [ 110.441829200000086, -7.783655399999913 ], [ 110.44171530000024, -7.783648299999979 ], [ 110.441718000000108, -7.783607299999963 ], [ 110.441831900000139, -7.783614499999936 ] ] ], [ [ [ 110.442038660614642, -7.78360663776213 ], [ 110.442032098101265, -7.783713375105889 ], [ 110.442029582421867, -7.783713222553451 ], [ 110.442020300000081, -7.7838951 ], [ 110.441934399999951, -7.783890799999988 ], [ 110.441944000000234, -7.783702699999914 ], [ 110.441945020911362, -7.783702751105003 ], [ 110.441950849322325, -7.783606625825023 ], [ 110.442038660614642, -7.78360663776213 ] ] ], [ [ [ 110.44272800000023, -7.7836077 ], [ 110.442724600000076, -7.783745300000019 ], [ 110.442677499999945, -7.783744199999904 ], [ 110.442680900000198, -7.7836066 ], [ 110.44272800000023, -7.7836077 ] ] ], [ [ [ 110.441534800000056, -7.783616699999901 ], [ 110.441520700000112, -7.783745399999892 ], [ 110.441401500000055, -7.783732599999937 ], [ 110.441415600000141, -7.783603899999954 ], [ 110.441534800000056, -7.783616699999901 ] ] ], [ [ [ 110.442781400000186, -7.783764199999859 ], [ 110.442736200000184, -7.7837642 ], [ 110.442736200000184, -7.783604199999952 ], [ 110.4427814000002, -7.78360419999995 ], [ 110.442781400000186, -7.783764199999859 ] ] ], [ [ [ 110.442507396450537, -7.783604284674542 ], [ 110.442506796449948, -7.783651984674379 ], [ 110.442500996141803, -7.783651917619325 ], [ 110.442499, -7.783759799999857 ], [ 110.442419200000245, -7.783758300000031 ], [ 110.442421187130648, -7.783650994970569 ], [ 110.442420296446357, -7.783650984673547 ], [ 110.442420885802846, -7.783604229090832 ], [ 110.442428887637959, -7.783603467819092 ], [ 110.442507396450537, -7.783604284674542 ] ] ], [ [ [ 110.43846177634633, -7.783596634237052 ], [ 110.438445595001468, -7.783855272703476 ], [ 110.438065356730505, -7.783815523022182 ], [ 110.438075623672319, -7.783719885497576 ], [ 110.438081434920775, -7.78367329944605 ], [ 110.438090996967404, -7.783596644976972 ], [ 110.43812999527394, -7.783596632504978 ], [ 110.438135126058768, -7.783596632533851 ], [ 110.43846177634633, -7.783596634237052 ] ] ], [ [ [ 110.438734845571403, -7.783596624712231 ], [ 110.438732859997586, -7.783650314565305 ], [ 110.438716545290475, -7.783648378400478 ], [ 110.438716948163233, -7.783706294880514 ], [ 110.43873950309694, -7.783707282014352 ], [ 110.438737500008273, -7.783769981752752 ], [ 110.438722140041264, -7.783771876004604 ], [ 110.438715309100132, -7.783856108342331 ], [ 110.438460949238575, -7.783857686251796 ], [ 110.438472813852414, -7.783596634290229 ], [ 110.438585765558514, -7.78359663481774 ], [ 110.43861002085481, -7.783596634940614 ], [ 110.438654465740811, -7.783596631290044 ], [ 110.438734845571403, -7.783596624712231 ] ] ], [ [ [ 110.438990638261359, -7.783645169438389 ], [ 110.438990221991176, -7.783683822992866 ], [ 110.438970185147866, -7.783683595301215 ], [ 110.438967179621329, -7.783741566954726 ], [ 110.438756253156271, -7.783742723848039 ], [ 110.438754886357685, -7.783706894089502 ], [ 110.438747776996365, -7.783707195014526 ], [ 110.438745676996064, -7.78365789501452 ], [ 110.43875300535565, -7.783657584819761 ], [ 110.438750679859595, -7.783596623414664 ], [ 110.438990007430505, -7.783596603730303 ], [ 110.439059977866705, -7.783596597983246 ], [ 110.439060707429817, -7.783596598215065 ], [ 110.439060707426563, -7.783645169442914 ], [ 110.438990638261359, -7.783645169438389 ] ] ], [ [ [ 110.443223500000173, -7.783607499999906 ], [ 110.443211500000075, -7.783714499999959 ], [ 110.443156100000067, -7.783708399999939 ], [ 110.443168100000221, -7.7836014 ], [ 110.443223500000173, -7.783607499999906 ] ] ], [ [ [ 110.442934577094533, -7.783601783868041 ], [ 110.442934503702546, -7.783606730479787 ], [ 110.442958720445972, -7.783606329541024 ], [ 110.442959390492945, -7.783643469362563 ], [ 110.442968452206628, -7.783643685117741 ], [ 110.442965052202396, -7.78378368511732 ], [ 110.442941757233115, -7.783783128264876 ], [ 110.442941504162832, -7.783795498902926 ], [ 110.442899427677048, -7.783794717900423 ], [ 110.442899400000172, -7.78379619999986 ], [ 110.442865899999902, -7.78379559999991 ], [ 110.442867900000252, -7.783688499999907 ], [ 110.442872827944313, -7.783688588261779 ], [ 110.442874189629165, -7.783600078747833 ], [ 110.442905289629778, -7.783600578747956 ], [ 110.442905277024906, -7.783601342601703 ], [ 110.442934577094533, -7.783601783868041 ] ] ], [ [ [ 110.441690256924176, -7.783600200747088 ], [ 110.441687700000116, -7.783650699999891 ], [ 110.441546200000118, -7.783643499999902 ], [ 110.441548589702805, -7.783596388716725 ], [ 110.441556683364539, -7.783596596408651 ], [ 110.441690256924176, -7.783600200747088 ] ] ], [ [ [ 110.43924520552946, -7.783722070218072 ], [ 110.439230309472478, -7.783832301062379 ], [ 110.439202976567501, -7.783831455433825 ], [ 110.439201987090271, -7.783849827633402 ], [ 110.439148187086673, -7.783846927636365 ], [ 110.43914913503734, -7.783829789673261 ], [ 110.439119798153456, -7.783828882039707 ], [ 110.439118949030799, -7.783745596822688 ], [ 110.439071958054555, -7.783740859411433 ], [ 110.439072459997163, -7.783763542513638 ], [ 110.439010259998511, -7.783764942509052 ], [ 110.439008160005557, -7.783669942509451 ], [ 110.439007726110319, -7.783656421912691 ], [ 110.439101310320922, -7.783655927375306 ], [ 110.439105702929851, -7.78359661251474 ], [ 110.439149992692663, -7.783596626585451 ], [ 110.439155329128823, -7.783596516388336 ], [ 110.439262776810523, -7.783592042706396 ], [ 110.43924520552946, -7.783722070218072 ] ] ], [ [ [ 110.443058290962782, -7.783597897263856 ], [ 110.443056136548535, -7.783656653989374 ], [ 110.443073267800699, -7.783657232606914 ], [ 110.443067867799883, -7.783813432606944 ], [ 110.44298486779816, -7.783810632606609 ], [ 110.442990367798672, -7.783654432606683 ], [ 110.442991630136603, -7.783654475243057 ], [ 110.442993890959954, -7.783595497263295 ], [ 110.443058290962782, -7.783597897263856 ] ] ], [ [ [ 110.44261794782517, -7.783643295490871 ], [ 110.442517047823074, -7.783643295491 ], [ 110.442517047822903, -7.783595080511701 ], [ 110.442530554859957, -7.783593795490893 ], [ 110.44261794782517, -7.7835937954909 ], [ 110.44261794782517, -7.783643295490871 ] ] ], [ [ [ 110.442863500000058, -7.7836433 ], [ 110.442800600000183, -7.7836433 ], [ 110.442800600000183, -7.783592800000017 ], [ 110.442863500000072, -7.783592800000011 ], [ 110.442863500000058, -7.7836433 ] ] ], [ [ [ 110.440716200000182, -7.783594499999987 ], [ 110.440707700000075, -7.7837955 ], [ 110.440656200000035, -7.7837925 ], [ 110.440658800000051, -7.783747999999869 ], [ 110.440618900000132, -7.783745699999915 ], [ 110.440620345776793, -7.783720639884572 ], [ 110.440566097704618, -7.783717346581962 ], [ 110.440574093731939, -7.783586645936083 ], [ 110.440602225512208, -7.783586645234325 ], [ 110.440633597696319, -7.783588546576539 ], [ 110.440633507382472, -7.783590004818501 ], [ 110.440716200000182, -7.783594499999987 ] ] ], [ [ [ 110.443532446037466, -7.783597667595299 ], [ 110.443527046036991, -7.783719967595294 ], [ 110.443446346034932, -7.783716467594836 ], [ 110.443446901322858, -7.783703664547488 ], [ 110.443399232701438, -7.78370175084519 ], [ 110.443403832697598, -7.783590050844584 ], [ 110.44345873269782, -7.783592350842754 ], [ 110.443458639580896, -7.783594561878375 ], [ 110.443532446037466, -7.783597667595299 ] ] ], [ [ [ 110.440890900000056, -7.783588399999978 ], [ 110.440879600000201, -7.7837142 ], [ 110.440875960003439, -7.78371387602157 ], [ 110.440868936170546, -7.783779757798921 ], [ 110.440826636171849, -7.783775357799184 ], [ 110.440826821181929, -7.783773600203801 ], [ 110.440791591406736, -7.783769958884024 ], [ 110.44079823741987, -7.78370695830557 ], [ 110.440784100000144, -7.783705699999929 ], [ 110.44079480304822, -7.783586640430254 ], [ 110.44087087379485, -7.783586638532655 ], [ 110.440890900000056, -7.783588399999978 ] ] ], [ [ [ 110.441357728980904, -7.783591491030555 ], [ 110.441331271195978, -7.783813447745451 ], [ 110.44124767119682, -7.783803647743184 ], [ 110.441249327951596, -7.783790310871041 ], [ 110.441197626234327, -7.783783077562059 ], [ 110.441197856812963, -7.783781463513095 ], [ 110.441166066244364, -7.783776244168222 ], [ 110.441173884181794, -7.783729662266589 ], [ 110.441169271356969, -7.783728983540025 ], [ 110.441175165730328, -7.783689558878671 ], [ 110.441153178620439, -7.783687899473636 ], [ 110.441156978620029, -7.783638199473621 ], [ 110.441209978619952, -7.783642199472872 ], [ 110.441209930955836, -7.783642822870942 ], [ 110.441231964117833, -7.783643443524216 ], [ 110.441234589600924, -7.783621407750844 ], [ 110.44117698473076, -7.783618619518452 ], [ 110.441178561758136, -7.783586893411703 ], [ 110.441357728980904, -7.783591491030555 ] ] ], [ [ [ 110.441123501397442, -7.783589296952974 ], [ 110.441118301396628, -7.78366889695291 ], [ 110.441005901397091, -7.78366179695206 ], [ 110.441005940263267, -7.783661189567788 ], [ 110.440899712369728, -7.783652537522117 ], [ 110.440905211296922, -7.783586637676135 ], [ 110.441081881338405, -7.783586633268946 ], [ 110.441123501397442, -7.783589296952974 ] ] ], [ [ [ 110.437749906628724, -7.783349232677272 ], [ 110.437693087487503, -7.78335046273116 ], [ 110.437699799999862, -7.78329989999991 ], [ 110.437755500000151, -7.7833071 ], [ 110.437749906628724, -7.783349232677272 ] ] ], [ [ [ 110.437809749850643, -7.783347937156114 ], [ 110.43776969877247, -7.783348804205323 ], [ 110.437777000000153, -7.7832988 ], [ 110.437816100000035, -7.783304499999865 ], [ 110.437809749850643, -7.783347937156114 ] ] ], [ [ [ 110.439609977896907, -7.783333387214618 ], [ 110.439603499999976, -7.783333386648218 ], [ 110.439603499999976, -7.783315276081688 ], [ 110.439603499999976, -7.783298399999962 ], [ 110.439675400000084, -7.783298399999981 ], [ 110.439675400000056, -7.78333338908805 ], [ 110.439612298365731, -7.783333387281665 ], [ 110.439609977896907, -7.783333387214618 ] ] ], [ [ [ 110.441949294369579, -7.783353359395048 ], [ 110.441931704310733, -7.783353357007623 ], [ 110.441854688740989, -7.7833512788441 ], [ 110.441854500000048, -7.783288899999978 ], [ 110.441949000000264, -7.783288499999801 ], [ 110.441949294369579, -7.783353359395048 ] ] ], [ [ [ 110.440748773276724, -7.783333375585239 ], [ 110.44068835304752, -7.7833333771178 ], [ 110.440690581290283, -7.783264146053575 ], [ 110.440750300000147, -7.783265499999907 ], [ 110.440748773276724, -7.783333375585239 ] ] ], [ [ [ 110.439998402267463, -7.783333386785211 ], [ 110.439894360159442, -7.783333390541125 ], [ 110.439892900000117, -7.783260699999955 ], [ 110.439996900000168, -7.7832585999999 ], [ 110.439998402267463, -7.783333386785211 ] ] ], [ [ [ 110.441078700000162, -7.783333367217373 ], [ 110.441031100000188, -7.783333368424503 ], [ 110.44103110000016, -7.783259799999974 ], [ 110.441078700000162, -7.783259799999986 ], [ 110.441078700000162, -7.783333367217373 ] ] ], [ [ [ 110.441126397823453, -7.78333336600756 ], [ 110.44108247600299, -7.783333367121541 ], [ 110.441082000000279, -7.783258 ], [ 110.441126000000182, -7.783257699999976 ], [ 110.441126397823453, -7.78333336600756 ] ] ], [ [ [ 110.441027720368467, -7.783333368510402 ], [ 110.440970139656883, -7.783333369970808 ], [ 110.440969900000212, -7.783256600000013 ], [ 110.4410274, -7.783256399999963 ], [ 110.441027720368467, -7.783333368510402 ] ] ], [ [ [ 110.44096797862943, -7.78333337002562 ], [ 110.440900696720121, -7.783333371732033 ], [ 110.440901100000218, -7.783255699999924 ], [ 110.44096830000008, -7.783256 ], [ 110.44096797862943, -7.78333337002562 ] ] ], [ [ [ 110.440897261179373, -7.783333371819205 ], [ 110.440826447780864, -7.78333337361528 ], [ 110.440827500000182, -7.783254699999935 ], [ 110.440898300000129, -7.783255699999919 ], [ 110.440897261179373, -7.783333371819205 ] ] ], [ [ [ 110.440824056406854, -7.783333373675936 ], [ 110.440756238080652, -7.78333337539602 ], [ 110.440757600000239, -7.783251500000013 ], [ 110.440825400000165, -7.783252600000029 ], [ 110.440824056406854, -7.783333373675936 ] ] ], [ [ [ 110.442489129251456, -7.783343320656229 ], [ 110.442420375158193, -7.783349861722926 ], [ 110.442422086762889, -7.78325127329532 ], [ 110.442490786762008, -7.783252473295253 ], [ 110.442489129251456, -7.783343320656229 ] ] ], [ [ [ 110.44228070000014, -7.783240999999848 ], [ 110.442277400000194, -7.783340199999878 ], [ 110.442227800000012, -7.783338500000136 ], [ 110.442231200000165, -7.783239400000012 ], [ 110.44228070000014, -7.783240999999848 ] ] ], [ [ [ 110.442221826164868, -7.783316755397203 ], [ 110.442221526165042, -7.783345255397142 ], [ 110.442181472500536, -7.783344880187395 ], [ 110.442181521970284, -7.783347155791824 ], [ 110.442143121971867, -7.783347955792524 ], [ 110.442142573262686, -7.78332271518809 ], [ 110.442134900000156, -7.783322599999808 ], [ 110.442136200000121, -7.783238400000022 ], [ 110.442222700000116, -7.783239700000028 ], [ 110.442221601853305, -7.783316753295934 ], [ 110.442221826164868, -7.783316755397203 ] ] ], [ [ [ 110.44051594696343, -7.783333381357624 ], [ 110.440447930322804, -7.783333382987786 ], [ 110.4404498, -7.783234799999952 ], [ 110.440519077792203, -7.783236108362356 ], [ 110.44051594696343, -7.783333381357624 ] ] ], [ [ [ 110.440020011830654, -7.783333386005047 ], [ 110.439999584814132, -7.783333386742475 ], [ 110.439998000000131, -7.78323459999984 ], [ 110.440066800000139, -7.783234 ], [ 110.440068478067204, -7.783333387349709 ], [ 110.440020011830654, -7.783333386005047 ] ] ], [ [ [ 110.44022910000001, -7.7833308 ], [ 110.440229113375835, -7.78333338823274 ], [ 110.440185512347796, -7.783333389277862 ], [ 110.440185499999984, -7.783331 ], [ 110.440166800000071, -7.783331 ], [ 110.440166300000158, -7.783234 ], [ 110.440258800000166, -7.783233599999952 ], [ 110.440259300000207, -7.783330599999889 ], [ 110.44022910000001, -7.7833308 ] ] ], [ [ [ 110.440160008829395, -7.783333389889093 ], [ 110.440069541697085, -7.783333387379109 ], [ 110.44006880000029, -7.783234 ], [ 110.440162000000171, -7.783233399999863 ], [ 110.440162746192996, -7.783333389823556 ], [ 110.440160008829395, -7.783333389889093 ] ] ], [ [ [ 110.440443100600191, -7.783333383103585 ], [ 110.440364986617553, -7.783333384976061 ], [ 110.440366300000022, -7.783232099999898 ], [ 110.440444400000288, -7.783233099999893 ], [ 110.440443100600191, -7.783333383103585 ] ] ], [ [ [ 110.440361135607716, -7.783333385068255 ], [ 110.440261623942362, -7.783333387453515 ], [ 110.440262700000133, -7.78323169999988 ], [ 110.440362199999868, -7.783232799999891 ], [ 110.440361135607716, -7.783333385068255 ] ] ], [ [ [ 110.439819964283473, -7.783333393226705 ], [ 110.439773929638719, -7.783333391908919 ], [ 110.439771500000177, -7.783231 ], [ 110.439886300000055, -7.783228399999866 ], [ 110.439888857284572, -7.783333390739796 ], [ 110.439819964283473, -7.783333393226705 ] ] ], [ [ [ 110.442408601517968, -7.783321167379594 ], [ 110.442407601517857, -7.78334436737958 ], [ 110.442348901521044, -7.78334186737963 ], [ 110.442349584131762, -7.783326030810258 ], [ 110.442338999822198, -7.783325719070554 ], [ 110.442338390973376, -7.783340128488743 ], [ 110.442308490974838, -7.78333892848854 ], [ 110.442309084260046, -7.783324837965788 ], [ 110.442304400000154, -7.783324699999905 ], [ 110.44230720000003, -7.783229299999938 ], [ 110.442378600000268, -7.78323139999986 ], [ 110.442378464030227, -7.783235872945041 ], [ 110.442409285130566, -7.783237017728986 ], [ 110.442406165899115, -7.78332106364819 ], [ 110.442408601517968, -7.783321167379594 ] ] ], [ [ [ 110.439767111035465, -7.78333339171359 ], [ 110.439686074961756, -7.78333338939376 ], [ 110.439685000000168, -7.783223599999928 ], [ 110.439766100000099, -7.783222899999947 ], [ 110.439767111035465, -7.78333339171359 ] ] ], [ [ [ 110.442531103214208, -7.78333932737427 ], [ 110.44249221062968, -7.783343027502839 ], [ 110.44249228228712, -7.783341471510252 ], [ 110.442490090442902, -7.783341368453136 ], [ 110.442494693857796, -7.78324689223925 ], [ 110.442495355580036, -7.783233311666615 ], [ 110.442496590444478, -7.783207968453379 ], [ 110.442544100102424, -7.783210202279755 ], [ 110.442534347766014, -7.783300805582204 ], [ 110.442534153430643, -7.783302838345907 ], [ 110.442531103214208, -7.78333932737427 ] ] ], [ [ [ 110.437847600000211, -7.783187 ], [ 110.437823600000158, -7.783299699999982 ], [ 110.437723700000049, -7.783278799999943 ], [ 110.437747800000082, -7.783166099999959 ], [ 110.437847600000211, -7.783187 ] ] ], [ [ [ 110.436997289383228, -7.783125108991666 ], [ 110.43698646485899, -7.783210781749629 ], [ 110.436939500000165, -7.783198599999989 ], [ 110.436961399999859, -7.783115799999952 ], [ 110.436997289383228, -7.783125108991666 ] ] ], [ [ [ 110.436948500000028, -7.783112699999884 ], [ 110.43693000000026, -7.7831973999999 ], [ 110.436856000000219, -7.783181499999901 ], [ 110.436874500000101, -7.783096799999894 ], [ 110.436948500000028, -7.783112699999884 ] ] ], [ [ [ 110.434398000000229, -7.783119699999932 ], [ 110.434379899999954, -7.783231100000017 ], [ 110.434188100000256, -7.783200599999982 ], [ 110.434206200000176, -7.783089199999893 ], [ 110.434398000000229, -7.783119699999932 ] ] ], [ [ [ 110.441767814449918, -7.78333872349976 ], [ 110.441641837073462, -7.783345535322845 ], [ 110.441614192689272, -7.783344789375621 ], [ 110.441609714444667, -7.783262623519987 ], [ 110.441715900816007, -7.783256881837934 ], [ 110.441712600000031, -7.783101599999942 ], [ 110.441845200000159, -7.783098799999891 ], [ 110.44184980000017, -7.783315199999945 ], [ 110.441766628081453, -7.783316956274631 ], [ 110.441767814449918, -7.78333872349976 ] ] ], [ [ [ 110.43683840000017, -7.783102399999839 ], [ 110.436814600000119, -7.783216699999916 ], [ 110.436726, -7.783198599999969 ], [ 110.436749900000109, -7.783084299999894 ], [ 110.43683840000017, -7.783102399999839 ] ] ], [ [ [ 110.436738600000098, -7.78308229999998 ], [ 110.436715200000108, -7.783202799999954 ], [ 110.436611800000222, -7.783183099999843 ], [ 110.436635200000183, -7.78306259999993 ], [ 110.436738600000098, -7.78308229999998 ] ] ], [ [ [ 110.442114957295587, -7.78335338187955 ], [ 110.441961844077127, -7.783353361098428 ], [ 110.441961163171882, -7.783279917137613 ], [ 110.441959994039891, -7.783153811948118 ], [ 110.441959110509828, -7.783058512453804 ], [ 110.442112210507233, -7.783057012455802 ], [ 110.442114957295587, -7.78335338187955 ] ] ], [ [ [ 110.437646500000213, -7.783057399999959 ], [ 110.437622799999872, -7.783157299999966 ], [ 110.437584900000104, -7.7831484 ], [ 110.437608500000067, -7.783048599999893 ], [ 110.437646500000213, -7.783057399999959 ] ] ], [ [ [ 110.437850600000047, -7.783132499999832 ], [ 110.437841300000173, -7.783177799999982 ], [ 110.437758300000212, -7.783161099999917 ], [ 110.437767600000086, -7.783115799999958 ], [ 110.437782500000097, -7.78304339999994 ], [ 110.437865400000049, -7.78306019999987 ], [ 110.437850600000047, -7.783132499999832 ] ] ], [ [ [ 110.437008411353744, -7.783037082036636 ], [ 110.436998177419696, -7.783118080457664 ], [ 110.436972000000196, -7.783112499999962 ], [ 110.436989300000221, -7.783033 ], [ 110.437008411353744, -7.783037082036636 ] ] ], [ [ [ 110.436622600000248, -7.783021699999988 ], [ 110.436595800000148, -7.783211699999898 ], [ 110.436497500000229, -7.783198099999939 ], [ 110.436524300000087, -7.783008099999849 ], [ 110.436622600000248, -7.783021699999988 ] ] ], [ [ [ 110.436982899999876, -7.783028399999887 ], [ 110.436966700000085, -7.783104599999827 ], [ 110.436830800000052, -7.783076399999908 ], [ 110.4368469, -7.783000099999988 ], [ 110.436982899999876, -7.783028399999887 ] ] ], [ [ [ 110.43547714153226, -7.782984641153178 ], [ 110.435445872794631, -7.783167030198567 ], [ 110.435104300000049, -7.783163799999938 ], [ 110.435106100000155, -7.782976299999975 ], [ 110.435478035307597, -7.782979816479245 ], [ 110.43547714153226, -7.782984641153178 ] ] ], [ [ [ 110.437669100000136, -7.782949799999893 ], [ 110.437648000000138, -7.78305060000003 ], [ 110.43761080000013, -7.783042999999891 ], [ 110.437631900000284, -7.782942199999892 ], [ 110.437669100000136, -7.782949799999893 ] ] ], [ [ [ 110.436436800000152, -7.782936099999858 ], [ 110.436430100000109, -7.7832072 ], [ 110.436331200000183, -7.783204799999917 ], [ 110.436337900000126, -7.7829337 ], [ 110.436436800000152, -7.782936099999858 ] ] ], [ [ [ 110.436842, -7.782967299999943 ], [ 110.436818700000117, -7.7830856 ], [ 110.436632400000178, -7.783049499999891 ], [ 110.43665569999996, -7.782931199999853 ], [ 110.436842, -7.782967299999943 ] ] ], [ [ [ 110.435101499999973, -7.782927 ], [ 110.4350996, -7.783168299999891 ], [ 110.43492590000001, -7.783167 ], [ 110.434927800000153, -7.782925699999968 ], [ 110.435101499999973, -7.782927 ] ] ], [ [ [ 110.437624200000144, -7.782942899999926 ], [ 110.437579700000029, -7.783155599999971 ], [ 110.437492700000121, -7.783137699999966 ], [ 110.437537200000236, -7.782925 ], [ 110.437624200000144, -7.782942899999926 ] ] ], [ [ [ 110.437884900000199, -7.782983899999967 ], [ 110.437871799999883, -7.783053499999975 ], [ 110.437788800000092, -7.783038199999845 ], [ 110.437801900000139, -7.782968499999836 ], [ 110.437811100000133, -7.782919899999846 ], [ 110.437894, -7.78293519999994 ], [ 110.437884900000199, -7.782983899999967 ] ] ], [ [ [ 110.437786300000255, -7.782937699999984 ], [ 110.437737100000277, -7.783156499999959 ], [ 110.437635200000202, -7.783134 ], [ 110.437684500000159, -7.7829152 ], [ 110.437786300000255, -7.782937699999984 ] ] ], [ [ [ 110.436994599999949, -7.782920199999951 ], [ 110.436982000000114, -7.783005599999884 ], [ 110.436940200000038, -7.78299949999984 ], [ 110.436952799999858, -7.782914099999955 ], [ 110.436994599999949, -7.782920199999951 ] ] ], [ [ [ 110.436944199999871, -7.7829016 ], [ 110.43692440000018, -7.783007099999948 ], [ 110.436849400000142, -7.782993299999867 ], [ 110.436869200000046, -7.782887799999962 ], [ 110.436944199999871, -7.7829016 ] ] ], [ [ [ 110.437678400000252, -7.782867799999956 ], [ 110.437662800000183, -7.78294449999992 ], [ 110.437537100000213, -7.782919399999968 ], [ 110.43755270000014, -7.782842799999862 ], [ 110.437678400000252, -7.782867799999956 ] ] ], [ [ [ 110.436232480895598, -7.783020949303076 ], [ 110.436222087960857, -7.783256428340316 ], [ 110.436014774653529, -7.783247537165248 ], [ 110.436025169622155, -7.783010622211735 ], [ 110.436175600000013, -7.782925699999963 ], [ 110.436331200000097, -7.78283269999991 ], [ 110.436338100000143, -7.782924799999968 ], [ 110.436218223888773, -7.782997075387363 ], [ 110.436232480895598, -7.783020949303076 ] ] ], [ [ [ 110.437959400000025, -7.782845699999969 ], [ 110.437944200000175, -7.782934199999923 ], [ 110.43781230000009, -7.782911899999967 ], [ 110.437827500000125, -7.782823499999949 ], [ 110.437959400000025, -7.782845699999969 ] ] ], [ [ [ 110.435173799999916, -7.782916199999981 ], [ 110.434931800000129, -7.78291809999994 ], [ 110.434931, -7.782814299999981 ], [ 110.435172900000197, -7.7828124 ], [ 110.435173799999916, -7.782916199999981 ] ] ], [ [ [ 110.43703573315247, -7.782820838454988 ], [ 110.43700979635679, -7.783026120165125 ], [ 110.436985200000208, -7.783021299999966 ], [ 110.437006800000077, -7.782913300000025 ], [ 110.436920500000227, -7.782896299999839 ], [ 110.436939400000142, -7.782801899999918 ], [ 110.43703573315247, -7.782820838454988 ] ] ], [ [ [ 110.43787430000026, -7.7828101 ], [ 110.437870000000302, -7.782827699999912 ], [ 110.437828600000174, -7.782817899999937 ], [ 110.437832900000174, -7.782800199999875 ], [ 110.43787430000026, -7.7828101 ] ] ], [ [ [ 110.436868600000139, -7.782803699999982 ], [ 110.436842500000139, -7.782955799999967 ], [ 110.436654899999894, -7.782924299999921 ], [ 110.436680900000269, -7.782772199999952 ], [ 110.436868600000139, -7.782803699999982 ] ] ], [ [ [ 110.437626300000161, -7.782776799999905 ], [ 110.437617900000149, -7.78283290000002 ], [ 110.4375579, -7.782824099999922 ], [ 110.437566300000142, -7.782768 ], [ 110.437626300000161, -7.782776799999905 ] ] ], [ [ [ 110.438288400000033, -7.782817 ], [ 110.438270300000113, -7.782899099999884 ], [ 110.438035900000102, -7.7828485 ], [ 110.438053900000213, -7.782766399999836 ], [ 110.438288400000033, -7.782817 ] ] ], [ [ [ 110.43804780000022, -7.782768199999908 ], [ 110.438024800000278, -7.782892199999943 ], [ 110.437956400000076, -7.782879799999965 ], [ 110.437979400000245, -7.782755699999933 ], [ 110.43804780000022, -7.782768199999908 ] ] ], [ [ [ 110.438350700000242, -7.782786999999865 ], [ 110.438342100000227, -7.782824399999931 ], [ 110.438202800000056, -7.782792799999947 ], [ 110.438211500000079, -7.782755399999968 ], [ 110.438350700000242, -7.782786999999865 ] ] ], [ [ [ 110.436628900000258, -7.782754300000013 ], [ 110.436623800000191, -7.782842799999966 ], [ 110.436483, -7.782834899999989 ], [ 110.436488100000176, -7.782746399999957 ], [ 110.436628900000258, -7.782754300000013 ] ] ], [ [ [ 110.438033300000271, -7.782741299999885 ], [ 110.438029600000121, -7.782760299999949 ], [ 110.437976600000027, -7.78275 ], [ 110.43798030000012, -7.782731099999871 ], [ 110.438033300000271, -7.782741299999885 ] ] ], [ [ [ 110.438204000000155, -7.782752199999835 ], [ 110.43819670000012, -7.782783299999984 ], [ 110.438049400000182, -7.78274940000004 ], [ 110.43805669999989, -7.782718299999943 ], [ 110.438204000000155, -7.782752199999835 ] ] ], [ [ [ 110.43703150000016, -7.7827382 ], [ 110.437011800000121, -7.782801400000098 ], [ 110.43694150000016, -7.782779899999946 ], [ 110.436961199999971, -7.782716699999967 ], [ 110.43703150000016, -7.7827382 ] ] ], [ [ [ 110.437972800000324, -7.782726899999937 ], [ 110.437948000000148, -7.7828389 ], [ 110.437877500000127, -7.782823499999944 ], [ 110.437902299999919, -7.782711600000019 ], [ 110.437972800000324, -7.782726899999937 ] ] ], [ [ [ 110.438357300000135, -7.782739199999954 ], [ 110.438346400000057, -7.782779799999945 ], [ 110.438221200000157, -7.782746799999979 ], [ 110.4382321, -7.7827062 ], [ 110.438357300000135, -7.782739199999954 ] ] ], [ [ [ 110.436944199999857, -7.782731800000019 ], [ 110.436929800000101, -7.7827873 ], [ 110.436811200000022, -7.782757099999944 ], [ 110.436825600000148, -7.78270159999989 ], [ 110.436944199999857, -7.782731800000019 ] ] ], [ [ [ 110.4379017, -7.782700999999861 ], [ 110.43787520000015, -7.782803 ], [ 110.437836500000117, -7.782793099999985 ], [ 110.437863000000178, -7.782691099999908 ], [ 110.4379017, -7.782700999999861 ] ] ], [ [ [ 110.438735800000146, -7.782746799999983 ], [ 110.438724700000307, -7.782801899999924 ], [ 110.438441000000225, -7.782745699999904 ], [ 110.438452100000234, -7.782690599999947 ], [ 110.438735800000146, -7.782746799999983 ] ] ], [ [ [ 110.438446400000146, -7.782695500000052 ], [ 110.438435300000094, -7.782743799999931 ], [ 110.438342, -7.782722899999891 ], [ 110.438353100000271, -7.782674599999877 ], [ 110.438446400000146, -7.782695500000052 ] ] ], [ [ [ 110.438225500000172, -7.782702499999966 ], [ 110.438214500000143, -7.782749899999988 ], [ 110.438063600000262, -7.782715499999883 ], [ 110.438074600000121, -7.782668100000071 ], [ 110.438225500000172, -7.782702499999966 ] ] ], [ [ [ 110.438344600000221, -7.782682499999881 ], [ 110.438335600000187, -7.782723600000058 ], [ 110.438245100000032, -7.78270410000004 ], [ 110.438254100000066, -7.782663 ], [ 110.438344600000221, -7.782682499999881 ] ] ], [ [ [ 110.435367721712169, -7.782657827198868 ], [ 110.43552992169505, -7.782691327236639 ], [ 110.435503521666448, -7.782817127228484 ], [ 110.435341321683396, -7.782783627190377 ], [ 110.435343292827341, -7.782774234404534 ], [ 110.435332478125986, -7.782772256527266 ], [ 110.435351178129181, -7.782671656527831 ], [ 110.435364315320044, -7.782674059160058 ], [ 110.435367721712169, -7.782657827198868 ] ] ], [ [ [ 110.437825900000163, -7.782674599999883 ], [ 110.437779500000204, -7.782928499999861 ], [ 110.437683900000138, -7.782911399999935 ], [ 110.437730300000055, -7.782657499999975 ], [ 110.437825900000163, -7.782674599999883 ] ] ], [ [ [ 110.437722499999936, -7.782667899999961 ], [ 110.437703400000146, -7.78278199999989 ], [ 110.437657700000287, -7.78277449999986 ], [ 110.437573499999871, -7.7827607 ], [ 110.437592600000031, -7.78264659999997 ], [ 110.43767680000029, -7.782660399999946 ], [ 110.437722499999936, -7.782667899999961 ] ] ], [ [ [ 110.436037352718131, -7.782677613871721 ], [ 110.435977660025415, -7.783014691129891 ], [ 110.435773447144797, -7.782978268527646 ], [ 110.43581280395847, -7.782765833031522 ], [ 110.435835103657439, -7.782640839051798 ], [ 110.436037352718131, -7.782677613871721 ] ] ], [ [ [ 110.438758400000225, -7.782676399999847 ], [ 110.438745300000036, -7.7827383 ], [ 110.43858640000019, -7.78270529999986 ], [ 110.438599400000214, -7.782643499999981 ], [ 110.438758400000225, -7.782676399999847 ] ] ], [ [ [ 110.436795600000181, -7.7826511 ], [ 110.436769, -7.782746299999864 ], [ 110.436701400000189, -7.7827277 ], [ 110.436728100000096, -7.782632499999858 ], [ 110.436795600000181, -7.7826511 ] ] ], [ [ [ 110.437432800000124, -7.782646399999973 ], [ 110.437317500000191, -7.7832257 ], [ 110.437278065641806, -7.783217984051244 ], [ 110.437352268807558, -7.782630642813101 ], [ 110.437432800000124, -7.782646399999973 ] ] ], [ [ [ 110.4382471, -7.782665299999911 ], [ 110.43824, -7.782696799999887 ], [ 110.438082, -7.782661999999894 ], [ 110.438089100000084, -7.782630499999875 ], [ 110.4382471, -7.782665299999911 ] ] ], [ [ [ 110.438073200000233, -7.782635699999791 ], [ 110.438049299999989, -7.782739699999857 ], [ 110.437955500000044, -7.782718599999894 ], [ 110.437979400000259, -7.782614499999948 ], [ 110.438073200000233, -7.782635699999791 ] ] ], [ [ [ 110.437059200000149, -7.7826342 ], [ 110.437049, -7.782675299999925 ], [ 110.436902500000159, -7.7826394 ], [ 110.436912700000306, -7.782598399999967 ], [ 110.437059200000149, -7.7826342 ] ] ], [ [ [ 110.438466500000231, -7.782622099999955 ], [ 110.438450100000097, -7.782692099999887 ], [ 110.438347, -7.782668500000097 ], [ 110.438363400000028, -7.782598399999967 ], [ 110.438466500000231, -7.782622099999955 ] ] ], [ [ [ 110.437973200000286, -7.782616 ], [ 110.437952900000141, -7.782691 ], [ 110.437855200000229, -7.78266489999988 ], [ 110.437875600000154, -7.78259 ], [ 110.437973200000286, -7.782616 ] ] ], [ [ [ 110.436289394438248, -7.782578021318359 ], [ 110.436394323494824, -7.782728696972419 ], [ 110.436082971723749, -7.782942406180665 ], [ 110.436039016505632, -7.782869073682374 ], [ 110.43626765704731, -7.782720040650116 ], [ 110.436204407639309, -7.782645288129466 ], [ 110.436289394438248, -7.782578021318359 ] ] ], [ [ [ 110.43451378878872, -7.782570625955757 ], [ 110.434428622718443, -7.78309319152561 ], [ 110.434192569696179, -7.783043097778836 ], [ 110.434258246714265, -7.782738767884666 ], [ 110.434232995547433, -7.782734268162127 ], [ 110.434206268635208, -7.782893233473431 ], [ 110.434161479333511, -7.782885829084243 ], [ 110.434164641822065, -7.782866109410513 ], [ 110.434195434263202, -7.782727611909403 ], [ 110.434198315548826, -7.782728088232201 ], [ 110.434243164006375, -7.782533888199445 ], [ 110.43451378878872, -7.782570625955757 ] ] ], [ [ [ 110.438355400000091, -7.782595199999879 ], [ 110.43833880000011, -7.782675099999983 ], [ 110.438035900000102, -7.78261329999987 ], [ 110.438052500000254, -7.782533399999908 ], [ 110.438355400000091, -7.782595199999879 ] ] ], [ [ [ 110.436557300000203, -7.782536299999878 ], [ 110.436537900000147, -7.782621099999965 ], [ 110.436415200000113, -7.7825935 ], [ 110.436434600000169, -7.782508699999942 ], [ 110.436557300000203, -7.782536299999878 ] ] ], [ [ [ 110.438005, -7.782520099999886 ], [ 110.437982700000134, -7.782610399999879 ], [ 110.4379251000002, -7.782596499999889 ], [ 110.43794730000009, -7.782506199999893 ], [ 110.438005, -7.782520099999886 ] ] ], [ [ [ 110.436428, -7.782513899999879 ], [ 110.4364157, -7.782561499999915 ], [ 110.436375400000216, -7.7825512 ], [ 110.436387599999989, -7.782503699999936 ], [ 110.436428, -7.782513899999879 ] ] ], [ [ [ 110.437931400000139, -7.782532399999917 ], [ 110.437916200000132, -7.782591699999959 ], [ 110.437799800000107, -7.782562499999893 ], [ 110.437815000000128, -7.782503200000011 ], [ 110.437931400000139, -7.782532399999917 ] ] ], [ [ [ 110.437076145084021, -7.782500990520981 ], [ 110.437065545505561, -7.782584882904643 ], [ 110.436957099999859, -7.782558699999967 ], [ 110.436978900000057, -7.782470100000018 ], [ 110.437077266739664, -7.782493785564368 ], [ 110.437076710238557, -7.78249712925316 ], [ 110.437076145084021, -7.782500990520981 ] ] ], [ [ [ 110.436522200000098, -7.7824837 ], [ 110.43651280000023, -7.782517799999986 ], [ 110.436451299999945, -7.782501099999983 ], [ 110.436460800000191, -7.782467 ], [ 110.436522200000098, -7.7824837 ] ] ], [ [ [ 110.440689799999987, -7.78245529999997 ], [ 110.440680494995561, -7.782545783147769 ], [ 110.440583527553116, -7.782507583852904 ], [ 110.44057361123258, -7.78249813973997 ], [ 110.440575391876123, -7.782443829776696 ], [ 110.440689799999987, -7.78245529999997 ] ] ], [ [ [ 110.436167793177447, -7.782750541149062 ], [ 110.436102519212582, -7.782754283539796 ], [ 110.436112242938364, -7.782660482240197 ], [ 110.436000922459698, -7.782645017647818 ], [ 110.436049348605991, -7.782429038628821 ], [ 110.436212347239405, -7.782450011922602 ], [ 110.436167793177447, -7.782750541149062 ] ] ], [ [ [ 110.436777200000037, -7.782432 ], [ 110.436750500000144, -7.782560699999976 ], [ 110.436701700000199, -7.782550699999927 ], [ 110.436728399999936, -7.782422 ], [ 110.436777200000037, -7.782432 ] ] ], [ [ [ 110.436722199999963, -7.782417399999934 ], [ 110.436693700000092, -7.782555299999942 ], [ 110.436644200000231, -7.782545299999924 ], [ 110.436672700000088, -7.782407299999862 ], [ 110.436722199999963, -7.782417399999934 ] ] ], [ [ [ 110.435993545732018, -7.782419087873154 ], [ 110.435958712719994, -7.782627730344821 ], [ 110.435842019361885, -7.782602075218196 ], [ 110.4358629374956, -7.782484825059504 ], [ 110.435877447728444, -7.782398033809999 ], [ 110.435993545732018, -7.782419087873154 ] ] ], [ [ [ 110.436548700000188, -7.7824215 ], [ 110.436529400000182, -7.782478799999905 ], [ 110.436460500000109, -7.782455999999891 ], [ 110.436479700000135, -7.782398799999875 ], [ 110.436548700000188, -7.7824215 ] ] ], [ [ [ 110.437794399999859, -7.782478599999925 ], [ 110.43777530000024, -7.78256759999998 ], [ 110.437373248691188, -7.782482957619085 ], [ 110.437383301718626, -7.782422553057104 ], [ 110.437387509810378, -7.782394532208135 ], [ 110.437387741754449, -7.782392987737745 ], [ 110.43738778216408, -7.782392718658683 ], [ 110.437436012232354, -7.782403149943607 ], [ 110.437794399999859, -7.782478599999925 ] ] ], [ [ [ 110.436289394438248, -7.782578021318359 ], [ 110.43621280606493, -7.782555601402528 ], [ 110.436275622379924, -7.782388330075128 ], [ 110.436363056011587, -7.782464707752554 ], [ 110.436324984635519, -7.78258843972477 ], [ 110.436289394438248, -7.782578021318359 ] ] ], [ [ [ 110.437094443813294, -7.782390578631545 ], [ 110.437080183292906, -7.782476261711676 ], [ 110.43684310000026, -7.7824271 ], [ 110.436861100000272, -7.782342099999981 ], [ 110.437094443813294, -7.782390578631545 ] ] ], [ [ [ 110.436851200000206, -7.782350099999851 ], [ 110.436834300000143, -7.78242439999996 ], [ 110.436784200000091, -7.782413199999974 ], [ 110.436801100000082, -7.782338899999899 ], [ 110.436851200000206, -7.782350099999851 ] ] ], [ [ [ 110.4350679, -7.782365499999978 ], [ 110.4350418, -7.782496299999972 ], [ 110.434843, -7.782457299999896 ], [ 110.434869100000043, -7.782326499999946 ], [ 110.4350679, -7.782365499999978 ] ] ], [ [ [ 110.435432383928244, -7.782315499757826 ], [ 110.435590283904531, -7.782349699794901 ], [ 110.435521283836295, -7.782662499773374 ], [ 110.435363383860192, -7.782628299736354 ], [ 110.435409088829218, -7.782421104158403 ], [ 110.435373500000082, -7.782413399999938 ], [ 110.435389700000201, -7.782339799999985 ], [ 110.435425323944884, -7.782347505007286 ], [ 110.435432383928244, -7.782315499757826 ] ] ], [ [ [ 110.436796100000038, -7.782334199999859 ], [ 110.436775299999908, -7.782423399999954 ], [ 110.436671700000048, -7.782399699999822 ], [ 110.436692400000155, -7.782310499999881 ], [ 110.436796100000038, -7.782334199999859 ] ] ], [ [ [ 110.436683400000121, -7.782305199999874 ], [ 110.436662300000137, -7.782400099999909 ], [ 110.436494200000098, -7.782363399999885 ], [ 110.436515300000096, -7.782268599999947 ], [ 110.436683400000121, -7.782305199999874 ] ] ], [ [ [ 110.4364546, -7.782282599999853 ], [ 110.436435700000061, -7.7823914999999 ], [ 110.436280100000204, -7.7823649 ], [ 110.436299, -7.782256 ], [ 110.4364546, -7.782282599999853 ] ] ], [ [ [ 110.434844959889347, -7.78231718117005 ], [ 110.434811647435239, -7.782578921880777 ], [ 110.434256722228369, -7.782441233708708 ], [ 110.43430421904425, -7.782228147847371 ], [ 110.434304847005691, -7.782225161976463 ], [ 110.434844959889347, -7.78231718117005 ] ] ], [ [ [ 110.436280468885343, -7.782293317159199 ], [ 110.436265597254319, -7.782379572620648 ], [ 110.435896313785236, -7.782294506041162 ], [ 110.435912666411582, -7.782208064968633 ], [ 110.43625550559149, -7.7822875309787 ], [ 110.436280468885343, -7.782293317159199 ] ] ], [ [ [ 110.43810950000001, -7.78219089999994 ], [ 110.438099300000204, -7.782253799999955 ], [ 110.437890100000104, -7.78222059999991 ], [ 110.437900300000265, -7.782157700000015 ], [ 110.43810950000001, -7.78219089999994 ] ] ], [ [ [ 110.438503500000095, -7.782163099999925 ], [ 110.43848870000015, -7.782287999999848 ], [ 110.438373700000199, -7.782274599999989 ], [ 110.438388399999951, -7.782149699999983 ], [ 110.438503500000095, -7.782163099999925 ] ] ], [ [ [ 110.437823432911046, -7.782296500672601 ], [ 110.437932700000133, -7.782316499999916 ], [ 110.437944500000029, -7.782245399999895 ], [ 110.438106799999971, -7.782272 ], [ 110.438094900000038, -7.782343 ], [ 110.43859082637924, -7.782433179894213 ], [ 110.438575954747876, -7.782605690817082 ], [ 110.437707452142789, -7.782451378553492 ], [ 110.437710342953551, -7.78241236312113 ], [ 110.437393347282409, -7.782355661626227 ], [ 110.437413499831919, -7.782221469711206 ], [ 110.437425096496156, -7.782144249721521 ], [ 110.437834548651736, -7.782212377892898 ], [ 110.437823432911046, -7.782296500672601 ] ] ], [ [ [ 110.4383669, -7.782140099999978 ], [ 110.438348099999985, -7.782276899999937 ], [ 110.43824229999997, -7.782262699999988 ], [ 110.438261, -7.782125799999962 ], [ 110.4383669, -7.782140099999978 ] ] ], [ [ [ 110.436290900000145, -7.7821617 ], [ 110.43627570000011, -7.782246299999887 ], [ 110.43591744013942, -7.782182830709359 ], [ 110.435933421050052, -7.782098354499994 ], [ 110.436290900000145, -7.7821617 ] ] ], [ [ [ 110.438244700000155, -7.782115399999893 ], [ 110.438223200000152, -7.782252299999893 ], [ 110.438126900000029, -7.782237399999834 ], [ 110.438148399999974, -7.782100599999913 ], [ 110.438244700000155, -7.782115399999893 ] ] ], [ [ [ 110.435622214326202, -7.782155505916193 ], [ 110.435601114302429, -7.782265105909337 ], [ 110.435257014346064, -7.78220010583122 ], [ 110.435278114369694, -7.782090505837788 ], [ 110.435622214326202, -7.782155505916193 ] ] ], [ [ [ 110.435094, -7.782182699999955 ], [ 110.435063699999986, -7.782333799999934 ], [ 110.434497400000041, -7.782222100000014 ], [ 110.434527799999955, -7.782071099999937 ], [ 110.435094, -7.782182699999955 ] ] ], [ [ [ 110.434522, -7.7820715 ], [ 110.43448750000006, -7.782233199999919 ], [ 110.434310943531983, -7.782196173809136 ], [ 110.434344309299732, -7.78203752404665 ], [ 110.434344942410178, -7.782034473927913 ], [ 110.434522, -7.7820715 ] ] ], [ [ [ 110.438629800000072, -7.782018899999914 ], [ 110.4385992, -7.7821596 ], [ 110.438521400000127, -7.782143 ], [ 110.438552099999981, -7.782002299999913 ], [ 110.438629800000072, -7.782018899999914 ] ] ], [ [ [ 110.437791558853348, -7.782060112085388 ], [ 110.437782838080992, -7.782121845624366 ], [ 110.437437160396783, -7.78206391845554 ], [ 110.437443037145513, -7.782024786267923 ], [ 110.437448895538012, -7.781995306220096 ], [ 110.437791558853348, -7.782060112085388 ] ] ], [ [ [ 110.438470900000041, -7.7819912 ], [ 110.438446700000156, -7.782129399999953 ], [ 110.438356199999987, -7.782113899999963 ], [ 110.438380400000028, -7.781975699999975 ], [ 110.438470900000041, -7.7819912 ] ] ], [ [ [ 110.438359200000036, -7.781973599999949 ], [ 110.438333100000023, -7.7821121 ], [ 110.438255600000176, -7.782097699999836 ], [ 110.438156199999924, -7.782079300000019 ], [ 110.438064600000018, -7.782062299999924 ], [ 110.437982099999957, -7.782047 ], [ 110.438008200000141, -7.7819086 ], [ 110.438090700000032, -7.781923899999857 ], [ 110.438182300000207, -7.781940800000026 ], [ 110.438281800000027, -7.781959299999922 ], [ 110.438359200000036, -7.781973599999949 ] ] ], [ [ [ 110.437980000000167, -7.781952899999955 ], [ 110.437960200000077, -7.782050899999866 ], [ 110.437860399999977, -7.782031199999944 ], [ 110.437788300000037, -7.782016899999914 ], [ 110.4377129, -7.7820019 ], [ 110.437643900000026, -7.781988199999925 ], [ 110.437571, -7.7819738 ], [ 110.437498300000016, -7.781959399999949 ], [ 110.437457037116843, -7.781951194312962 ], [ 110.437474169139534, -7.78185272615108 ], [ 110.437518100000091, -7.781861400000012 ], [ 110.437590800000081, -7.781875799999971 ], [ 110.4376636, -7.781890299999915 ], [ 110.437732600000061, -7.781903899999979 ], [ 110.437808100000126, -7.781918899999877 ], [ 110.4378802, -7.781933200000026 ], [ 110.437980000000167, -7.781952899999955 ] ] ], [ [ [ 110.438041600000034, -7.781684699999948 ], [ 110.438022400000094, -7.781780299999962 ], [ 110.437963599999989, -7.781768699999819 ], [ 110.437905400000162, -7.781757299999892 ], [ 110.437843900000018, -7.78174509999997 ], [ 110.437772000000109, -7.781731 ], [ 110.437700200000037, -7.781716799999973 ], [ 110.437631700000068, -7.7817033 ], [ 110.437567799999911, -7.7816907 ], [ 110.437558900000056, -7.781735299999953 ], [ 110.437496742216823, -7.781722984937107 ], [ 110.437521243699223, -7.781582160004946 ], [ 110.437586999999894, -7.7815951 ], [ 110.437650900000051, -7.781607699999989 ], [ 110.437719400000049, -7.781621199999933 ], [ 110.43779120000012, -7.78163529999985 ], [ 110.43786310000003, -7.7816494999999 ], [ 110.437924599999988, -7.7816616 ], [ 110.437982800000157, -7.781673099999974 ], [ 110.438041600000034, -7.781684699999948 ] ] ], [ [ [ 110.438315379054956, -7.781498847419985 ], [ 110.438459685572241, -7.781529795815181 ], [ 110.438633958912746, -7.781567170908051 ], [ 110.438642857262323, -7.781677186558624 ], [ 110.438132316963973, -7.781615400485917 ], [ 110.43805554046196, -7.781607640497699 ], [ 110.43807154749112, -7.781492243134204 ], [ 110.438231199999905, -7.7815175 ], [ 110.43823690139449, -7.781482016787431 ], [ 110.438315379054956, -7.781498847419985 ] ] ], [ [ [ 110.435282463399687, -7.778299244408799 ], [ 110.435255363403613, -7.778410044409733 ], [ 110.435201028691395, -7.77839702132872 ], [ 110.435192626323527, -7.778393868485895 ], [ 110.435219463402035, -7.778284044410386 ], [ 110.435282463399687, -7.778299244408799 ] ] ], [ [ [ 110.435085375594724, -7.77826360710849 ], [ 110.435159752761308, -7.778282268364134 ], [ 110.435162200000207, -7.778272399999853 ], [ 110.435205, -7.778282799999944 ], [ 110.435178747761597, -7.778388660796117 ], [ 110.435137231874137, -7.778373082679246 ], [ 110.435138765190018, -7.778366899662209 ], [ 110.435085055832701, -7.778353504524494 ], [ 110.435072662780442, -7.778348854246474 ], [ 110.435084659156587, -7.778266472932434 ], [ 110.435085375594724, -7.77826360710849 ] ] ], [ [ [ 110.435314079698855, -7.778203079206598 ], [ 110.435292179701477, -7.778291679207181 ], [ 110.435221879704386, -7.778274579208342 ], [ 110.435243779701764, -7.778185979207762 ], [ 110.435314079698855, -7.778203079206598 ] ] ], [ [ [ 110.435232198691338, -7.778187909578317 ], [ 110.435213198692594, -7.778275409578605 ], [ 110.435089046343364, -7.778248923746331 ], [ 110.435110775256589, -7.778162005914392 ], [ 110.435232198691338, -7.778187909578317 ] ] ], [ [ [ 110.435263700000291, -7.778126299999866 ], [ 110.43524640000004, -7.778182899999927 ], [ 110.435115362976319, -7.778143654575615 ], [ 110.435129751587183, -7.778086098690584 ], [ 110.435263700000291, -7.778126299999866 ] ] ], [ [ [ 110.435329217697998, -7.778007650593028 ], [ 110.435296560404083, -7.778129281700727 ], [ 110.435138060401087, -7.778087481699223 ], [ 110.435171423099348, -7.777963390584763 ], [ 110.435275791835124, -7.777994875006581 ], [ 110.435280144020055, -7.777996260928996 ], [ 110.435287778820978, -7.77799833086062 ], [ 110.435329217697998, -7.778007650593028 ] ] ], [ [ [ 110.4353045474178, -7.777648358196878 ], [ 110.43529366984302, -7.777705950319993 ], [ 110.435216047836093, -7.777689253786544 ], [ 110.435226859307406, -7.777633887483423 ], [ 110.4353045474178, -7.777648358196878 ] ] ] ] } }
]
}
