{
"type": "FeatureCollection",
"name": "penggunaan_lahan",
"crs": { "type": "name", "properties": { "name": "urn:ogc:def:crs:OGC:1.3:CRS84" } },
"features": [
{ "type": "Feature", "properties": { "KETERANGAN": "Jalan", "Fungsi": "Jalan", "Guna_Lahan": "Jalan" }, "geometry": { "type": "MultiPolygon", "coordinates": [ [ [ [ 110.43528617391236, -7.777069879224504 ], [ 110.435281344785096, -7.777094622112509 ], [ 110.436049205756333, -7.777245924727756 ], [ 110.436052754000627, -7.777246811373882 ], [ 110.436998458613346, -7.777534376722596 ], [ 110.437953397756559, -7.777646722497538 ], [ 110.438473525057319, -7.777634488846092 ], [ 110.438479587277499, -7.777634853423541 ], [ 110.438485503561481, -7.777636221554356 ], [ 110.438491108091782, -7.777638554893342 ], [ 110.438496243788379, -7.777641788043428 ], [ 110.438500766711442, -7.777645830387911 ], [ 110.438504550095544, -7.777650568630853 ], [ 110.438507487902541, -7.777655869972011 ], [ 110.438509497793547, -7.777661585828822 ], [ 110.438513896868713, -7.777678521126392 ], [ 110.438546377200254, -7.777803562061997 ], [ 110.438755296797595, -7.777887273846733 ], [ 110.438758419289684, -7.777888699711958 ], [ 110.439114594493006, -7.778072158168596 ], [ 110.439196862259436, -7.778114532524643 ], [ 110.439280857447599, -7.778157796613915 ], [ 110.440085939943685, -7.778394693221901 ], [ 110.440095036054259, -7.778374197699107 ], [ 110.440162123645678, -7.778401594047512 ], [ 110.440161793479433, -7.77840255715582 ], [ 110.440156138192052, -7.778415299756102 ], [ 110.440646640881482, -7.778559020182251 ], [ 110.440653802153363, -7.778538733365485 ], [ 110.440719874119225, -7.778557106587503 ], [ 110.440723568079406, -7.778558439723897 ], [ 110.440723041405519, -7.778560485200311 ], [ 110.440715925678006, -7.778580646436267 ], [ 110.440983075751788, -7.778668803429831 ], [ 110.441335211795717, -7.778788074723304 ], [ 110.441448224316346, -7.778811794734144 ], [ 110.441468321911046, -7.778817211384731 ], [ 110.441495268527945, -7.778824473960634 ], [ 110.441514110053888, -7.778837292877959 ], [ 110.441516237987372, -7.778838739087013 ], [ 110.441519304319613, -7.77884088891752 ], [ 110.441533475420329, -7.778850319399764 ], [ 110.441538594770265, -7.77885000841287 ], [ 110.44182665965009, -7.778832509136714 ], [ 110.441832393804333, -7.778832613775617 ], [ 110.44183401780559, -7.778832902746822 ], [ 110.441868831631069, -7.778855754401752 ], [ 110.441983140023552, -7.778957873502031 ], [ 110.442143528802575, -7.778982858791359 ], [ 110.44259678324633, -7.779053466217655 ], [ 110.442648431192723, -7.77906151184007 ], [ 110.442677318332628, -7.778917076186834 ], [ 110.442679073803177, -7.778911066134196 ], [ 110.4426818418046, -7.778905447878789 ], [ 110.442685539457898, -7.778900389641357 ], [ 110.44269005604859, -7.778896042874647 ], [ 110.442695256341793, -7.778892537728802 ], [ 110.442700984631287, -7.778889979154118 ], [ 110.44270706940172, -7.778888443758984 ], [ 110.44271332846408, -7.778887977515947 ], [ 110.443021533161286, -7.778894926153228 ], [ 110.443021802563464, -7.778892014534431 ], [ 110.443044377401165, -7.778893220408979 ], [ 110.443094184564472, -7.778895880934579 ], [ 110.443094177915171, -7.778897275706234 ], [ 110.443093616400489, -7.77890334438965 ], [ 110.443098252416107, -7.778904355231021 ], [ 110.443096160215617, -7.778940934488293 ], [ 110.443093424605806, -7.778976947153318 ], [ 110.443088412353106, -7.77897628057972 ], [ 110.443086898412119, -7.778975950478534 ], [ 110.443035718952359, -7.779529082765885 ], [ 110.443002441938759, -7.78009241588031 ], [ 110.44300228733249, -7.780094243072221 ], [ 110.442997896338383, -7.780132774099625 ], [ 110.442997543867705, -7.780136668135706 ], [ 110.442997293024973, -7.780139051304866 ], [ 110.442933283016174, -7.780720041318635 ], [ 110.442933023305315, -7.780721934865897 ], [ 110.442871420908276, -7.781097009413819 ], [ 110.442786122928283, -7.782063258115236 ], [ 110.442756127551718, -7.782383603513267 ], [ 110.442726043369262, -7.782663886845446 ], [ 110.442656130251109, -7.783313411986632 ], [ 110.442654463669754, -7.78333334898013 ], [ 110.442650666447591, -7.78337877440701 ], [ 110.442649170893887, -7.783396665426165 ], [ 110.442699225171395, -7.783396666520053 ], [ 110.442740036327393, -7.783396667407522 ], [ 110.442741551131107, -7.783396686432519 ], [ 110.443071573265854, -7.783404762688236 ], [ 110.443120091065481, -7.783405949987428 ], [ 110.443121707513015, -7.78340598954406 ], [ 110.443121717440036, -7.783405912596268 ], [ 110.44319508781831, -7.78340422576801 ], [ 110.443245726315638, -7.783401543991398 ], [ 110.443336622386695, -7.783396730188855 ], [ 110.443339601967324, -7.783396642286061 ], [ 110.443771091304797, -7.783394020121484 ], [ 110.443800214041275, -7.783393843126593 ], [ 110.443988395413726, -7.783391829285037 ], [ 110.443990178943821, -7.783391976147862 ], [ 110.44398720644827, -7.783518480197757 ], [ 110.443952223471356, -7.783518854941049 ], [ 110.443948082949063, -7.783578744372394 ], [ 110.443947842517844, -7.783582222031145 ], [ 110.443918398528552, -7.784008105713413 ], [ 110.443917585788455, -7.784014409815576 ], [ 110.44384585456055, -7.784374350690786 ], [ 110.443832986743217, -7.78443892016645 ], [ 110.443898559847113, -7.784433601007491 ], [ 110.443909625889091, -7.784433668448944 ], [ 110.443911653997304, -7.784434037866746 ], [ 110.443910208883779, -7.784445433398221 ], [ 110.443895566726056, -7.784560895125868 ], [ 110.443811092551087, -7.784567747444305 ], [ 110.443803434984929, -7.784628905027491 ], [ 110.443748170384623, -7.784632305687649 ], [ 110.443693992876575, -7.784636163152964 ], [ 110.443693810815105, -7.784634779952605 ], [ 110.443694173628387, -7.784625580652401 ], [ 110.443700289568312, -7.784576735457643 ], [ 110.443607953747303, -7.784584225446321 ], [ 110.442634899317071, -7.784663155287538 ], [ 110.442372580421534, -7.784682580628477 ], [ 110.442350094429855, -7.784690073999938 ], [ 110.442340916801811, -7.784692390181391 ], [ 110.442334405865495, -7.784693183268535 ], [ 110.441904942448488, -7.784723149389629 ], [ 110.440975476059904, -7.784803089576676 ], [ 110.440973995233904, -7.784803199551461 ], [ 110.440656831392118, -7.784823036981662 ], [ 110.44039966411944, -7.784862591160381 ], [ 110.440389903950731, -7.784863330863601 ], [ 110.440351703378184, -7.78486328045604 ], [ 110.439462067916509, -7.784912704065188 ], [ 110.439440148860797, -7.784920009217368 ], [ 110.439430969030283, -7.784922326062786 ], [ 110.439429059879259, -7.784922629397936 ], [ 110.43935848788864, -7.784932740838378 ], [ 110.439224475765229, -7.784949535491517 ], [ 110.439197938103391, -7.784952861236392 ], [ 110.439193651680284, -7.784953251615641 ], [ 110.438842958802795, -7.784973257615905 ], [ 110.438564419414561, -7.784983241836318 ], [ 110.438276780274464, -7.785013001351966 ], [ 110.43818652382673, -7.785022940060538 ], [ 110.437953740459037, -7.785045522233726 ], [ 110.43790358611777, -7.785050387658741 ], [ 110.437903518651368, -7.785051869704556 ], [ 110.437900677363046, -7.785114284749186 ], [ 110.43789624356738, -7.785211682597289 ], [ 110.437895445586364, -7.785217761063418 ], [ 110.437893630111191, -7.78522361791527 ], [ 110.43789084926162, -7.785229085011022 ], [ 110.43788718287189, -7.78523400539779 ], [ 110.437882736198901, -7.785238237818216 ], [ 110.437877636900424, -7.78524166076545 ], [ 110.437872031370219, -7.785244175971379 ], [ 110.437866080535201, -7.78524571122798 ], [ 110.437859955235581, -7.785246222460171 ], [ 110.437811682851788, -7.785246158470751 ], [ 110.437604128099437, -7.785265998716799 ], [ 110.437224718599651, -7.785315873030864 ], [ 110.437222614466592, -7.785316087596717 ], [ 110.436672676595734, -7.785356051394181 ], [ 110.434892321853184, -7.785486098599633 ], [ 110.434534105637084, -7.78550605222362 ], [ 110.4341277045921, -7.78557543111452 ], [ 110.433250389619886, -7.785804702988115 ], [ 110.43316152222053, -7.785834317264369 ], [ 110.433158554885495, -7.785835167946399 ], [ 110.432868521015195, -7.785905138371517 ], [ 110.432866243332072, -7.785905611311152 ], [ 110.432865152189805, -7.785905784656187 ], [ 110.432757937042155, -7.785921151607243 ], [ 110.432772783496674, -7.786202406362915 ], [ 110.432772741802779, -7.786203788527265 ], [ 110.432700255958039, -7.786204830112 ], [ 110.43268530640843, -7.78592162137156 ], [ 110.432647387933599, -7.785916180756023 ], [ 110.432210023954696, -7.785916224795731 ], [ 110.431770798217144, -7.785916178176588 ], [ 110.431321583181131, -7.785936158269097 ], [ 110.430862377235954, -7.785956128215457 ], [ 110.43051697698391, -7.785985737162932 ], [ 110.43026070489644, -7.786064551387362 ], [ 110.430256266366939, -7.786065616621439 ], [ 110.430253706349319, -7.786065970065895 ], [ 110.429763724660774, -7.786115953771541 ], [ 110.429759984423953, -7.786116141526031 ], [ 110.429757922597119, -7.786116080265674 ], [ 110.429532359008974, -7.786102968932978 ], [ 110.429526426836873, -7.786102129815522 ], [ 110.429520714055116, -7.786100328340612 ], [ 110.429515376493484, -7.786097613647738 ], [ 110.429510559746788, -7.786094059786831 ], [ 110.429506395203347, -7.786089763697787 ], [ 110.429503300413586, -7.786085282667919 ], [ 110.429502022538799, -7.786050727617071 ], [ 110.429502151997042, -7.786050412538938 ], [ 110.429505305417635, -7.786045331558517 ], [ 110.429509254365598, -7.786040837529091 ], [ 110.429513891123946, -7.786037053036086 ], [ 110.429519089214011, -7.786034081310502 ], [ 110.42952470684547, -7.786032003413318 ], [ 110.429530590784012, -7.786030876024116 ], [ 110.429536580531177, -7.786030729895137 ], [ 110.42975923796098, -7.786043672299598 ], [ 110.430242754001043, -7.78599434815788 ], [ 110.430499309639416, -7.785915446724951 ], [ 110.430503748166913, -7.785914381488174 ], [ 110.430506892897185, -7.78591397315989 ], [ 110.430856925978418, -7.785883967066607 ], [ 110.430858452353604, -7.78588386849803 ], [ 110.431318386583868, -7.785863866883518 ], [ 110.43176837535654, -7.785843852361996 ], [ 110.431769995501242, -7.78584381643564 ], [ 110.432210024138428, -7.785843863135355 ], [ 110.432650004763133, -7.785843818843873 ], [ 110.432655148151085, -7.785844187534737 ], [ 110.432719980239099, -7.785853612339928 ], [ 110.432853131519806, -7.785834402470021 ], [ 110.433139994435479, -7.785765197031749 ], [ 110.43322853561979, -7.785735691462757 ], [ 110.433230836908777, -7.785735008135475 ], [ 110.434110836711213, -7.785505034615753 ], [ 110.434113845980491, -7.785504382999519 ], [ 110.434523900107749, -7.785434380342809 ], [ 110.434527998054179, -7.785433917951623 ], [ 110.434887649075876, -7.78541388713114 ], [ 110.436667390269534, -7.785283881999738 ], [ 110.437216286577922, -7.785243993884853 ], [ 110.437595285464155, -7.785194173541415 ], [ 110.437596564808686, -7.785194028354618 ], [ 110.437806511178962, -7.785173959489873 ], [ 110.437810020579306, -7.785173794471725 ], [ 110.437825337777284, -7.785173814776534 ], [ 110.437827735903653, -7.785121134970973 ], [ 110.437830558791518, -7.785059124371 ], [ 110.437830642973779, -7.785057275132064 ], [ 110.437780498160578, -7.78506193120044 ], [ 110.436475407911956, -7.785183109881631 ], [ 110.436084570039412, -7.785213132237225 ], [ 110.435345481728177, -7.785263092485881 ], [ 110.435214509972425, -7.785276883730239 ], [ 110.435156687017241, -7.785282972438202 ], [ 110.435149994055905, -7.785283322409083 ], [ 110.435092026694903, -7.785283297636167 ], [ 110.435055079564876, -7.785283281842323 ], [ 110.434879466417428, -7.785311373561058 ], [ 110.434810029200705, -7.785322480128808 ], [ 110.434805738899115, -7.78532301766428 ], [ 110.434255780678242, -7.78537301808045 ], [ 110.434253129835952, -7.785373203387786 ], [ 110.433843133919339, -7.785393274805642 ], [ 110.433841564526574, -7.785393332238929 ], [ 110.433630726949559, -7.785398444581955 ], [ 110.433434016710976, -7.785403214387676 ], [ 110.43314587999231, -7.785433014994 ], [ 110.432055218460306, -7.785523141122474 ], [ 110.431685500432948, -7.785553098679645 ], [ 110.430864873806016, -7.785628248750982 ], [ 110.430375818821176, -7.78567303389603 ], [ 110.430371260166652, -7.785673286923204 ], [ 110.430234656794767, -7.785675961525141 ], [ 110.429863873853009, -7.785683220983035 ], [ 110.429575988712585, -7.785712995075797 ], [ 110.429488003323826, -7.785720560264282 ], [ 110.428746889940157, -7.78578512317518 ], [ 110.428736404858512, -7.785785169743707 ], [ 110.428730940902341, -7.785784285324119 ], [ 110.428750355940863, -7.785668372335768 ], [ 110.428752168933613, -7.785657548290575 ], [ 110.429394361040593, -7.785601603080631 ], [ 110.429477029391379, -7.785594401271012 ], [ 110.429563989371033, -7.78558692898041 ], [ 110.429853419930424, -7.785556990202489 ], [ 110.429858723297272, -7.785556664568628 ], [ 110.430366484088282, -7.78554672316883 ], [ 110.43167455446283, -7.785426937221609 ], [ 110.431876069019197, -7.785410607981515 ], [ 110.432044835877235, -7.785396932296041 ], [ 110.432303647197159, -7.785375547443285 ], [ 110.432148628564178, -7.785356542078365 ], [ 110.43211550702479, -7.785359165403479 ], [ 110.431971609034193, -7.785334839838499 ], [ 110.431963386479637, -7.785333831756731 ], [ 110.431960734702301, -7.78533344030195 ], [ 110.431844644218103, -7.785313377054173 ], [ 110.431786004134452, -7.785303464219931 ], [ 110.431765576348425, -7.785299712191924 ], [ 110.431150481570924, -7.785193408238912 ], [ 110.431040279335789, -7.785173416824346 ], [ 110.431031168244104, -7.785170932968593 ], [ 110.43102262506342, -7.785166915222806 ], [ 110.431014907188825, -7.785161484636429 ], [ 110.431008247150089, -7.785154804826236 ], [ 110.431002845605562, -7.785147077046259 ], [ 110.430998865296758, -7.785138534124718 ], [ 110.430996426145285, -7.785129433448863 ], [ 110.430995601639495, -7.785120049210388 ], [ 110.430995581306092, -7.785079975989422 ], [ 110.430995558586758, -7.784852160039653 ], [ 110.430993106269185, -7.784835355917919 ], [ 110.430686348084365, -7.784931803470138 ], [ 110.430682588175472, -7.784932839415217 ], [ 110.430399403548435, -7.785000068000568 ], [ 110.430270216691198, -7.785030737142474 ], [ 110.430103495690204, -7.785070316877099 ], [ 110.429882586923839, -7.785122760727807 ], [ 110.429879363127455, -7.785123423990332 ], [ 110.429872721920646, -7.78512416720521 ], [ 110.429474838194622, -7.785144142887343 ], [ 110.429457245556392, -7.785146387052143 ], [ 110.429448267179609, -7.785146786139424 ], [ 110.429439345393277, -7.785145705925348 ], [ 110.429430723560586, -7.785143175875341 ], [ 110.429422636862668, -7.785139265002698 ], [ 110.42941530588368, -7.785134079985732 ], [ 110.429408930593638, -7.785127762258289 ], [ 110.429408230363961, -7.785126790729951 ], [ 110.429403684893771, -7.785120484151583 ], [ 110.429399711873117, -7.785112444193368 ], [ 110.429397119905246, -7.785103861692845 ], [ 110.429396832913426, -7.785101623843045 ], [ 110.429395979692188, -7.785094970758257 ], [ 110.429396322335919, -7.78508601391114 ], [ 110.429398138489887, -7.785077235470858 ], [ 110.429401378614074, -7.785068874890427 ], [ 110.429405954326313, -7.785061160224616 ], [ 110.429411740812995, -7.785054301909351 ], [ 110.429418580233872, -7.785048487021588 ], [ 110.429426286027422, -7.785043874176178 ], [ 110.42943464799967, -7.785040589199609 ], [ 110.42944343805793, -7.785038721697338 ], [ 110.429463107555819, -7.785036212602177 ], [ 110.429467275555027, -7.785035842687551 ], [ 110.429862252976392, -7.785016012911852 ], [ 110.430236746331687, -7.784927107915527 ], [ 110.430286743520043, -7.784915238518161 ], [ 110.430286863440941, -7.784915210048774 ], [ 110.430288675146883, -7.784821801604174 ], [ 110.43030512281257, -7.783971891988537 ], [ 110.430306265921772, -7.783971655483051 ], [ 110.430306406620403, -7.783964855048934 ], [ 110.430306468923504, -7.783963080519292 ], [ 110.430307407949911, -7.783959730526855 ], [ 110.430310022248278, -7.783954213190476 ], [ 110.430313529094221, -7.783949212529865 ], [ 110.430317828726686, -7.783944870801169 ], [ 110.430322798831881, -7.783941311515863 ], [ 110.4303282980228, -7.78393863592659 ], [ 110.43033416986114, -7.783936920147265 ], [ 110.430340247307868, -7.783936212987408 ], [ 110.430346357474846, -7.78393653456399 ], [ 110.430367419427085, -7.783939433801923 ], [ 110.431226109963291, -7.784057634093165 ], [ 110.432094203856778, -7.784087916483291 ], [ 110.432104713783673, -7.784088283098284 ], [ 110.432145107264631, -7.784089692131085 ], [ 110.432149769999484, -7.784090156802393 ], [ 110.432154333779351, -7.784091217028315 ], [ 110.432158722457643, -7.784092855119142 ], [ 110.432166334294109, -7.784096270317238 ], [ 110.432197895796307, -7.78411043099559 ], [ 110.432198202060775, -7.784110266312262 ], [ 110.432206740267915, -7.784107363703558 ], [ 110.4322712356323, -7.784091244782087 ], [ 110.432446680030566, -7.784047397008306 ], [ 110.432681735676212, -7.783987480803023 ], [ 110.432956237635764, -7.783917509454969 ], [ 110.433097771009059, -7.783879726322724 ], [ 110.433105736962432, -7.783775856947439 ], [ 110.433106054188229, -7.783772835496973 ], [ 110.433128233447007, -7.783606644957621 ], [ 110.433135183082129, -7.783554570760156 ], [ 110.43313668337332, -7.783543329099531 ], [ 110.433045190980877, -7.783543324338657 ], [ 110.433009762539854, -7.783543322489808 ], [ 110.432019700425926, -7.783533317507821 ], [ 110.431676969886425, -7.783533275474177 ], [ 110.431649668489555, -7.783533272113951 ], [ 110.431560765577146, -7.783532042161979 ], [ 110.430210348629998, -7.783513357155077 ], [ 110.429830986094444, -7.783522739248252 ], [ 110.429823550400812, -7.783523116639719 ], [ 110.429821658190164, -7.783523236133349 ], [ 110.429819953131329, -7.783523346558717 ], [ 110.429643540668593, -7.783533192280458 ], [ 110.429640031282176, -7.783533289818124 ], [ 110.429604363835864, -7.783533297096066 ], [ 110.429194975887867, -7.78353255455273 ], [ 110.429183954389586, -7.783531572778647 ], [ 110.429183436314048, -7.783531433332615 ], [ 110.429206952560349, -7.783405943221867 ], [ 110.429604477627137, -7.783406664275246 ], [ 110.429638249007638, -7.783406657318404 ], [ 110.429758626228647, -7.78339998559751 ], [ 110.429786531839127, -7.782607736178242 ], [ 110.429786786330851, -7.782603876446577 ], [ 110.429789821398842, -7.782572513024098 ], [ 110.429906960868749, -7.781370364947819 ], [ 110.429911791271863, -7.781320792555407 ], [ 110.429870578565897, -7.781314796625765 ], [ 110.429878123969829, -7.781242896274945 ], [ 110.429879594429181, -7.781242980822063 ], [ 110.429918817309954, -7.78124868725692 ], [ 110.429923647709245, -7.78119911486396 ], [ 110.430258366510685, -7.777763994567885 ], [ 110.430269584058024, -7.77764887084188 ], [ 110.430281920506303, -7.777522263930566 ], [ 110.430283147428923, -7.777515693974908 ], [ 110.430407642171261, -7.777541200021958 ], [ 110.430398377249233, -7.77763628433933 ], [ 110.430393547050144, -7.777685855996808 ], [ 110.430434282618748, -7.77769176925644 ], [ 110.430456440850449, -7.777694985791779 ], [ 110.430477239020661, -7.777698004895297 ], [ 110.431138240800024, -7.777793956674296 ], [ 110.431153515677465, -7.777695807737992 ], [ 110.431153929454808, -7.777694096485963 ], [ 110.431159413808075, -7.777695220688732 ], [ 110.43119474682571, -7.777702459720858 ], [ 110.431224940219366, -7.777708644888521 ], [ 110.431209833872074, -7.777805710662216 ], [ 110.431913637733899, -7.777934905104632 ], [ 110.431915237660604, -7.777925430293664 ], [ 110.431915801030286, -7.777920311636777 ], [ 110.431915938049812, -7.777919168663839 ], [ 110.431925355800487, -7.777854307132523 ], [ 110.431925843185553, -7.777852242727507 ], [ 110.431948102403993, -7.777856803616774 ], [ 110.43197647900837, -7.77786261726669 ], [ 110.431996853212254, -7.777866790922229 ], [ 110.431992572374853, -7.777896234543815 ], [ 110.432782032593806, -7.778041453783759 ], [ 110.432783823066742, -7.77802973163899 ], [ 110.432784242420354, -7.778027975825343 ], [ 110.432796202108293, -7.778030406900183 ], [ 110.432845692685177, -7.778040466703938 ], [ 110.432855276491395, -7.778042414649423 ], [ 110.432853313081253, -7.778055268942788 ], [ 110.433740211158707, -7.778236693096436 ], [ 110.43379745075562, -7.778242478125717 ], [ 110.433799425973305, -7.778234328494626 ], [ 110.43387044386435, -7.778248764003597 ], [ 110.433870267732772, -7.77824994921842 ], [ 110.433881779746187, -7.778251068191461 ], [ 110.433990861491537, -7.778273240625348 ], [ 110.43474058179855, -7.778440716043234 ], [ 110.434825073313419, -7.778459589971904 ], [ 110.434838512736306, -7.778462592102545 ], [ 110.434901246100225, -7.778443303450691 ], [ 110.43492072668738, -7.778437313744087 ], [ 110.43492135104448, -7.778435739088567 ], [ 110.434926317853098, -7.778427679631365 ], [ 110.434932612427474, -7.778420602810481 ], [ 110.434939811332029, -7.778414907340994 ], [ 110.434953875762417, -7.778316340196875 ], [ 110.434964071760163, -7.778244883986553 ], [ 110.434964269465738, -7.778243651276343 ], [ 110.434964787516563, -7.778241228465759 ], [ 110.435050402916147, -7.777898758636027 ], [ 110.435071915434733, -7.777788669137695 ], [ 110.435196297218766, -7.777151624392771 ], [ 110.435177023618223, -7.777147826646435 ], [ 110.435176577529404, -7.777147697730909 ], [ 110.435191539661915, -7.777076929767198 ], [ 110.435210166884389, -7.777080596893217 ], [ 110.435214997062758, -7.777055861252176 ], [ 110.435215049480888, -7.777055679012025 ], [ 110.435274535742977, -7.777067555628718 ], [ 110.43528617391236, -7.777069879224504 ] ], [ [ 110.435523390218108, -7.777847348358645 ], [ 110.435652151988208, -7.777879880440552 ], [ 110.436378743980171, -7.778063455468144 ], [ 110.436473341603858, -7.778087355659367 ], [ 110.436478617163033, -7.778088976618966 ], [ 110.436790903595707, -7.778202524371118 ], [ 110.436807981585702, -7.778208733942274 ], [ 110.43681494980143, -7.778211071026197 ], [ 110.436815946459461, -7.778207955170488 ], [ 110.436869233207872, -7.778041364550666 ], [ 110.436876955241104, -7.778017223087774 ], [ 110.436882877424139, -7.777981710780686 ], [ 110.436925802972397, -7.777724307968041 ], [ 110.436926451082158, -7.777720421578356 ], [ 110.436926903104819, -7.777718709254372 ], [ 110.436951089213451, -7.777595623029631 ], [ 110.436937368652238, -7.777591450963167 ], [ 110.436033346935346, -7.777316560288386 ], [ 110.435396360419318, -7.777191045829722 ], [ 110.435267475130729, -7.777165649615454 ], [ 110.435212474629893, -7.777447311293187 ], [ 110.435152260504154, -7.77775567180802 ], [ 110.435339871125962, -7.777806055126388 ], [ 110.435396812460297, -7.777818861405287 ], [ 110.435521997675465, -7.777847015910959 ], [ 110.435523390218108, -7.777847348358645 ] ], [ [ 110.4390224471435, -7.780271676466262 ], [ 110.439022, -7.780265 ], [ 110.438977900000168, -7.780255599999966 ], [ 110.438978221406785, -7.780254185811006 ], [ 110.43898990000001, -7.780202799999948 ], [ 110.439047200718861, -7.780205138705237 ], [ 110.439049686932321, -7.780196713125818 ], [ 110.439183352563006, -7.780185256058935 ], [ 110.439186506913742, -7.780185123208954 ], [ 110.439188846652357, -7.78018520163858 ], [ 110.43941489542884, -7.780200073267282 ], [ 110.439418854394049, -7.780200552829079 ], [ 110.439421030631308, -7.780201007530773 ], [ 110.439481767729575, -7.780215649222719 ], [ 110.43960805270568, -7.779844959327738 ], [ 110.43964980787463, -7.77956152422394 ], [ 110.439649982031895, -7.779560453828696 ], [ 110.439651552152696, -7.77955456966336 ], [ 110.439707382150814, -7.779400060434147 ], [ 110.439709434617939, -7.77936073366064 ], [ 110.439709944464937, -7.7793562960805 ], [ 110.439711681948793, -7.779349958882167 ], [ 110.440025134221415, -7.778531821426862 ], [ 110.440025848902238, -7.778530091579067 ], [ 110.440056285057167, -7.778461512201304 ], [ 110.440056324137274, -7.778461424145179 ], [ 110.439747201216193, -7.778370464505256 ], [ 110.439685520597777, -7.778352314908275 ], [ 110.439257014311693, -7.778226226127033 ], [ 110.439254827168966, -7.778225506534481 ], [ 110.43925063358094, -7.778223670995186 ], [ 110.439175877881965, -7.778185165964805 ], [ 110.439096264440934, -7.778144158795797 ], [ 110.438726654321826, -7.777953780291315 ], [ 110.438502330518148, -7.777863896199233 ], [ 110.438497268493336, -7.777861395134694 ], [ 110.438492657164531, -7.777858140593837 ], [ 110.438488608354547, -7.777854211497926 ], [ 110.438485220245312, -7.777849703125894 ], [ 110.438482574997053, -7.777844724803943 ], [ 110.43848073675592, -7.777839397254263 ], [ 110.438469111004096, -7.777794641082409 ], [ 110.438464134238913, -7.777775481806314 ], [ 110.43844647725841, -7.777707506924482 ], [ 110.438117616133368, -7.777715241948782 ], [ 110.437952547334319, -7.777719124376341 ], [ 110.437951643924336, -7.777719134400765 ], [ 110.437947442415052, -7.777718885318055 ], [ 110.437850637636672, -7.777707496620446 ], [ 110.437583464941852, -7.777676064697406 ], [ 110.437069165933181, -7.777615558754668 ], [ 110.437050336003409, -7.777613343450287 ], [ 110.437033751486567, -7.777738524516138 ], [ 110.437033697073787, -7.777738868516765 ], [ 110.436983616131855, -7.77803918800843 ], [ 110.436981830330254, -7.778046483045348 ], [ 110.436903740160687, -7.778289566358094 ], [ 110.436901674682758, -7.778296835545508 ], [ 110.436901127720233, -7.778298654728426 ], [ 110.436871746839699, -7.778386691803394 ], [ 110.436751869279277, -7.778766292838872 ], [ 110.436748793884831, -7.778773946370647 ], [ 110.436744591487724, -7.778781046921368 ], [ 110.436709848623678, -7.778830695194921 ], [ 110.436674512128931, -7.778881191717444 ], [ 110.436674402228689, -7.778889996364463 ], [ 110.436674402483717, -7.778891666232906 ], [ 110.43669215511656, -7.778893732002345 ], [ 110.437056314059504, -7.77893610689772 ], [ 110.437059565299649, -7.778936584883287 ], [ 110.437339599769047, -7.778986611069301 ], [ 110.437348914673152, -7.778989143507333 ], [ 110.437589154463524, -7.779079166671834 ], [ 110.437591604155813, -7.779080309383302 ], [ 110.437596843896415, -7.779082753572504 ], [ 110.437603880421946, -7.779087489573095 ], [ 110.437610092794685, -7.779093259415173 ], [ 110.437615329826286, -7.779099922680266 ], [ 110.437655334109451, -7.779159932877792 ], [ 110.437656727415202, -7.779162135856904 ], [ 110.437673312040673, -7.779189812071483 ], [ 110.437686950372637, -7.77921257154551 ], [ 110.437691174487099, -7.779221536413698 ], [ 110.437693209367211, -7.779228593217619 ], [ 110.43777318346433, -7.779598573871682 ], [ 110.437773591369307, -7.779600658079818 ], [ 110.43777440555732, -7.779610002262877 ], [ 110.437774416767368, -7.77967802370112 ], [ 110.437774434961852, -7.779788407126118 ], [ 110.437774438513728, -7.779809992074421 ], [ 110.437773493457669, -7.779820015192926 ], [ 110.437713751386298, -7.780118816210527 ], [ 110.437673942028965, -7.780426920822854 ], [ 110.437673468073697, -7.780429913335982 ], [ 110.437657512855822, -7.780511723955537 ], [ 110.437631315976205, -7.780646048765684 ], [ 110.437605182121999, -7.78078005030844 ], [ 110.43759342035105, -7.780840358847485 ], [ 110.437593075151312, -7.780841994044217 ], [ 110.437581138024072, -7.780894515528494 ], [ 110.437484448446284, -7.781319933900196 ], [ 110.437443384091765, -7.78150061005055 ], [ 110.437363568805068, -7.781959372664787 ], [ 110.43736335013574, -7.781960540093669 ], [ 110.437353660633221, -7.782009283996646 ], [ 110.437324251243794, -7.782205134288742 ], [ 110.437298193735828, -7.782378662708983 ], [ 110.437293721269484, -7.782408446813804 ], [ 110.437273851246161, -7.782527802461522 ], [ 110.437170293159994, -7.783347495686094 ], [ 110.437165570169455, -7.783384879469685 ], [ 110.437162340911371, -7.783410439940345 ], [ 110.437253036692027, -7.783416095837073 ], [ 110.437261982889794, -7.783416653731542 ], [ 110.437559344423448, -7.783416689532974 ], [ 110.437960556580649, -7.78340799755656 ], [ 110.438019267756815, -7.783406725588721 ], [ 110.438077896540349, -7.783406703001984 ], [ 110.438129965227176, -7.783406682935678 ], [ 110.438610013768539, -7.783406685354593 ], [ 110.438878525077882, -7.783406663350481 ], [ 110.438975334314705, -7.78340665530724 ], [ 110.439060000299747, -7.783406648382622 ], [ 110.439148718658984, -7.783406676567541 ], [ 110.439163296205862, -7.783406070000932 ], [ 110.439385868668282, -7.783396802566309 ], [ 110.439387381129549, -7.783396739592926 ], [ 110.43939003475721, -7.78339668448985 ], [ 110.439482478918094, -7.783396692600966 ], [ 110.43960997384734, -7.783396703754383 ], [ 110.439819964433255, -7.783396709768876 ], [ 110.440020012098429, -7.783396702549167 ], [ 110.440160008635232, -7.783396706434912 ], [ 110.440513909053664, -7.783396697946734 ], [ 110.44056381608506, -7.783396696725986 ], [ 110.440565853987167, -7.783333380137486 ], [ 110.440569781593084, -7.783211351292951 ], [ 110.440571333316996, -7.783163139928799 ], [ 110.440571896722744, -7.783157846635238 ], [ 110.440650078455633, -7.782736136874844 ], [ 110.440653337708952, -7.782691593805853 ], [ 110.440655131232404, -7.782667082345194 ], [ 110.440611728016705, -7.782649984112423 ], [ 110.440522880958099, -7.782614983745851 ], [ 110.440518660089708, -7.782612999147268 ], [ 110.440514729573408, -7.782610490592427 ], [ 110.440511154444138, -7.782607499588376 ], [ 110.440461185763141, -7.782559910365377 ], [ 110.440457146511207, -7.782555357215519 ], [ 110.440453928674671, -7.782550193821714 ], [ 110.440451623106625, -7.782544565968324 ], [ 110.440450294902888, -7.782538632553389 ], [ 110.440449981564242, -7.782532561102267 ], [ 110.440454740498652, -7.782387413982224 ], [ 110.440455280613392, -7.782382266600728 ], [ 110.440455570951229, -7.78238081098141 ], [ 110.440545990501079, -7.781971543698122 ], [ 110.44054706660657, -7.781967697118926 ], [ 110.440577015374302, -7.781879722645168 ], [ 110.439642283605977, -7.781815092624242 ], [ 110.439636133102752, -7.781814133358329 ], [ 110.439630237599715, -7.781812139457511 ], [ 110.439624770704285, -7.781809169637005 ], [ 110.439619893402522, -7.781805311350421 ], [ 110.439615749318449, -7.781800678214423 ], [ 110.439612460484682, -7.781795406662953 ], [ 110.439610123748878, -7.781789651929701 ], [ 110.439608807921871, -7.78178358347677 ], [ 110.439608551751377, -7.781777380004494 ], [ 110.439625902036582, -7.781390907929483 ], [ 110.439581867723149, -7.781345027376939 ], [ 110.439532651412918, -7.781293747541588 ], [ 110.439452437606107, -7.781210170526053 ], [ 110.43943090630961, -7.781187736455732 ], [ 110.43942728796587, -7.781183315698163 ], [ 110.439424411677535, -7.781178382449755 ], [ 110.439422349018201, -7.781173059469342 ], [ 110.439421151314988, -7.781167479214019 ], [ 110.439420848371526, -7.781161780542762 ], [ 110.439421447726218, -7.781156105261275 ], [ 110.439584954465801, -7.780316125386997 ], [ 110.439499100329485, -7.780294237458763 ], [ 110.439496731480006, -7.780293634550639 ], [ 110.439492984529764, -7.780292639844909 ], [ 110.439407012035232, -7.780272073654309 ], [ 110.439186820151761, -7.780257587344749 ], [ 110.4390224471435, -7.780271676466262 ] ], [ [ 110.439639559844679, -7.780255456108587 ], [ 110.440126853622189, -7.780379182291577 ], [ 110.440273831504257, -7.780395821295977 ], [ 110.440623136003026, -7.780398661167116 ], [ 110.44062892982879, -7.780399173350688 ], [ 110.440965105222304, -7.780456264621465 ], [ 110.44099329509001, -7.780461051976941 ], [ 110.440993773447488, -7.780457597174934 ], [ 110.440997579426664, -7.780430109560521 ], [ 110.440997797874701, -7.780428729171192 ], [ 110.440998885335759, -7.780424281138835 ], [ 110.441118991645709, -7.780040412054461 ], [ 110.441132963934294, -7.779849457661626 ], [ 110.441133427197798, -7.779845761239389 ], [ 110.441134720991442, -7.779840674622038 ], [ 110.441156786044431, -7.779774494227621 ], [ 110.439766582433904, -7.779449028544081 ], [ 110.439721066114629, -7.779575607129269 ], [ 110.439679355728686, -7.779858738562409 ], [ 110.43967918157135, -7.779859808957647 ], [ 110.439677812527975, -7.779865118784758 ], [ 110.439552422334771, -7.780233182363589 ], [ 110.439633447070918, -7.780253842784904 ], [ 110.43963603306031, -7.780254502529695 ], [ 110.439639559844679, -7.780255456108587 ] ], [ [ 110.440601306137395, -7.779570120737845 ], [ 110.441165186975013, -7.779702132359604 ], [ 110.441186059507004, -7.779695947905679 ], [ 110.441338394564369, -7.779405551675247 ], [ 110.441416199116688, -7.779206747976083 ], [ 110.44145993130924, -7.779010528606435 ], [ 110.441459676633954, -7.778888145235904 ], [ 110.441318138478493, -7.778858438022732 ], [ 110.441313943587616, -7.778857291814484 ], [ 110.440960014792154, -7.77873741270311 ], [ 110.440663045625371, -7.778639154559743 ], [ 110.440658368025922, -7.778637827861907 ], [ 110.440656972323239, -7.77863741861724 ], [ 110.440126517933805, -7.778482040720172 ], [ 110.440092573635823, -7.77855852474698 ], [ 110.439781590166632, -7.77937021338777 ], [ 110.439781175168036, -7.779378116263088 ], [ 110.440024899301235, -7.779435175774779 ], [ 110.440601306137395, -7.779570120737845 ] ], [ [ 110.441269620194873, -7.779692751661853 ], [ 110.441873259976731, -7.779838922975746 ], [ 110.441877153265736, -7.779840099844367 ], [ 110.441878077451648, -7.779840451021521 ], [ 110.442286192778866, -7.780001916103635 ], [ 110.442918656322007, -7.78009019812632 ], [ 110.442927544340037, -7.780091438748088 ], [ 110.442929573814425, -7.780091722029049 ], [ 110.442930067535698, -7.78008724449066 ], [ 110.442933317018628, -7.780032235430162 ], [ 110.442963325954281, -7.779524227788536 ], [ 110.442963416645753, -7.779523030989218 ], [ 110.443014849999045, -7.778967155714848 ], [ 110.442742514346847, -7.778961012142666 ], [ 110.442712778594853, -7.779109690951045 ], [ 110.442711066837646, -7.779115587520857 ], [ 110.442708380219827, -7.779121110600345 ], [ 110.442704796081628, -7.779126101195472 ], [ 110.442700417600477, -7.779130415640747 ], [ 110.442695370820687, -7.779133929735188 ], [ 110.442689801025139, -7.779136542317682 ], [ 110.442683868552805, -7.779138178179386 ], [ 110.442677744183186, -7.779138790228203 ], [ 110.442671604219967, -7.779138360844986 ], [ 110.442591108369655, -7.779125820898522 ], [ 110.442133925789804, -7.779054598975285 ], [ 110.44196096096185, -7.779027653616516 ], [ 110.441955982366594, -7.779026460463963 ], [ 110.441951221942119, -7.779024579733615 ], [ 110.441946774628775, -7.779022048934007 ], [ 110.441942729122275, -7.779018918538637 ], [ 110.441815946979887, -7.778905655816599 ], [ 110.441543964027986, -7.778922178144805 ], [ 110.441532302944921, -7.778922886524414 ], [ 110.441532402115286, -7.778970564717882 ], [ 110.441532493397247, -7.779014450560557 ], [ 110.441531933981736, -7.779020793993205 ], [ 110.441531629130807, -7.77902231504832 ], [ 110.441486419387346, -7.779225164103983 ], [ 110.441485079540954, -7.779229732738805 ], [ 110.441484800603007, -7.779230469017764 ], [ 110.441405256829043, -7.779433716801035 ], [ 110.441403606479213, -7.77943733358771 ], [ 110.441362617421902, -7.779515471074306 ], [ 110.441341572838255, -7.779555588375969 ], [ 110.441269620194873, -7.779692751661853 ] ], [ [ 110.44129905492079, -7.779774343375474 ], [ 110.441238208828807, -7.779759609454255 ], [ 110.441237019391295, -7.779763176973947 ], [ 110.441204996193235, -7.77985922519639 ], [ 110.44119104877052, -7.780049840194406 ], [ 110.441190585507172, -7.78005353661671 ], [ 110.441189498049354, -7.78005798464983 ], [ 110.441181787620494, -7.780082627816615 ], [ 110.441097104559219, -7.78035328164289 ], [ 110.441069040500338, -7.780442976525537 ], [ 110.441060497544257, -7.780503049800135 ], [ 110.441059998703778, -7.780507932010139 ], [ 110.441059836575093, -7.780509317832773 ], [ 110.441005261284857, -7.780903604472678 ], [ 110.440979133540836, -7.78112925333558 ], [ 110.440978813563163, -7.781131432476097 ], [ 110.440977110189522, -7.78113767996148 ], [ 110.440922323936462, -7.781282984886897 ], [ 110.440919985155062, -7.781287990411952 ], [ 110.440868409875748, -7.781379419327968 ], [ 110.440691338045028, -7.781768977419969 ], [ 110.440662465382403, -7.781853288021546 ], [ 110.44066082865038, -7.781858500746999 ], [ 110.440660583997186, -7.781859297478011 ], [ 110.440616413752096, -7.781989067581629 ], [ 110.440527146682427, -7.782393118680707 ], [ 110.440523027552132, -7.782518752492221 ], [ 110.440556132081909, -7.782550280613078 ], [ 110.440706579654744, -7.782609547835598 ], [ 110.440711736030309, -7.782612066341802 ], [ 110.440716429420149, -7.78261536467199 ], [ 110.440720542261431, -7.782619360207748 ], [ 110.440723971533231, -7.782623952866413 ], [ 110.440726631337142, -7.782629027608336 ], [ 110.440728455048784, -7.782634457318446 ], [ 110.44072939698664, -7.782640105990094 ], [ 110.440729433556513, -7.78264583213206 ], [ 110.440722295181743, -7.782743390034569 ], [ 110.440721809317026, -7.782747210788385 ], [ 110.440643762648278, -7.783168192405902 ], [ 110.440642583184086, -7.783204838023999 ], [ 110.440638446022589, -7.783333378352248 ], [ 110.440636408131397, -7.78339669493985 ], [ 110.440686315163759, -7.783396693704672 ], [ 110.441170012708938, -7.783396681429155 ], [ 110.441171604533793, -7.783396702349712 ], [ 110.44127977115356, -7.783399477538039 ], [ 110.441434485167008, -7.783403448192653 ], [ 110.441484380993955, -7.783404728563006 ], [ 110.441484324050975, -7.783398839893721 ], [ 110.441483768340206, -7.783341375350164 ], [ 110.441482900068721, -7.783251589339183 ], [ 110.441479724326896, -7.782923193856963 ], [ 110.441479818523604, -7.782920425753567 ], [ 110.441517794888185, -7.782398251355422 ], [ 110.441517794949235, -7.781871297589648 ], [ 110.441518248838264, -7.781865615709154 ], [ 110.44151959182507, -7.7818600754352 ], [ 110.441521790577212, -7.781854814274922 ], [ 110.441524790522479, -7.781849962808458 ], [ 110.441528517203437, -7.781845641447182 ], [ 110.441532878125273, -7.781841957445533 ], [ 110.441537765051649, -7.781839002239026 ], [ 110.441543056690975, -7.781836849174661 ], [ 110.441548621706914, -7.781835551690789 ], [ 110.441554321977932, -7.781835141990274 ], [ 110.442320710340184, -7.78184466121639 ], [ 110.44232697410051, -7.781845283746535 ], [ 110.44233303566358, -7.781846976814453 ], [ 110.442338712522584, -7.781849689443796 ], [ 110.442343833753796, -7.781853339960272 ], [ 110.442348245162719, -7.781857818451085 ], [ 110.442351813926834, -7.781862990073921 ], [ 110.442354432594627, -7.78186869911713 ], [ 110.442356022320965, -7.781874773687817 ], [ 110.442356535240933, -7.781881030887508 ], [ 110.44235595591104, -7.781887282319144 ], [ 110.44235430177423, -7.781893339759026 ], [ 110.442351622634618, -7.781899020824526 ], [ 110.442347999158059, -7.781904154465132 ], [ 110.442343540443332, -7.781908586112809 ], [ 110.442339407732291, -7.781911569028027 ], [ 110.442334896297936, -7.781913944191342 ], [ 110.44233009537605, -7.781915664622109 ], [ 110.442325099928425, -7.7819166962904 ], [ 110.442320008764625, -7.781917018789879 ], [ 110.441590349304761, -7.781907955846258 ], [ 110.441590349329729, -7.78239958568497 ], [ 110.441590254290105, -7.782402179276131 ], [ 110.441552290691689, -7.782924179369062 ], [ 110.441555473667691, -7.783253317258692 ], [ 110.44155634325395, -7.783343237680044 ], [ 110.441556878771664, -7.78339861372721 ], [ 110.441556955918202, -7.783406590888328 ], [ 110.441561708246454, -7.7834067128361 ], [ 110.441606851175592, -7.783407930981825 ], [ 110.441930841330105, -7.783416673455347 ], [ 110.44216001093406, -7.783416704562091 ], [ 110.442386947778516, -7.783416645894905 ], [ 110.442525743760228, -7.783403441248353 ], [ 110.442576199392661, -7.783398641034494 ], [ 110.442577697585918, -7.783380718504279 ], [ 110.442581558838768, -7.783334527159176 ], [ 110.442583862280642, -7.783306971581884 ], [ 110.442583944106048, -7.783306115681288 ], [ 110.442589811755226, -7.783251602702237 ], [ 110.442600558306324, -7.783151762581053 ], [ 110.442653902212982, -7.78265617360598 ], [ 110.4426839346892, -7.782376387983871 ], [ 110.442713865195969, -7.782056720894493 ], [ 110.442747645418606, -7.781674061575162 ], [ 110.442756044816264, -7.781578913802274 ], [ 110.442799264884243, -7.781089319014638 ], [ 110.442799602210087, -7.781086643541636 ], [ 110.442861268411718, -7.780711180896329 ], [ 110.442916558694577, -7.780209755740484 ], [ 110.442921639116676, -7.780163681534529 ], [ 110.44292051766692, -7.780163524998551 ], [ 110.442271830001573, -7.780072978340119 ], [ 110.442267589932669, -7.780072126829433 ], [ 110.442263481610865, -7.780070778079965 ], [ 110.442038581102324, -7.77998179940387 ], [ 110.441853679488545, -7.779908645636175 ], [ 110.441516164847926, -7.779826916611547 ], [ 110.44129905492079, -7.779774343375474 ] ], [ [ 110.440267540392171, -7.780467935540663 ], [ 110.440116206659667, -7.780450803419207 ], [ 110.440113951443365, -7.780450476260079 ], [ 110.44011133964996, -7.780449913716805 ], [ 110.439659287021527, -7.780335018091087 ], [ 110.439655378956374, -7.78033402479828 ], [ 110.439637368763812, -7.780426547152353 ], [ 110.439496303580199, -7.781151228578775 ], [ 110.439661863101065, -7.781323729627574 ], [ 110.439689043160243, -7.781352049264965 ], [ 110.439692739017687, -7.781356582277098 ], [ 110.439695655141122, -7.781361649472217 ], [ 110.439697715489231, -7.781367118717177 ], [ 110.439698866335974, -7.781372847395083 ], [ 110.439699077671662, -7.781378686123958 ], [ 110.43969173117047, -7.781542327899498 ], [ 110.439682616903426, -7.781745345970509 ], [ 110.440601140452358, -7.781808855238667 ], [ 110.440623209376241, -7.781744027785039 ], [ 110.440623487655515, -7.78174324030645 ], [ 110.440624520101863, -7.781740721011623 ], [ 110.440802979699768, -7.78134810996097 ], [ 110.440804403357774, -7.781345308134079 ], [ 110.44085539004503, -7.781254922654993 ], [ 110.440907570099853, -7.781116532103819 ], [ 110.440933232412419, -7.780894903199866 ], [ 110.440933333940549, -7.780894104455419 ], [ 110.440983365049149, -7.780532768929953 ], [ 110.44062814159922, -7.780472442820607 ], [ 110.440619627049344, -7.78047099682651 ], [ 110.440609050921168, -7.780470910845806 ], [ 110.440271336139574, -7.780468165189719 ], [ 110.440267540392171, -7.780467935540663 ] ], [ [ 110.433326636072337, -7.783409556468964 ], [ 110.433556472430752, -7.783396814025409 ], [ 110.43355839791495, -7.783396736487902 ], [ 110.433828180651133, -7.783389960777664 ], [ 110.433891921619391, -7.783388359870462 ], [ 110.433946172361416, -7.783386997310647 ], [ 110.433947229399266, -7.783384355212719 ], [ 110.433964835743893, -7.783340348555797 ], [ 110.433967551515181, -7.783323362770569 ], [ 110.433970339385212, -7.783305926042183 ], [ 110.434025609647293, -7.782960237907312 ], [ 110.434021830985998, -7.782959570264979 ], [ 110.433476833321208, -7.782863275603153 ], [ 110.433469008128739, -7.782861892978587 ], [ 110.433463368887402, -7.782860420651911 ], [ 110.433079442712611, -7.782726491051021 ], [ 110.43307382130763, -7.78272392872287 ], [ 110.433068717641405, -7.782720451820506 ], [ 110.433064279872553, -7.782716161277881 ], [ 110.433060636828671, -7.782711181648613 ], [ 110.433057894266696, -7.782705657490576 ], [ 110.433056131802672, -7.78269974916903 ], [ 110.433055400600566, -7.782693628201644 ], [ 110.433055721887015, -7.782687472278824 ], [ 110.433057086335097, -7.78268146010615 ], [ 110.433153820488911, -7.782378051420321 ], [ 110.433141632712378, -7.782375219423693 ], [ 110.43293449906885, -7.782325758860436 ], [ 110.432933684090102, -7.782325632193152 ], [ 110.432931619566219, -7.782325166199414 ], [ 110.432414490146613, -7.782245738415484 ], [ 110.432413673554024, -7.782245603250084 ], [ 110.432411340327292, -7.782245110295458 ], [ 110.432098095233144, -7.782168063702107 ], [ 110.432095785142849, -7.782167483015423 ], [ 110.43209197836768, -7.782166467790971 ], [ 110.431807995821231, -7.782096813490808 ], [ 110.431743991984717, -7.782500567138398 ], [ 110.432636196379264, -7.782564130889792 ], [ 110.432642116979594, -7.78256504740453 ], [ 110.432647805575613, -7.782566923329702 ], [ 110.432653106997265, -7.782569707494967 ], [ 110.432657876635631, -7.782573323955623 ], [ 110.432661984387423, -7.782577674064017 ], [ 110.432665318203846, -7.782582639160582 ], [ 110.432667787147096, -7.782588083810412 ], [ 110.432669323870783, -7.782593859497711 ], [ 110.432669886457035, -7.782599808676777 ], [ 110.432669459559989, -7.782605769069449 ], [ 110.432668054824148, -7.782611578091858 ], [ 110.432665710567122, -7.782617077288888 ], [ 110.432662490734018, -7.78262211665692 ], [ 110.432658483153503, -7.78262655873494 ], [ 110.43265379714191, -7.782630282354734 ], [ 110.432648560521471, -7.782633185945575 ], [ 110.432642916133531, -7.782635190305117 ], [ 110.432637017942312, -7.782636240759578 ], [ 110.432631026835168, -7.782636308655353 ], [ 110.431735096517713, -7.78257247944132 ], [ 110.431701381872784, -7.78295494123881 ], [ 110.431667144938899, -7.783343326913267 ], [ 110.431663836290554, -7.78338086034911 ], [ 110.431661563528124, -7.783406642649371 ], [ 110.431711636629316, -7.783406648681713 ], [ 110.432020271220495, -7.783406685732728 ], [ 110.433010329324901, -7.783416690669323 ], [ 110.433069764779702, -7.783416693307108 ], [ 110.433149988608065, -7.783416696854348 ], [ 110.433198254075663, -7.783416674088604 ], [ 110.433326636072337, -7.783409556468964 ] ], [ [ 110.431628871803113, -7.782951263190349 ], [ 110.431663162114617, -7.782562271731685 ], [ 110.431096461545764, -7.782461232069942 ], [ 110.431078109115646, -7.782459547506544 ], [ 110.431075016871318, -7.782459298239401 ], [ 110.431071810097208, -7.782458992832478 ], [ 110.43055493603012, -7.782414142136797 ], [ 110.430550811684839, -7.782413784252575 ], [ 110.43054516779209, -7.782412841624573 ], [ 110.430539742742624, -7.782411025567661 ], [ 110.430534671527909, -7.782408381270796 ], [ 110.430530080334847, -7.782404974531898 ], [ 110.43052608340605, -7.782400890120813 ], [ 110.430522780197009, -7.782396229669986 ], [ 110.430520252901388, -7.782391109145224 ], [ 110.430518564405858, -7.782385655960501 ], [ 110.430517756725123, -7.782380005807292 ], [ 110.430517849956701, -7.782374299278335 ], [ 110.430564408862296, -7.781888246745564 ], [ 110.43033488746363, -7.781855777529102 ], [ 110.430333634528438, -7.781855577930899 ], [ 110.430330416414563, -7.781854855627495 ], [ 110.430178566870495, -7.781813456581935 ], [ 110.43017263568305, -7.781811269714266 ], [ 110.430167175359898, -7.781808088863656 ], [ 110.43016235181021, -7.781804010678652 ], [ 110.430158311595136, -7.781799159072817 ], [ 110.43015722369509, -7.781797257711655 ], [ 110.430155177474532, -7.781793681459927 ], [ 110.43015304467707, -7.781787744274335 ], [ 110.43015197800662, -7.781781527914489 ], [ 110.430152009873439, -7.78177522126132 ], [ 110.430153139309198, -7.781769015939312 ], [ 110.430155331996502, -7.781763100494048 ], [ 110.430157424908472, -7.781759526797534 ], [ 110.430158521311654, -7.78175765466326 ], [ 110.430162610348887, -7.781752843915738 ], [ 110.430167474864874, -7.781748814423661 ], [ 110.43017296705375, -7.781745688621017 ], [ 110.430178920038202, -7.781743561483723 ], [ 110.430185152939828, -7.781742497643838 ], [ 110.430191476375128, -7.781742529425459 ], [ 110.430197698209724, -7.781743655863045 ], [ 110.430347341348352, -7.781784453370057 ], [ 110.43060388289669, -7.781820981824401 ], [ 110.430608908247322, -7.781821500379312 ], [ 110.430610441206213, -7.781821701494267 ], [ 110.430630311973616, -7.781691599185061 ], [ 110.430685165158479, -7.781332451682742 ], [ 110.43068736297954, -7.781317414444111 ], [ 110.430688698998281, -7.781308273556979 ], [ 110.430772051668697, -7.780737983142563 ], [ 110.430772210010105, -7.780736995605928 ], [ 110.430845135604471, -7.780319285365614 ], [ 110.431019134519701, -7.779164294919096 ], [ 110.431036021612783, -7.779006682179688 ], [ 110.430991189773223, -7.778880592598996 ], [ 110.430989736652847, -7.778875229602507 ], [ 110.43098912386931, -7.778869707953491 ], [ 110.430989365869536, -7.778864157829906 ], [ 110.431060749748198, -7.778275241240435 ], [ 110.431060947985088, -7.778273837256677 ], [ 110.431126821276891, -7.777865423103947 ], [ 110.430682863446336, -7.777800977784855 ], [ 110.430449415113941, -7.777767090022222 ], [ 110.430427172995238, -7.777763861312403 ], [ 110.430386521303248, -7.777757960225472 ], [ 110.430381691100337, -7.777807531882329 ], [ 110.430046983279837, -7.781242549204626 ], [ 110.430035790085157, -7.781357420639289 ], [ 110.429916200192451, -7.782584720097685 ], [ 110.429913355565716, -7.782614115720031 ], [ 110.429885851327214, -7.783394976735535 ], [ 110.430208349240019, -7.783386733803337 ], [ 110.43021045893002, -7.783386716097053 ], [ 110.431538791804854, -7.783405096628702 ], [ 110.431588804440196, -7.783405788586999 ], [ 110.43159101403289, -7.783380722935856 ], [ 110.431594379653944, -7.783342543274467 ], [ 110.431628871803113, -7.782951263190349 ] ], [ [ 110.430751637592664, -7.781377872466548 ], [ 110.430682545367205, -7.781831872966802 ], [ 110.431139818508001, -7.781896797865592 ], [ 110.431144843900412, -7.781897316420635 ], [ 110.431146101751395, -7.781897464728087 ], [ 110.431282832911663, -7.781916794218893 ], [ 110.431300407378629, -7.781919278693159 ], [ 110.431303272633571, -7.781903167736395 ], [ 110.431374300122457, -7.781503788896083 ], [ 110.431377987035361, -7.781482498196653 ], [ 110.431581185764756, -7.780309088800239 ], [ 110.431594098368322, -7.780234521210006 ], [ 110.431662047125812, -7.779728894339199 ], [ 110.431661681077372, -7.779722634417462 ], [ 110.431662024691036, -7.779717714752435 ], [ 110.431747970202025, -7.77909939543672 ], [ 110.431827053334644, -7.778530444194417 ], [ 110.431903218520532, -7.778006569606307 ], [ 110.431198409579238, -7.777877190660178 ], [ 110.43113269361136, -7.778284629828716 ], [ 110.43106241707909, -7.778864411639407 ], [ 110.431107160478106, -7.778990252417652 ], [ 110.431108582064994, -7.778995451337565 ], [ 110.431109213656114, -7.779000803177738 ], [ 110.431109041240717, -7.779006189217228 ], [ 110.431091195296901, -7.779172751490236 ], [ 110.431090997988562, -7.779174282956239 ], [ 110.430916821536826, -7.780330453166053 ], [ 110.430916686484565, -7.78033128377499 ], [ 110.430843774601897, -7.780748915876782 ], [ 110.4307677431988, -7.781269113708766 ], [ 110.430756929430245, -7.781343100096485 ], [ 110.430751637592664, -7.781377872466548 ] ], [ [ 110.431658703013085, -7.780286629032007 ], [ 110.432419768894107, -7.780435342351224 ], [ 110.43244041134794, -7.780252144283525 ], [ 110.43246313193049, -7.780050502950375 ], [ 110.432463348611051, -7.780048902637099 ], [ 110.432479703387926, -7.779945559633763 ], [ 110.432639303815066, -7.778937068828796 ], [ 110.432663043379222, -7.778792689926693 ], [ 110.432716441076394, -7.778467936213765 ], [ 110.432722767706608, -7.778429458920398 ], [ 110.432771100618723, -7.77811302501606 ], [ 110.431982153007894, -7.777967900063681 ], [ 110.43198055613135, -7.777977361177348 ], [ 110.431979991728397, -7.777982479668824 ], [ 110.431979854707507, -7.777983622657556 ], [ 110.431898888245115, -7.778540604544945 ], [ 110.431735396309747, -7.779716823528362 ], [ 110.431735777169195, -7.779721233424497 ], [ 110.431735457369371, -7.779725978651771 ], [ 110.431714117088262, -7.779885199659116 ], [ 110.43169499521801, -7.780027868849522 ], [ 110.431665920999919, -7.780244792744782 ], [ 110.431665711595429, -7.780246156567873 ], [ 110.431658703013085, -7.780286629032007 ] ], [ [ 110.432518057550936, -7.78021100482084 ], [ 110.432491206732664, -7.780449301398019 ], [ 110.433277829440172, -7.780603008554455 ], [ 110.433433245842849, -7.779918417006782 ], [ 110.433484592774761, -7.779692239034359 ], [ 110.433544535977703, -7.779412407884961 ], [ 110.433601788939868, -7.779149021478108 ], [ 110.433782799491198, -7.778316298283921 ], [ 110.433783347927445, -7.778313775268047 ], [ 110.433757418215947, -7.778311160043438 ], [ 110.433731066657472, -7.778308501179136 ], [ 110.433728376854901, -7.778308127423162 ], [ 110.433727435325892, -7.778307947719853 ], [ 110.432842372148343, -7.778126898908133 ], [ 110.432794430610571, -7.778440763078842 ], [ 110.432789604718323, -7.778470113517458 ], [ 110.432763363970636, -7.778629706186471 ], [ 110.432710936115811, -7.778948564838438 ], [ 110.43270359663812, -7.778994942149764 ], [ 110.432689402802666, -7.779084631319352 ], [ 110.432658777193623, -7.779278150762121 ], [ 110.432542082668476, -7.780015527016209 ], [ 110.432535141588957, -7.780059386617316 ], [ 110.432518057550936, -7.78021100482084 ] ], [ [ 110.433500337521863, -7.779950562850249 ], [ 110.433349060193848, -7.780616927158801 ], [ 110.434153715336748, -7.780774158191448 ], [ 110.434460165065261, -7.780834038581741 ], [ 110.43446790225839, -7.780835550429257 ], [ 110.434474319544321, -7.780803489556583 ], [ 110.434530716999376, -7.780460754987588 ], [ 110.4346042439728, -7.780013920997082 ], [ 110.43460450621221, -7.780012546522745 ], [ 110.434785211973036, -7.779158343918127 ], [ 110.434905515928264, -7.77858966049205 ], [ 110.434921795154878, -7.778512707548397 ], [ 110.434886357290083, -7.778523603644582 ], [ 110.434854877246551, -7.778533282823049 ], [ 110.434850676733319, -7.778534574356018 ], [ 110.434846322474357, -7.778535511233326 ], [ 110.434844545147527, -7.778535893649078 ], [ 110.434838277354473, -7.778536139769137 ], [ 110.434832060748874, -7.778535305357702 ], [ 110.434727358428802, -7.77851191669013 ], [ 110.434516980541815, -7.77846492196709 ], [ 110.433892090780489, -7.778325331499196 ], [ 110.433890040030704, -7.778324810301881 ], [ 110.43388872604865, -7.778324435323602 ], [ 110.433855655071923, -7.778321092944077 ], [ 110.433854779891476, -7.778326499877162 ], [ 110.433854466668095, -7.778328125139173 ], [ 110.433853908418982, -7.778330693316602 ], [ 110.433729187303726, -7.778904465255053 ], [ 110.433615465706055, -7.779427632920819 ], [ 110.43355545179493, -7.77970778833732 ], [ 110.433500337521863, -7.779950562850249 ] ], [ [ 110.435243167245702, -7.778509475092648 ], [ 110.435347358307766, -7.778548570935693 ], [ 110.43574636646791, -7.778667156454504 ], [ 110.435879752463052, -7.77870679877369 ], [ 110.436022041863723, -7.778749087131223 ], [ 110.436084779877817, -7.778767732829088 ], [ 110.436378599917944, -7.778846380989125 ], [ 110.43637950992796, -7.778846531916315 ], [ 110.436384029508076, -7.778847608060249 ], [ 110.436565589693856, -7.778876320099135 ], [ 110.436565592218415, -7.778874428467287 ], [ 110.436565611529389, -7.778859958829283 ], [ 110.436566282647775, -7.7788515334641 ], [ 110.436568257235095, -7.778843314193075 ], [ 110.436571487401196, -7.778835500359897 ], [ 110.436575894804065, -7.778828281475266 ], [ 110.436581372550066, -7.778821832620075 ], [ 110.436588039536332, -7.778815121743912 ], [ 110.436650570975019, -7.778725751777117 ], [ 110.43676821406666, -7.778353238698337 ], [ 110.43678122104815, -7.778314274234579 ], [ 110.436772643115873, -7.778311397264345 ], [ 110.436771349557446, -7.778310945250746 ], [ 110.436443937651831, -7.778191897857023 ], [ 110.43549735918468, -7.777952742708569 ], [ 110.435372599387819, -7.777924683877942 ], [ 110.435353119522617, -7.777920302797675 ], [ 110.435311827065533, -7.777911015996672 ], [ 110.435302419738974, -7.777908403642665 ], [ 110.435298693093586, -7.777907216918907 ], [ 110.435298591221226, -7.777907163558933 ], [ 110.435132138924601, -7.777858715750976 ], [ 110.435131694014316, -7.777860994167583 ], [ 110.435121438144805, -7.777913515184679 ], [ 110.435121029542671, -7.777915351806946 ], [ 110.435046674283214, -7.778212780267761 ], [ 110.435035638277753, -7.778256925302063 ], [ 110.435030963589625, -7.778289418883166 ], [ 110.435025622496084, -7.778326544371411 ], [ 110.435012127566566, -7.778420346732668 ], [ 110.435031810924571, -7.778430167293424 ], [ 110.435059318883049, -7.778440489185941 ], [ 110.435243167245702, -7.778509475092648 ] ], [ [ 110.435038731667518, -7.778548734404364 ], [ 110.434991808535145, -7.778531127488044 ], [ 110.434985210233293, -7.778562341882367 ], [ 110.434972881056936, -7.778620667141939 ], [ 110.434923940716189, -7.778852187531881 ], [ 110.434896660318969, -7.778981241837079 ], [ 110.434856182433762, -7.779172728805238 ], [ 110.434806513157426, -7.779407696611926 ], [ 110.434785908785216, -7.779511948461179 ], [ 110.434743747268143, -7.779725272862179 ], [ 110.434736000403916, -7.779764469624888 ], [ 110.434705869975545, -7.779905652273807 ], [ 110.434678598486812, -7.780033438692601 ], [ 110.434662959171817, -7.780106720041048 ], [ 110.434660939675737, -7.780116182790077 ], [ 110.43463667377388, -7.780263650307489 ], [ 110.434622673011745, -7.780348735001854 ], [ 110.434563685930684, -7.780707207713967 ], [ 110.4345457745532, -7.780816057500578 ], [ 110.434545591843573, -7.780817045619179 ], [ 110.434532120999478, -7.780884318634559 ], [ 110.434531947583139, -7.780885063103953 ], [ 110.434515526314897, -7.780967251309193 ], [ 110.434330768900921, -7.781857352036959 ], [ 110.434321265612283, -7.781903135646912 ], [ 110.434295477175809, -7.782027375495353 ], [ 110.434255644991595, -7.782216779378854 ], [ 110.434255459611265, -7.782217660870431 ], [ 110.434208383580653, -7.782429239874136 ], [ 110.434176172749019, -7.78257400842496 ], [ 110.434176283254047, -7.782580030102094 ], [ 110.434175723697933, -7.782586312099659 ], [ 110.434175423021173, -7.78258781426339 ], [ 110.434140777676845, -7.782743641290886 ], [ 110.434115619010797, -7.782856799163978 ], [ 110.434108335011246, -7.78290229934104 ], [ 110.434102814611222, -7.782936783103901 ], [ 110.43404101669708, -7.783323375669688 ], [ 110.434040037056874, -7.783329504050903 ], [ 110.434035796202906, -7.783356033757769 ], [ 110.434034097885956, -7.783362439902807 ], [ 110.434033719010756, -7.783363428674932 ], [ 110.434025595403398, -7.783383733379571 ], [ 110.434024412582531, -7.783386689918938 ], [ 110.434078115294994, -7.783386697133644 ], [ 110.434090369295191, -7.783386698778979 ], [ 110.4341194400413, -7.783386702680764 ], [ 110.434506175534352, -7.783379919971913 ], [ 110.43468944616238, -7.783376705698505 ], [ 110.434859992343505, -7.783376655947116 ], [ 110.434916745509085, -7.783376661636106 ], [ 110.435234369238032, -7.783376692822366 ], [ 110.435300026152575, -7.783376699255385 ], [ 110.435357917361884, -7.783376689048831 ], [ 110.435406282035629, -7.783376680515868 ], [ 110.4354997553842, -7.783376664008745 ], [ 110.435500915027006, -7.783372024969079 ], [ 110.435506717359772, -7.783348813143856 ], [ 110.435512797619495, -7.783313345238956 ], [ 110.435566432725935, -7.783000475905555 ], [ 110.435616482089031, -7.782730323655608 ], [ 110.435666354880112, -7.782450785228411 ], [ 110.435686459608561, -7.782330528371625 ], [ 110.435715401939476, -7.782177534950426 ], [ 110.435723444118423, -7.782135022784725 ], [ 110.435896596890416, -7.781219708681785 ], [ 110.435946534950716, -7.78096988904605 ], [ 110.435960243503814, -7.78089341914041 ], [ 110.43606297251273, -7.780320368690506 ], [ 110.436136461390007, -7.779910426498291 ], [ 110.43613684584308, -7.779908486592978 ], [ 110.436150531091101, -7.779845489826286 ], [ 110.436186857539354, -7.779678269598671 ], [ 110.436219473982177, -7.779533899153717 ], [ 110.43625633744152, -7.779370729959398 ], [ 110.436272487772968, -7.779237522022397 ], [ 110.436288670994117, -7.779104042699714 ], [ 110.436296046268126, -7.779043211350607 ], [ 110.436302686081191, -7.778993263060917 ], [ 110.436309747963747, -7.778940139718027 ], [ 110.436120765782874, -7.778889699709959 ], [ 110.436055906228731, -7.778872388445287 ], [ 110.436054433583493, -7.778871973172039 ], [ 110.435314446361261, -7.778652048747039 ], [ 110.435311065978098, -7.778650921985303 ], [ 110.435219788941254, -7.778616672268783 ], [ 110.435215330975311, -7.778614999447647 ], [ 110.435038731667518, -7.778548734404364 ] ], [ [ 110.436003435884899, -7.781240382348945 ], [ 110.435844712964624, -7.782079404160428 ], [ 110.435843561463656, -7.782079273150721 ], [ 110.435841887251499, -7.782094341064612 ], [ 110.435828478435951, -7.782165220922414 ], [ 110.435793614088198, -7.782349515961189 ], [ 110.435773589840181, -7.782469309892238 ], [ 110.435754546289544, -7.782576050795776 ], [ 110.435723566990092, -7.782749692558578 ], [ 110.435673583654406, -7.783019480809284 ], [ 110.435622923257512, -7.783315005434178 ], [ 110.435613618062533, -7.78336928671889 ], [ 110.435613226508679, -7.783371133451069 ], [ 110.435612810728472, -7.783373094495619 ], [ 110.435611558657271, -7.783378103318529 ], [ 110.435703792283505, -7.783379985047365 ], [ 110.436961843814728, -7.78340564951875 ], [ 110.43701066467635, -7.783406645397696 ], [ 110.437053126177872, -7.783406659068324 ], [ 110.437056053759349, -7.783383486499446 ], [ 110.437061125147366, -7.783343345136264 ], [ 110.437166006810372, -7.782513177092422 ], [ 110.437166315075984, -7.7825110709462 ], [ 110.43718622152285, -7.782391517697278 ], [ 110.4372181694999, -7.782178750056003 ], [ 110.437246219039949, -7.781991945062895 ], [ 110.43724655803608, -7.781989958153411 ], [ 110.437256469905194, -7.78194006817363 ], [ 110.437257515214995, -7.781934059954454 ], [ 110.437275409434065, -7.781831207743769 ], [ 110.437294491881346, -7.781721525778631 ], [ 110.437306952111882, -7.781649906909395 ], [ 110.437331046489973, -7.781511417242372 ], [ 110.437336411839908, -7.781480578268476 ], [ 110.437336937978245, -7.781477967264792 ], [ 110.437359060164752, -7.78138063355 ], [ 110.437392657248722, -7.781232812209215 ], [ 110.437486751423563, -7.78081881350162 ], [ 110.437555701018908, -7.780465290435626 ], [ 110.43756622595032, -7.780411326226232 ], [ 110.437575440801524, -7.78034000805529 ], [ 110.437589147620017, -7.78023392432836 ], [ 110.437602576127532, -7.780129994518015 ], [ 110.437606051844412, -7.780103094228254 ], [ 110.43760655066329, -7.78009997582086 ], [ 110.437665606707597, -7.779804606003418 ], [ 110.437665575614091, -7.779615799197143 ], [ 110.437600039919445, -7.779312613965787 ], [ 110.437588711170278, -7.779260204176882 ], [ 110.437563982746411, -7.77921894355786 ], [ 110.437534429475207, -7.779174610850405 ], [ 110.437315519502988, -7.779092579358486 ], [ 110.437042050631732, -7.779043726038485 ], [ 110.436619908245362, -7.778994364095927 ], [ 110.436613698837121, -7.778993753987493 ], [ 110.436611034492216, -7.778993480705121 ], [ 110.436416566490792, -7.778962439382331 ], [ 110.436404013139366, -7.779056860214952 ], [ 110.436364050183357, -7.779386490613256 ], [ 110.436363604338212, -7.77938947114026 ], [ 110.436363112745582, -7.779391905511249 ], [ 110.436318996288762, -7.77958717626055 ], [ 110.436293124547547, -7.77970169111971 ], [ 110.436243418995275, -7.779930503464386 ], [ 110.436217272770747, -7.78007635078608 ], [ 110.436166125094829, -7.780361659364379 ], [ 110.436053471740635, -7.780990053166215 ], [ 110.436003435884899, -7.781240382348945 ] ], [ [ 110.43409892261738, -7.782597635968593 ], [ 110.433224703787232, -7.7823945204444 ], [ 110.433136912363267, -7.782669880239768 ], [ 110.43348455828135, -7.782791152053123 ], [ 110.434036611184936, -7.782888693284628 ], [ 110.434037036520564, -7.782888768436117 ], [ 110.434037958310455, -7.782883005424933 ], [ 110.434044194935893, -7.782844014167537 ], [ 110.434044549106019, -7.782842195514071 ], [ 110.43409892261738, -7.782597635968593 ] ], [ [ 110.43355418966803, -7.782396886997687 ], [ 110.434112534363763, -7.782526499246163 ], [ 110.434117252689504, -7.782505261128438 ], [ 110.434163296279237, -7.78229800966731 ], [ 110.434184535671264, -7.782202406831288 ], [ 110.43422444857751, -7.782012613939291 ], [ 110.434444426912506, -7.780952833653346 ], [ 110.434453698543052, -7.780906512434099 ], [ 110.434446724792593, -7.780905149763289 ], [ 110.434160291747745, -7.78084918064413 ], [ 110.43333303133609, -7.780687532510336 ], [ 110.43318558775313, -7.781337005460317 ], [ 110.433165746385455, -7.781456148873999 ], [ 110.433165346293038, -7.781458137965862 ], [ 110.43310534661039, -7.781718031632886 ], [ 110.432983236329932, -7.782263080388256 ], [ 110.43315829303144, -7.782304791309886 ], [ 110.433206640659478, -7.782316059151358 ], [ 110.433208504985444, -7.782316517272656 ], [ 110.433212762966122, -7.78231762920512 ], [ 110.43355418966803, -7.782396886997687 ] ], [ [ 110.433114592035039, -7.781322051031472 ], [ 110.433261800572325, -7.780673613907983 ], [ 110.432479596493948, -7.780520770147692 ], [ 110.432147127930506, -7.782105642469039 ], [ 110.432427140585432, -7.782174467116918 ], [ 110.432910876021708, -7.782248890982037 ], [ 110.432912031983875, -7.782249068828879 ], [ 110.43295787791061, -7.782044432963423 ], [ 110.433034590024732, -7.781702023604558 ], [ 110.433077723306553, -7.781515187122664 ], [ 110.433094390791766, -7.781442990051961 ], [ 110.433097127143995, -7.781426558830271 ], [ 110.43311422134758, -7.781323911683825 ], [ 110.433114592035039, -7.781322051031472 ] ], [ [ 110.431672153551105, -7.782490366002544 ], [ 110.43173692426592, -7.782081775107025 ], [ 110.431324910468504, -7.781995821894109 ], [ 110.431323657434135, -7.781995644355233 ], [ 110.431322590934386, -7.781995421138324 ], [ 110.43117116456061, -7.781974081337856 ], [ 110.431118697172295, -7.78239168771966 ], [ 110.431672153551105, -7.782490366002544 ] ], [ [ 110.431046509643622, -7.78238425227133 ], [ 110.431099319849409, -7.781963917850613 ], [ 110.430841564245554, -7.781927321826173 ], [ 110.430641116485347, -7.781898862232005 ], [ 110.430636136991509, -7.781898355999271 ], [ 110.43061335490016, -7.782137241211217 ], [ 110.430593554145432, -7.782344864840399 ], [ 110.431046509643622, -7.78238425227133 ] ], [ [ 110.431388068853622, -7.781935147545131 ], [ 110.431784497939077, -7.782017776281249 ], [ 110.431785559333719, -7.782018026396214 ], [ 110.431790628413182, -7.782019299232088 ], [ 110.431817405419764, -7.78202462320576 ], [ 110.43181866583393, -7.782024909348467 ], [ 110.432076637281185, -7.782088316484241 ], [ 110.432408390306861, -7.780506856360261 ], [ 110.431646351920392, -7.780357953006011 ], [ 110.431456838619042, -7.781452334510973 ], [ 110.431445767706606, -7.781516265435457 ], [ 110.431406601359654, -7.781736493874985 ], [ 110.431374809161511, -7.781915258006507 ], [ 110.431371872301384, -7.78193177164751 ], [ 110.431388068853622, -7.781935147545131 ] ], [ [ 110.435272399528387, -7.78350332953536 ], [ 110.435264488115507, -7.783566645251983 ], [ 110.435264323888873, -7.783567959634118 ], [ 110.435196306954481, -7.784112303906223 ], [ 110.435196292450442, -7.78412313805029 ], [ 110.435669672926863, -7.784113783772733 ], [ 110.435671669692297, -7.784113818169767 ], [ 110.435891672160437, -7.78412387785788 ], [ 110.435894207368293, -7.784124082804072 ], [ 110.436324226156344, -7.784174031469333 ], [ 110.436326515138319, -7.78417437173749 ], [ 110.43686661330689, -7.784274410741795 ], [ 110.436868053339794, -7.784274707702596 ], [ 110.437088076999544, -7.784324738554199 ], [ 110.4370936423865, -7.784326483925368 ], [ 110.437098855282144, -7.784329096469172 ], [ 110.437103580868637, -7.784332508618881 ], [ 110.437107696931037, -7.78433663212832 ], [ 110.437111097018146, -7.784341360353658 ], [ 110.437113693195585, -7.784346571011691 ], [ 110.437115418319976, -7.784352129342406 ], [ 110.437116227775462, -7.784357891594132 ], [ 110.437124483486855, -7.784497998730994 ], [ 110.43740468092335, -7.784534090397445 ], [ 110.437410585627532, -7.784535356549747 ], [ 110.43741619787663, -7.784537582180987 ], [ 110.43742136211462, -7.784540705602731 ], [ 110.437425935203066, -7.7845446402424 ], [ 110.43742979038862, -7.784549277042696 ], [ 110.437497900351119, -7.784646682324791 ], [ 110.437515039528165, -7.784663792980298 ], [ 110.43767799403399, -7.784663845300313 ], [ 110.437812199702236, -7.784648922757259 ], [ 110.437816229029593, -7.784648474729238 ], [ 110.437856017198541, -7.784644050610217 ], [ 110.437860002633741, -7.784643827842429 ], [ 110.437866702251085, -7.784643821555564 ], [ 110.437871029200352, -7.784594068798564 ], [ 110.437923864304196, -7.783986551175301 ], [ 110.437953997682598, -7.783705847092816 ], [ 110.437967470081503, -7.783597835775502 ], [ 110.437972289039848, -7.783559201009822 ], [ 110.43797539091905, -7.783534332567254 ], [ 110.437924990007915, -7.783535425284072 ], [ 110.437561410199962, -7.7835433076973 ], [ 110.437560022880788, -7.783543322650474 ], [ 110.437259950138724, -7.783543286492578 ], [ 110.437256034381946, -7.783543163109513 ], [ 110.437226072001806, -7.783541294622122 ], [ 110.437097978102102, -7.783533306520092 ], [ 110.437009952784891, -7.783533278182468 ], [ 110.437008707080679, -7.783533264972925 ], [ 110.436969279546702, -7.783532460704715 ], [ 110.43566902479526, -7.783505935218537 ], [ 110.435539367625097, -7.78350328996501 ], [ 110.43540988245006, -7.783503312854395 ], [ 110.435357900282611, -7.783503322032277 ], [ 110.435300031120775, -7.783503332242071 ], [ 110.435272399528387, -7.78350332953536 ] ], [ [ 110.44334186637083, -7.783523264035331 ], [ 110.443211430634108, -7.783530171826038 ], [ 110.443153389927318, -7.783533245610599 ], [ 110.443149940021939, -7.783533334632107 ], [ 110.443148466345178, -7.783533315635957 ], [ 110.443090696954471, -7.783531901939677 ], [ 110.44273921437798, -7.783523300509081 ], [ 110.442658118458596, -7.783523298755174 ], [ 110.44260301810769, -7.783523297554674 ], [ 110.442548471230836, -7.78352848699905 ], [ 110.442396005616018, -7.783542992132939 ], [ 110.442389993558734, -7.7835432782492 ], [ 110.442160018745099, -7.783543337695183 ], [ 110.441929932147275, -7.783543306439163 ], [ 110.441928261358285, -7.783543283306057 ], [ 110.441577730129382, -7.783533824610388 ], [ 110.441558358327271, -7.783533301875336 ], [ 110.441461892177927, -7.783530826487101 ], [ 110.441169155832284, -7.783523314535136 ], [ 110.440655852444877, -7.783523327546678 ], [ 110.440539943745122, -7.78352333039881 ], [ 110.440160008311878, -7.783523339525753 ], [ 110.440020012543329, -7.783523335637043 ], [ 110.439819964819264, -7.783523342852487 ], [ 110.439609966784644, -7.783523336833266 ], [ 110.439391350963774, -7.783523317680414 ], [ 110.439152681129428, -7.783533254955763 ], [ 110.439150012911696, -7.783533310054306 ], [ 110.43905998526651, -7.783533281449021 ], [ 110.438610018400567, -7.783533318412197 ], [ 110.438129985221124, -7.783533315981562 ], [ 110.438098895521321, -7.783533325924897 ], [ 110.438048627673325, -7.783533341997008 ], [ 110.438045225296378, -7.78356061722386 ], [ 110.438040729111862, -7.783596661047611 ], [ 110.43802607126679, -7.783714166028268 ], [ 110.437996080812113, -7.783993529610309 ], [ 110.437942863979302, -7.784605466905296 ], [ 110.437936097919504, -7.784683269255272 ], [ 110.437928594907163, -7.784760938867478 ], [ 110.437919216109165, -7.784858026164132 ], [ 110.437913012631597, -7.784922243193702 ], [ 110.437921219220499, -7.78492144714442 ], [ 110.437963598789537, -7.784917336271246 ], [ 110.438089974574552, -7.784905077630475 ], [ 110.438173408923845, -7.784896984352192 ], [ 110.438263260560191, -7.784887088222067 ], [ 110.438553449062127, -7.784857064240331 ], [ 110.438557721171634, -7.784856767069486 ], [ 110.438837053177224, -7.784846761610392 ], [ 110.439084336983257, -7.784832649767013 ], [ 110.439184248387576, -7.784826948041796 ], [ 110.439232851243148, -7.784820858574258 ], [ 110.439341541940152, -7.784807240660688 ], [ 110.439402700245665, -7.784798473613853 ], [ 110.4394053327742, -7.784798096240515 ], [ 110.43942990779702, -7.78478990591048 ], [ 110.439439087624606, -7.784787589064868 ], [ 110.439446498098178, -7.78478673965934 ], [ 110.440292565333451, -7.784739736521359 ], [ 110.440346447573816, -7.784736743043856 ], [ 110.440350062507775, -7.784736645092922 ], [ 110.440385163178519, -7.784736691409523 ], [ 110.440640316340634, -7.784697447007648 ], [ 110.440646019004035, -7.78469683138576 ], [ 110.440965306980473, -7.784676861093224 ], [ 110.441895056858527, -7.78459690065968 ], [ 110.442051667951404, -7.784585971515908 ], [ 110.442317502103577, -7.784567420079728 ], [ 110.442339857741544, -7.784559970147316 ], [ 110.442349035366689, -7.784557653965681 ], [ 110.442355276427975, -7.784556880285386 ], [ 110.442614425210664, -7.78453769047668 ], [ 110.442625052198181, -7.784536903551333 ], [ 110.443626221287261, -7.784455692498864 ], [ 110.443691095580917, -7.784450430058152 ], [ 110.443720208229308, -7.784448068509685 ], [ 110.443733076061818, -7.784383499038858 ], [ 110.44381006289143, -7.783997186480728 ], [ 110.443838671235781, -7.783583391272354 ], [ 110.443839218622401, -7.783575473819575 ], [ 110.443843052191937, -7.7835200243828 ], [ 110.443801282833334, -7.783520471808368 ], [ 110.443752091896371, -7.783520770803316 ], [ 110.44334186637083, -7.783523264035331 ] ], [ [ 110.437855117494408, -7.784767017629519 ], [ 110.437860005725994, -7.784716417180585 ], [ 110.437809349173591, -7.784722049773181 ], [ 110.437804755861706, -7.784722560511423 ], [ 110.437684023815592, -7.784735984896801 ], [ 110.437679992548439, -7.784736207676992 ], [ 110.437499967516814, -7.784736149862011 ], [ 110.437494295190376, -7.784735700114432 ], [ 110.437488763156651, -7.784734371277369 ], [ 110.437483507519971, -7.784732196044173 ], [ 110.437478657584464, -7.784729227931986 ], [ 110.437474332672807, -7.784725539965121 ], [ 110.437444309531614, -7.784695566782514 ], [ 110.437442153252206, -7.78469321556377 ], [ 110.437440218189892, -7.78469069202867 ], [ 110.437379462956287, -7.784603804861695 ], [ 110.437085384958706, -7.784565925248302 ], [ 110.437079262523355, -7.784564592332416 ], [ 110.437073461434935, -7.784562228460748 ], [ 110.437068154795611, -7.784558904170297 ], [ 110.437063500953414, -7.784554718656576 ], [ 110.437059638777129, -7.784549796813683 ], [ 110.437056683512552, -7.784544285507421 ], [ 110.43705472334355, -7.784538349193051 ], [ 110.437053816760738, -7.784532165007811 ], [ 110.437045395738238, -7.784389251975915 ], [ 110.436852642079316, -7.784345422000015 ], [ 110.436314612931454, -7.784245765668794 ], [ 110.435887078025601, -7.78419610551272 ], [ 110.435669536443044, -7.784186158346712 ], [ 110.435196276945021, -7.784195514273335 ], [ 110.435196246654129, -7.784659987972871 ], [ 110.43519624097901, -7.784660603503391 ], [ 110.435188638485727, -7.785088602747896 ], [ 110.43518805828117, -7.785121266543674 ], [ 110.435187505428985, -7.785152390467736 ], [ 110.435237488205701, -7.78514712731798 ], [ 110.435333334677239, -7.785137034737711 ], [ 110.43533570759304, -7.785136829678966 ], [ 110.436075402182027, -7.785086829773518 ], [ 110.436464647696909, -7.785056932424817 ], [ 110.437788876389007, -7.784933973082667 ], [ 110.437836061992186, -7.784929591531795 ], [ 110.4378394424227, -7.784929277762758 ], [ 110.437845641147149, -7.784865111834425 ], [ 110.437855117494408, -7.784767017629519 ] ], [ [ 110.435123722617348, -7.78418999703438 ], [ 110.435123688358729, -7.784160018235734 ], [ 110.435123755319992, -7.78410998579066 ], [ 110.435124033744984, -7.784105559852697 ], [ 110.435191127129244, -7.783568607447079 ], [ 110.435191373212405, -7.783566638079159 ], [ 110.435199284636184, -7.783503322364488 ], [ 110.435149018148351, -7.7835033174272 ], [ 110.434860002913283, -7.783503288924003 ], [ 110.434690579782682, -7.783503333625009 ], [ 110.434120548252523, -7.783513330818715 ], [ 110.434098315372069, -7.783513328565134 ], [ 110.434017918018043, -7.783513320406091 ], [ 110.434002762088795, -7.783513318866335 ], [ 110.434002465163587, -7.783514444891752 ], [ 110.433999199179809, -7.783526226227552 ], [ 110.433985591739486, -7.783575312219075 ], [ 110.433985225564243, -7.783576633038814 ], [ 110.433976540518728, -7.783607962464415 ], [ 110.433946026348508, -7.78371803569825 ], [ 110.433813631409308, -7.784195620861811 ], [ 110.433723522983271, -7.784520666141723 ], [ 110.433714035853384, -7.784596661254703 ], [ 110.43371376025722, -7.784598586772049 ], [ 110.43366438415741, -7.784904298415463 ], [ 110.433664448150793, -7.784960040056886 ], [ 110.433663786293465, -7.784968473677442 ], [ 110.433661818402697, -7.78497670226637 ], [ 110.433658592291152, -7.784984525898429 ], [ 110.433654186341741, -7.78499175448727 ], [ 110.43364870760324, -7.784998212403991 ], [ 110.433642289189393, -7.785003742744397 ], [ 110.433635087044664, -7.78500821114084 ], [ 110.433627276155519, -7.785011509027284 ], [ 110.43359727398871, -7.785021506437613 ], [ 110.433590153876651, -7.785023355971103 ], [ 110.433582848678583, -7.785024230640286 ], [ 110.433575491948119, -7.785024114454374 ], [ 110.433458828076326, -7.785014377340237 ], [ 110.433230066777654, -7.785023504070154 ], [ 110.433211596130747, -7.785038276035169 ], [ 110.43320407988891, -7.785106013893156 ], [ 110.433203865456875, -7.785107703463377 ], [ 110.433185244466344, -7.785237981130598 ], [ 110.43318385992761, -7.785247667747393 ], [ 110.43318193480269, -7.785256173162994 ], [ 110.433178668791072, -7.785264261326172 ], [ 110.433174146197899, -7.785271723458083 ], [ 110.43317086497747, -7.785275572904319 ], [ 110.433168483764362, -7.785278366939513 ], [ 110.433148488923251, -7.785298326526121 ], [ 110.433142113645104, -7.785303776425918 ], [ 110.433137592583293, -7.785306566812299 ], [ 110.433264666037175, -7.785293421226287 ], [ 110.433423413998796, -7.78527699889793 ], [ 110.433428420909479, -7.785276679716294 ], [ 110.433837693332762, -7.785266755742322 ], [ 110.434245577420825, -7.785246787700788 ], [ 110.43479205766721, -7.785197103479374 ], [ 110.435039980486323, -7.785157445707063 ], [ 110.435050061485683, -7.785156646714452 ], [ 110.435064979319918, -7.78515665309168 ], [ 110.435114865255272, -7.785156674413496 ], [ 110.435115396402495, -7.785126765390637 ], [ 110.435115989668958, -7.785093358401804 ], [ 110.435123691923522, -7.784659641000404 ], [ 110.435123722617348, -7.78418999703438 ] ], [ [ 110.43310127900321, -7.785047780071391 ], [ 110.433105474356708, -7.785011647763283 ], [ 110.433105454655319, -7.785009901242358 ], [ 110.43310583829728, -7.785004028269365 ], [ 110.433104343347523, -7.78495828177421 ], [ 110.433095631790366, -7.784691702429321 ], [ 110.433095605558066, -7.784690015181561 ], [ 110.433095615273729, -7.784460816335499 ], [ 110.433085638148853, -7.784111507725603 ], [ 110.433085616132317, -7.784109889620055 ], [ 110.433085698856047, -7.784106970089926 ], [ 110.43309197368734, -7.783993637525841 ], [ 110.432983782791283, -7.784022517892242 ], [ 110.432508117061218, -7.78414376771605 ], [ 110.432473381857974, -7.784152621887325 ], [ 110.432466192727645, -7.784154418636168 ], [ 110.432297851063282, -7.784196491514151 ], [ 110.432268222290475, -7.784203896492692 ], [ 110.432261287287758, -7.78423509814259 ], [ 110.432253141773487, -7.784271746064021 ], [ 110.432252813990246, -7.784273134228978 ], [ 110.432222813497887, -7.78439309966862 ], [ 110.432219955604396, -7.784401519506945 ], [ 110.432215757910186, -7.784409361115597 ], [ 110.432210333030213, -7.784416414121275 ], [ 110.432117452784709, -7.78451861071152 ], [ 110.432117135428811, -7.784518959899653 ], [ 110.432110347782739, -7.784526428377037 ], [ 110.432104594363835, -7.784531896958126 ], [ 110.432098103602101, -7.784536471365182 ], [ 110.432091013960033, -7.784540054015702 ], [ 110.431970991788603, -7.784590084285163 ], [ 110.431968550189183, -7.784591033832394 ], [ 110.431962188103981, -7.784592904795963 ], [ 110.431482905507949, -7.784702688469179 ], [ 110.431215476452081, -7.78477201959185 ], [ 110.431104386406773, -7.784809106511789 ], [ 110.43110441290878, -7.78507418013544 ], [ 110.431104925623515, -7.785074821028789 ], [ 110.431169513413451, -7.785086538140433 ], [ 110.431977995662578, -7.785226263328574 ], [ 110.432432026365404, -7.785281927008407 ], [ 110.432519580356896, -7.785277538427006 ], [ 110.432554649423736, -7.785275780635883 ], [ 110.43265948375327, -7.785270525953137 ], [ 110.432979141746429, -7.785246353426786 ], [ 110.43307886531457, -7.785213120913231 ], [ 110.433096001952023, -7.785093228404543 ], [ 110.43310127900321, -7.785047780071391 ] ], [ [ 110.431218027909267, -7.784129569201011 ], [ 110.430376879934542, -7.784013783685891 ], [ 110.430361572313643, -7.784804494768277 ], [ 110.430359763976924, -7.78489790335492 ], [ 110.430409885017099, -7.784886004538462 ], [ 110.430655487787917, -7.78482769794418 ], [ 110.431003616938071, -7.78471824295833 ], [ 110.431010600636483, -7.78471654373875 ], [ 110.43102005098693, -7.784715731914419 ], [ 110.431041136325121, -7.784715760201428 ], [ 110.431182703617765, -7.78466849859125 ], [ 110.431186286581834, -7.784667437434305 ], [ 110.431456277466651, -7.784597442152156 ], [ 110.431457787003581, -7.784597073671847 ], [ 110.431933304471116, -7.784488152427785 ], [ 110.432037856072967, -7.784444570940609 ], [ 110.432120522231543, -7.784353612979805 ], [ 110.432126791053335, -7.784328545355274 ], [ 110.432147043792128, -7.78424755913138 ], [ 110.432152307967328, -7.784223874824732 ], [ 110.432163333211406, -7.784174270602417 ], [ 110.432143584405694, -7.784165409918407 ], [ 110.432135452205301, -7.784161761248902 ], [ 110.432073677637575, -7.784159606383216 ], [ 110.431221719681432, -7.784129886845106 ], [ 110.431218027909267, -7.784129569201011 ] ], [ [ 110.433204437715702, -7.78468917593094 ], [ 110.433211490181293, -7.784915615878476 ], [ 110.433457838982164, -7.784905787470721 ], [ 110.433460086939448, -7.784905744147778 ], [ 110.433464552047937, -7.784905933146229 ], [ 110.433555562508673, -7.784913529152149 ], [ 110.433555547021982, -7.7848999810158 ], [ 110.433556239514303, -7.784891355357919 ], [ 110.433606158115097, -7.784582285311297 ], [ 110.433616016009395, -7.784503320409398 ], [ 110.433616438476065, -7.784500530113728 ], [ 110.433617566783539, -7.78449556338831 ], [ 110.433871688428098, -7.78357887769929 ], [ 110.433873435115217, -7.783572576853858 ], [ 110.433889369508037, -7.783515097072715 ], [ 110.43379461404966, -7.783517476927623 ], [ 110.433562557608468, -7.783523305110789 ], [ 110.433338986152151, -7.783535700215862 ], [ 110.43324681112982, -7.783540810489537 ], [ 110.433244618491656, -7.783557240025372 ], [ 110.433238285008784, -7.78360469740738 ], [ 110.433214135684779, -7.783785650118727 ], [ 110.433204435298265, -7.783912135462754 ], [ 110.433204411184761, -7.783930084727987 ], [ 110.433204193354413, -7.783932992287347 ], [ 110.433203703610886, -7.783939514977918 ], [ 110.433194490829905, -7.784110687050115 ], [ 110.433204425303572, -7.78445849925465 ], [ 110.433204447369278, -7.784460046919135 ], [ 110.433204437715702, -7.78468917593094 ] ] ] ] } },
{ "type": "Feature", "properties": { "KETERANGAN": "Jalan", "Fungsi": "Permukiman", "Guna_Lahan": "Kawasan Perumahan" }, "geometry": { "type": "MultiPolygon", "coordinates": [ [ [ [ 110.435844712964624, -7.782079404160444 ], [ 110.435841887251513, -7.782094341064646 ], [ 110.435843561463656, -7.782079273150721 ], [ 110.435844712964624, -7.782079404160444 ] ] ] ] } },
{ "type": "Feature", "properties": { "KETERANGAN": "Jalan", "Fungsi": "Fasilitas Umum", "Guna_Lahan": "Kawasan Perdagangan dan Jasa" }, "geometry": { "type": "MultiPolygon", "coordinates": [ [ [ [ 110.430306265921772, -7.783971655483068 ], [ 110.43030512281257, -7.783971891988537 ], [ 110.430305126970552, -7.783971677175909 ], [ 110.430305760569368, -7.783965607584519 ], [ 110.430306468923504, -7.783963080519292 ], [ 110.430306406620403, -7.783964855048969 ], [ 110.430306265921772, -7.783971655483068 ] ] ] ] } },
{ "type": "Feature", "properties": { "KETERANGAN": "Lahan Terbangun", "Fungsi": "Permukiman", "Guna_Lahan": "Kawasan Perumahan" }, "geometry": { "type": "MultiPolygon", "coordinates": [ [ [ [ 110.436506597164666, -7.778769930838341 ], [ 110.436503040015808, -7.778774846305725 ], [ 110.436400894485558, -7.778758636725769 ], [ 110.436109488633235, -7.77868069355457 ], [ 110.43589705786006, -7.778617559225834 ], [ 110.43577125886344, -7.778580171763594 ], [ 110.435376311666005, -7.778462793174987 ], [ 110.435263408618582, -7.778420428314794 ], [ 110.435072662780343, -7.778348854246421 ], [ 110.435084659156601, -7.778266472932452 ], [ 110.435161198897092, -7.777960306298264 ], [ 110.435275791835039, -7.777994875006632 ], [ 110.435280144019998, -7.777996260929094 ], [ 110.435287778820879, -7.777998330860569 ], [ 110.435329908690903, -7.778007805999463 ], [ 110.435476245044171, -7.778040717465488 ], [ 110.436417201801916, -7.778278452297823 ], [ 110.436667954256066, -7.778369626246575 ], [ 110.43656824374807, -7.778685356147827 ], [ 110.436517538423331, -7.77875757501417 ], [ 110.436512173884921, -7.778763365063138 ], [ 110.436506597164666, -7.778769930838341 ] ] ] ] } },
{ "type": "Feature", "properties": { "KETERANGAN": null, "Fungsi": "Fasilitas Umum", "Guna_Lahan": "Kawasan Perdagangan dan Jasa" }, "geometry": { "type": "MultiPolygon", "coordinates": [ [ [ [ 110.435311827065533, -7.777911015996672 ], [ 110.435307728890209, -7.777910094304132 ], [ 110.435302419738974, -7.777908403642665 ], [ 110.435311827065533, -7.777911015996672 ] ] ] ] } },
{ "type": "Feature", "properties": { "KETERANGAN": "Lahan Terbangun", "Fungsi": "Fasilitas Umum", "Guna_Lahan": "Kawasan Pertahanan dan Keamanan" }, "geometry": { "type": "MultiPolygon", "coordinates": [ [ [ [ 110.432660674980099, -7.78624431511446 ], [ 110.432381497659847, -7.78625051074357 ], [ 110.432374501192143, -7.786474397704071 ], [ 110.430965384384493, -7.786501999451712 ], [ 110.430969505754945, -7.786556153858408 ], [ 110.430918152083606, -7.786557083973963 ], [ 110.430604440108723, -7.786551040388452 ], [ 110.430204313781744, -7.786432162271232 ], [ 110.430197259334676, -7.786294600560164 ], [ 110.430190204379898, -7.786191178749563 ], [ 110.43016102717695, -7.786193345289387 ], [ 110.429507370360696, -7.786195338230191 ], [ 110.429505600834773, -7.786147488426815 ], [ 110.429514596862234, -7.786150461832143 ], [ 110.42952945671108, -7.786152633271287 ], [ 110.429755020325487, -7.786165744607395 ], [ 110.42975991716483, -7.786165890100864 ], [ 110.429768800228373, -7.786165444183892 ], [ 110.430258781974644, -7.786115460476615 ], [ 110.430264862017196, -7.786114621045995 ], [ 110.430275403525968, -7.786112091114826 ], [ 110.43052657093159, -7.786034846793823 ], [ 110.430865601001074, -7.78600578392242 ], [ 110.431323780838653, -7.785985858590577 ], [ 110.431771907285579, -7.785965926932816 ], [ 110.432210023818314, -7.78596597343683 ], [ 110.432637694704852, -7.78596593038224 ], [ 110.43265051624735, -7.786208826056362 ], [ 110.432652609947297, -7.7862236582867 ], [ 110.432657254310811, -7.786237902583725 ], [ 110.432660674980099, -7.78624431511446 ] ] ] ] } },
{ "type": "Feature", "properties": { "KETERANGAN": null, "Fungsi": "Area Terbuka", "Guna_Lahan": "Ruang Terbuka Hijau" }, "geometry": { "type": "MultiPolygon", "coordinates": [ [ [ [ 110.433168916768537, -7.785703106675749 ], [ 110.432771883768481, -7.785795960920441 ], [ 110.43271999827607, -7.785803522632111 ], [ 110.432662251234248, -7.785794945861605 ], [ 110.432650035689278, -7.785794070220957 ], [ 110.432210024279087, -7.78579411449344 ], [ 110.431770000834987, -7.78579406779802 ], [ 110.431766152991784, -7.785794153123123 ], [ 110.431316188922054, -7.785814166549835 ], [ 110.430856279404907, -7.785834167093547 ], [ 110.430852654264328, -7.785834401193897 ], [ 110.43050262122442, -7.785864407286678 ], [ 110.430495152490948, -7.785865377066242 ], [ 110.430484610989353, -7.785867907003428 ], [ 110.430381882776203, -7.785899500186325 ], [ 110.429911147491865, -7.785947048935894 ], [ 110.429692898735141, -7.785989983171453 ], [ 110.4295394828263, -7.785981065556354 ], [ 110.42952447066412, -7.785981500617066 ], [ 110.429509762319611, -7.785984528957316 ], [ 110.429499721561328, -7.785988506814868 ], [ 110.429492149725078, -7.785783756557978 ], [ 110.429493490303699, -7.785783639770799 ], [ 110.429581988158375, -7.785776025737229 ], [ 110.429867778392577, -7.785746473165319 ], [ 110.430372506259928, -7.78573659115886 ], [ 110.430381623570341, -7.785736085104532 ], [ 110.431690973493687, -7.785616180277791 ], [ 110.432060409754783, -7.785586245515207 ], [ 110.433151775842802, -7.785496054420492 ], [ 110.43343806950466, -7.785466451295236 ], [ 110.433843107596886, -7.785456630005095 ], [ 110.43384624638297, -7.785456515138436 ], [ 110.43420004945564, -7.785439194678064 ], [ 110.434105340008628, -7.785455363065071 ], [ 110.434098192994853, -7.785456910653441 ], [ 110.433218193289747, -7.785686884154163 ], [ 110.433212727729, -7.785688507056322 ], [ 110.433168916768537, -7.785703106675749 ] ] ] ] } },
{ "type": "Feature", "properties": { "KETERANGAN": null, "Fungsi": "Fasilitas Umum", "Guna_Lahan": "Kawasan Perdagangan dan Jasa" }, "geometry": { "type": "MultiPolygon", "coordinates": [ [ [ [ 110.436081196604889, -7.785276820715471 ], [ 110.435227613680112, -7.785339172330036 ], [ 110.435350962990881, -7.785326183724921 ], [ 110.436081196604889, -7.785276820715471 ] ] ] ] } },
{ "type": "Feature", "properties": { "KETERANGAN": null, "Fungsi": "Fasilitas Umum", "Guna_Lahan": "Kawasan Perdagangan dan Jasa" }, "geometry": { "type": "MultiPolygon", "coordinates": [ [ [ [ 110.43666375592845, -7.78523426554134 ], [ 110.43610064167774, -7.785275400292219 ], [ 110.43648078784868, -7.785246196598626 ], [ 110.437777591088974, -7.785125790902474 ], [ 110.437777547360525, -7.785126751486225 ], [ 110.437591805709999, -7.785144506607437 ], [ 110.43758876726713, -7.785144851426207 ], [ 110.437211210702216, -7.785194482176768 ], [ 110.43666375592845, -7.78523426554134 ] ] ] ] } },
{ "type": "Feature", "properties": { "KETERANGAN": "Lahan Terbangun", "Fungsi": "Fasilitas Sosial", "Guna_Lahan": "Kawasan Pelayanan Umum dan Sosial" }, "geometry": { "type": "MultiPolygon", "coordinates": [ [ [ [ 110.43979439886148, -7.785882485223728 ], [ 110.43875413621619, -7.785994406918485 ], [ 110.43844219314542, -7.786027968308078 ], [ 110.438280091464037, -7.78603156891932 ], [ 110.437272026445356, -7.786052247807646 ], [ 110.43651353585922, -7.786068541747642 ], [ 110.43587525632195, -7.786088392710902 ], [ 110.435324210572134, -7.786108888001345 ], [ 110.434684357767978, -7.786136918116233 ], [ 110.434013044644288, -7.786168421760227 ], [ 110.434007927022591, -7.786218712732413 ], [ 110.433761244576701, -7.786240060251594 ], [ 110.433760789416766, -7.786159345021179 ], [ 110.433427553445469, -7.786180647850075 ], [ 110.433243286139145, -7.786192427421497 ], [ 110.433201841808355, -7.786195398511253 ], [ 110.433200650053422, -7.786177738403136 ], [ 110.4328225504117, -7.786201104131818 ], [ 110.432822596079376, -7.786199790922106 ], [ 110.432810145692997, -7.785963928387161 ], [ 110.432872247824292, -7.785955027399314 ], [ 110.432874839287507, -7.785954615704812 ], [ 110.43288024878548, -7.785953492473083 ], [ 110.433170282688266, -7.785883522042335 ], [ 110.433177330109757, -7.785881501672375 ], [ 110.433264630978954, -7.785852409429149 ], [ 110.434138254211746, -7.785624102338033 ], [ 110.434539722343928, -7.785555565574748 ], [ 110.434895534268406, -7.785535742121709 ], [ 110.436676310956159, -7.7854056678528 ], [ 110.437226239438274, -7.785365704742365 ], [ 110.437231236754897, -7.785365195148419 ], [ 110.437609768525874, -7.785315436217631 ], [ 110.43781403477783, -7.785295910322889 ], [ 110.437859888939286, -7.785295971106993 ], [ 110.43787443652765, -7.78529475693048 ], [ 110.437888569762364, -7.785291110695712 ], [ 110.437901882897847, -7.785285137081066 ], [ 110.437913993732465, -7.785277007580755 ], [ 110.437924554580988, -7.785266955581392 ], [ 110.437933262256237, -7.785255269661919 ], [ 110.437939866773078, -7.785242285308886 ], [ 110.437944178525242, -7.785228375284991 ], [ 110.437946073728526, -7.78521393892764 ], [ 110.437950831729907, -7.785109418931574 ], [ 110.438193081141165, -7.785085916576128 ], [ 110.43828354016803, -7.785075958262599 ], [ 110.438568839078272, -7.785046440873956 ], [ 110.438845911448695, -7.785036502045926 ], [ 110.439027098694936, -7.785026169570892 ], [ 110.439036809253309, -7.785084745481141 ], [ 110.439041271546074, -7.785103084522508 ], [ 110.439048242323793, -7.785120628559789 ], [ 110.43905758670212, -7.785137038114747 ], [ 110.439069123866801, -7.785151995661595 ], [ 110.439140191265864, -7.785231946340371 ], [ 110.4391480371672, -7.785240066515227 ], [ 110.439210235079088, -7.785299301834885 ], [ 110.439224592556187, -7.785311208293653 ], [ 110.439240449527631, -7.785321041823826 ], [ 110.439257507259214, -7.785328617168606 ], [ 110.439268732422519, -7.785332705008096 ], [ 110.439511187901886, -7.785592476416495 ], [ 110.43960482255973, -7.78569279825096 ], [ 110.439608076055777, -7.785696165818796 ], [ 110.439776066480434, -7.785864153178642 ], [ 110.43979439886148, -7.785882485223728 ] ] ] ] } },
{ "type": "Feature", "properties": { "KETERANGAN": "Lahan Terbangun", "Fungsi": "Fasilitas Sosial", "Guna_Lahan": "Kawasan Pelayanan Umum dan Sosial" }, "geometry": { "type": "MultiPolygon", "coordinates": [ [ [ [ 110.437486454537591, -7.784784830376873 ], [ 110.437499926314445, -7.784785898527565 ], [ 110.437679976499226, -7.784785956364868 ], [ 110.43768955075987, -7.784785427261808 ], [ 110.437799638219289, -7.784773186467094 ], [ 110.437804460935865, -7.784772650221099 ], [ 110.437795075121201, -7.784869807155673 ], [ 110.43778982177723, -7.784870294955897 ], [ 110.436459267420901, -7.784993841684714 ], [ 110.436070818205621, -7.785023677875062 ], [ 110.435331414719812, -7.785073658111091 ], [ 110.435326668888962, -7.785074068228599 ], [ 110.43523862125484, -7.785083339597398 ], [ 110.435246114557003, -7.784661484686997 ], [ 110.435246128035246, -7.784660022801948 ], [ 110.435246155121945, -7.784244286693275 ], [ 110.43566888776256, -7.784235929618499 ], [ 110.435883045600207, -7.784245722063334 ], [ 110.436307165118791, -7.784294985509992 ], [ 110.436842539771078, -7.784394150167161 ], [ 110.436997797149829, -7.784429453926618 ], [ 110.437004021269559, -7.7845350835671 ], [ 110.437006174402001, -7.784549771007198 ], [ 110.437010829801935, -7.784563869754265 ], [ 110.437017848554234, -7.784576959107254 ], [ 110.437027021222349, -7.784588648484937 ], [ 110.437038074097643, -7.784598589080911 ], [ 110.43705067736667, -7.78460648427155 ], [ 110.437064454952846, -7.784612098467482 ], [ 110.437078995738332, -7.784615264143185 ], [ 110.437351177428297, -7.784650323345391 ], [ 110.437399303478188, -7.784719149293279 ], [ 110.437403899250967, -7.784725142689568 ], [ 110.437409020414378, -7.784730726834578 ], [ 110.437439043555244, -7.784760700019564 ], [ 110.437449315220533, -7.784769458941747 ], [ 110.43746083381798, -7.784776508208956 ], [ 110.437473315956126, -7.784781674388402 ], [ 110.437486454537591, -7.784784830376873 ] ] ] ] } },
{ "type": "Feature", "properties": { "KETERANGAN": "Lahan Terbangun", "Fungsi": "Lahan Parkir", "Guna_Lahan": "Kawasan Perdagangan dan Jasa" }, "geometry": { "type": "MultiPolygon", "coordinates": [ [ [ [ 110.432526231511503, -7.785189890777016 ], [ 110.432463407901267, -7.785194641459847 ], [ 110.431991278910218, -7.785136758925559 ], [ 110.431195098880551, -7.784999159877535 ], [ 110.431195086361299, -7.784874211794668 ], [ 110.431241309490076, -7.78485878040416 ], [ 110.431504468775344, -7.784790556224686 ], [ 110.431982489124962, -7.784681061685522 ], [ 110.431987838546604, -7.78467966382932 ], [ 110.431994200633056, -7.784677792865457 ], [ 110.431999454688807, -7.784676072448566 ], [ 110.432001498909216, -7.78467530559467 ], [ 110.432003940509105, -7.784674356047283 ], [ 110.432005965621798, -7.784673540322208 ], [ 110.432125987814231, -7.784623510044455 ], [ 110.432132005300829, -7.784620739941101 ], [ 110.432139094943992, -7.784617157289965 ], [ 110.432143344812786, -7.784614865810498 ], [ 110.432150442247334, -7.784610341542003 ], [ 110.43215693300975, -7.784605767134272 ], [ 110.432162797630511, -7.784601265263411 ], [ 110.432167163811584, -7.784597375569906 ], [ 110.432172917230673, -7.784591906987925 ], [ 110.432177544680144, -7.784587175002181 ], [ 110.432277529926793, -7.784477160730632 ], [ 110.432279729872377, -7.784474648548699 ], [ 110.432282292379981, -7.784471468158411 ], [ 110.432287717259584, -7.784464415151777 ], [ 110.43229423973456, -7.784454692254404 ], [ 110.432295763097287, -7.784451961137067 ], [ 110.432299960790544, -7.784444119527548 ], [ 110.432305137778783, -7.78443256999341 ], [ 110.432305860262048, -7.784430522646703 ], [ 110.432308718154133, -7.784422102807721 ], [ 110.43231081116663, -7.784414988850367 ], [ 110.432340952022827, -7.78429444589555 ], [ 110.432341552958292, -7.784291900926315 ], [ 110.432344636053386, -7.784278047633959 ], [ 110.432485907275094, -7.784242739867956 ], [ 110.432495633509575, -7.784240308998553 ], [ 110.432526358146717, -7.78423250816956 ], [ 110.432995368241876, -7.784113428575485 ], [ 110.432995729006308, -7.784122574790204 ], [ 110.433004921834552, -7.784462102485159 ], [ 110.433004917574877, -7.784690714450558 ], [ 110.433004967871938, -7.784693876839719 ], [ 110.43301519577453, -7.785002041109998 ], [ 110.433015083019242, -7.785004029792937 ], [ 110.433014667501283, -7.785010335210202 ], [ 110.433014426439442, -7.785012623710066 ], [ 110.433006047742282, -7.785081641320766 ], [ 110.432996986086025, -7.785145039013591 ], [ 110.432961068516079, -7.785157008410251 ], [ 110.432560548008581, -7.785187295780581 ], [ 110.432526231511503, -7.785189890777016 ] ] ] ] } },
{ "type": "Feature", "properties": { "KETERANGAN": "Lahan Terbangun", "Fungsi": "Permukiman", "Guna_Lahan": "Kawasan Perdagangan dan Jasa" }, "geometry": { "type": "MultiPolygon", "coordinates": [ [ [ [ 110.430631321990276, -7.784740455656899 ], [ 110.430411693342478, -7.784792595950696 ], [ 110.430425668286006, -7.784070719773331 ], [ 110.431211208046889, -7.784178850672696 ], [ 110.431219976006787, -7.78417960507767 ], [ 110.432062713252932, -7.784209002978568 ], [ 110.432058757774328, -7.784226823143206 ], [ 110.432038034462494, -7.784309691015649 ], [ 110.431984233453576, -7.784368888508 ], [ 110.431905466106386, -7.784401722036601 ], [ 110.43143685602368, -7.784509065819478 ], [ 110.431434088539845, -7.78450974136658 ], [ 110.431163469835369, -7.784579894650647 ], [ 110.431160468803981, -7.784580727798577 ], [ 110.431156885840636, -7.784581788955392 ], [ 110.431153915266449, -7.784582724402217 ], [ 110.431026419457851, -7.78462528831403 ], [ 110.431020172982599, -7.784625279934078 ], [ 110.43101226807596, -7.784625613526822 ], [ 110.43100281772756, -7.78462642535113 ], [ 110.430994972053497, -7.784627444798896 ], [ 110.430989105365384, -7.784628668915455 ], [ 110.430982121668379, -7.784630368134787 ], [ 110.43097634886152, -7.784631976050499 ], [ 110.430631321990276, -7.784740455656899 ] ] ] ] } },
{ "type": "Feature", "properties": { "KETERANGAN": "Lahan Terbangun", "Fungsi": "Fasilitas Umum", "Guna_Lahan": "Kawasan Perdagangan dan Jasa" }, "geometry": { "type": "MultiPolygon", "coordinates": [ [ [ [ 110.430962623892427, -7.785235393820695 ], [ 110.430970341767548, -7.785240824408021 ], [ 110.43097717268553, -7.785245188091469 ], [ 110.430983943972379, -7.785248727841031 ], [ 110.430992487154242, -7.785252745587658 ], [ 110.43100003461582, -7.785255888407644 ], [ 110.431007254771458, -7.785258184110849 ], [ 110.431016365864835, -7.785260667967197 ], [ 110.431024049295644, -7.785262408743544 ], [ 110.431134620183371, -7.785282465719235 ], [ 110.431627562208277, -7.785367659484995 ], [ 110.430362954103856, -7.785483463650168 ], [ 110.430314047266421, -7.785484421219233 ], [ 110.429857477279825, -7.785493360336533 ], [ 110.429846870547706, -7.785494011604271 ], [ 110.429557989473096, -7.785523893546666 ], [ 110.429471542424878, -7.785531321785424 ], [ 110.428762972244485, -7.785593049659231 ], [ 110.428835905225711, -7.785157619718595 ], [ 110.428839714277558, -7.785134878621128 ], [ 110.428969099999918, -7.785124600000014 ], [ 110.429070600000031, -7.7851312 ], [ 110.429214700000017, -7.785120899999855 ], [ 110.42930662499991, -7.785111171067019 ], [ 110.429307159294055, -7.785115337290369 ], [ 110.429307783109593, -7.785119448328914 ], [ 110.429310280100964, -7.785129948391106 ], [ 110.429311837082111, -7.78513510385666 ], [ 110.429312872067129, -7.785138530892016 ], [ 110.429314446116365, -7.785143265908702 ], [ 110.429318361638039, -7.785152430415654 ], [ 110.4293223346574, -7.785160470374515 ], [ 110.429325080933893, -7.785165604444392 ], [ 110.429330043251582, -7.785173279178563 ], [ 110.429335288950682, -7.785180557286101 ], [ 110.429339376773711, -7.785185810171545 ], [ 110.429345006297851, -7.785191925979184 ], [ 110.429351381587779, -7.78519824370759 ], [ 110.429356915563133, -7.785203291762968 ], [ 110.429362842624172, -7.785207862181403 ], [ 110.429370173603672, -7.785213047199271 ], [ 110.42937718420373, -7.785217537678671 ], [ 110.429383065702226, -7.78522065308688 ], [ 110.429391152401209, -7.785224563960401 ], [ 110.429399589620942, -7.785228131173844 ], [ 110.429405123898732, -7.785229949792542 ], [ 110.429413745733001, -7.78523247984316 ], [ 110.429423476163265, -7.785234762521564 ], [ 110.429428415523034, -7.785235498708289 ], [ 110.429437337311199, -7.785236578922727 ], [ 110.429448144838531, -7.785237238092725 ], [ 110.429452305240062, -7.785237148474052 ], [ 110.429461283618821, -7.785236749386794 ], [ 110.429468751808869, -7.785236108180833 ], [ 110.429482883009229, -7.785234305566739 ], [ 110.429877281593988, -7.785214504860102 ], [ 110.429882835018645, -7.785214055141298 ], [ 110.429889476226862, -7.785213311926302 ], [ 110.429894991482598, -7.7852125229535 ], [ 110.429897686363233, -7.78521201076288 ], [ 110.429900910160271, -7.785211347500215 ], [ 110.429903588274712, -7.785210754253156 ], [ 110.430441069352511, -7.785083155759112 ], [ 110.430703589689557, -7.785020832913168 ], [ 110.430706738464664, -7.78502002564497 ], [ 110.430710498374282, -7.785018989699738 ], [ 110.430713616115185, -7.785018070392522 ], [ 110.430904875677555, -7.784957936687547 ], [ 110.430904887827268, -7.785080003364103 ], [ 110.430904908157615, -7.785120094974133 ], [ 110.430905254344935, -7.785127944970324 ], [ 110.430906078848736, -7.785137329208823 ], [ 110.430907089378735, -7.785145020425651 ], [ 110.430908808860764, -7.785152791647403 ], [ 110.430911248010389, -7.785161892323642 ], [ 110.43091359962807, -7.785169356169592 ], [ 110.430916617819264, -7.785176651009983 ], [ 110.430920598126647, -7.785185193932218 ], [ 110.430924241789981, -7.785192197647453 ], [ 110.430928445947231, -7.785198804205717 ], [ 110.430933847490948, -7.78520653198659 ], [ 110.430938693526429, -7.785212853017335 ], [ 110.430943936878862, -7.785218583787231 ], [ 110.430950596917441, -7.785225263598483 ], [ 110.43095651711063, -7.785230696652546 ], [ 110.430962623892427, -7.785235393820695 ] ] ], [ [ [ 110.430348240626557, -7.783578587478261 ], [ 110.431649343990742, -7.783596586517331 ], [ 110.432019374991384, -7.783596633927889 ], [ 110.432105233455914, -7.783597501491183 ], [ 110.432122855315313, -7.783597679550412 ], [ 110.433009518811048, -7.783606637855588 ], [ 110.433036741135297, -7.783606639487116 ], [ 110.433016153802498, -7.783760901378448 ], [ 110.433015854110238, -7.783763415563015 ], [ 110.433015536883829, -7.783766437013385 ], [ 110.433015307865389, -7.783768958579347 ], [ 110.433012242965077, -7.78380892221636 ], [ 110.432933282981878, -7.783830001023537 ], [ 110.432665409996375, -7.783898282632514 ], [ 110.43242442845748, -7.783959709366489 ], [ 110.432184695059632, -7.784019624489451 ], [ 110.432177479542446, -7.784021748650294 ], [ 110.43216811944508, -7.784024939483484 ], [ 110.432155161790305, -7.784030648759256 ], [ 110.432147221702294, -7.784034918272089 ], [ 110.432145020798785, -7.784036141386896 ], [ 110.432139672187802, -7.784039723476728 ], [ 110.432137648119479, -7.784039652871881 ], [ 110.432106147166365, -7.784038554034207 ], [ 110.431434773221156, -7.784015134155553 ], [ 110.431409320547672, -7.784014246256084 ], [ 110.431230402925706, -7.784008004791668 ], [ 110.430370916687878, -7.783889694971984 ], [ 110.430353177431257, -7.783887253112673 ], [ 110.430338665786394, -7.783886489368483 ], [ 110.430324231852083, -7.783888168873062 ], [ 110.430310286237486, -7.783892243848685 ], [ 110.430308932853791, -7.783892902327181 ], [ 110.430297225660269, -7.783898598372586 ], [ 110.430285421661068, -7.783907051674475 ], [ 110.430275210034054, -7.783917363279158 ], [ 110.430266881274505, -7.783929239847399 ], [ 110.430260672314873, -7.783942343520555 ], [ 110.430256759784697, -7.783956301531944 ], [ 110.430255254985894, -7.783970716811272 ], [ 110.430255031680375, -7.7839822556723 ], [ 110.43023599349138, -7.783986194606766 ], [ 110.430188404271362, -7.783929682407721 ], [ 110.430146763703732, -7.783798812052402 ], [ 110.429976099999934, -7.783795599999899 ], [ 110.429854801541083, -7.783778327893776 ], [ 110.429855279730432, -7.783772043116194 ], [ 110.429890040610843, -7.783584334382306 ], [ 110.430210721546317, -7.783576684851131 ], [ 110.430319982037474, -7.783578196513862 ], [ 110.430348240626557, -7.783578587478261 ] ] ] ] } },
{ "type": "Feature", "properties": { "KETERANGAN": "Lahan Terbangun", "Fungsi": "Area Terbuka", "Guna_Lahan": "Ruang Terbuka Hijau" }, "geometry": { "type": "MultiPolygon", "coordinates": [ [ [ [ 110.429818510646257, -7.784174216468583 ], [ 110.429805393578718, -7.784314282357331 ], [ 110.429400607970535, -7.784288636995313 ], [ 110.429394259160432, -7.784265781274849 ], [ 110.429415079444283, -7.784215217728559 ], [ 110.429459694338064, -7.784057578436901 ], [ 110.429509194973591, -7.783596441015145 ], [ 110.429604301195539, -7.78359661347296 ], [ 110.42960966586827, -7.783596612388844 ], [ 110.429640044395953, -7.783596606248558 ], [ 110.429647063169838, -7.783596411173244 ], [ 110.42980460215685, -7.783587555236866 ], [ 110.429819869464325, -7.783586696993462 ], [ 110.429823279582465, -7.783586476142768 ], [ 110.429827064004371, -7.783586237155447 ], [ 110.429841935130639, -7.783585481870701 ], [ 110.429890040610843, -7.783584334382306 ], [ 110.429855279730432, -7.783772043116194 ], [ 110.429854801541083, -7.783778327893776 ], [ 110.429834459446667, -7.784045681131889 ], [ 110.429823103644409, -7.784125171758184 ], [ 110.429816613488995, -7.784170602834685 ], [ 110.429818510646257, -7.784174216468583 ] ] ] ] } },
{ "type": "Feature", "properties": { "KETERANGAN": "Lahan Terbangun", "Fungsi": "Fasilitas Umum", "Guna_Lahan": "Kawasan Perkantoran" }, "geometry": { "type": "MultiPolygon", "coordinates": [ [ [ [ 110.429440416472261, -7.784947918241473 ], [ 110.42949701679089, -7.784551002686458 ], [ 110.429378246428911, -7.784543663255961 ], [ 110.429356465530887, -7.784680047325694 ], [ 110.428937616400887, -7.784636789391353 ], [ 110.429068190548151, -7.784091378307539 ], [ 110.429196099999956, -7.784114099999921 ], [ 110.429423, -7.7841574 ], [ 110.429430826476093, -7.784159578232113 ], [ 110.429415079444283, -7.784215217728559 ], [ 110.429394259160432, -7.784265781274849 ], [ 110.429400607970535, -7.784288636995313 ], [ 110.429541581761825, -7.784297568492994 ], [ 110.429528168682481, -7.784405297662386 ], [ 110.430246540718372, -7.784421007619351 ], [ 110.430245202327114, -7.784490165827404 ], [ 110.430238554038297, -7.784833699487708 ], [ 110.429849364411993, -7.78492609341103 ], [ 110.429462715968995, -7.784945505034042 ], [ 110.429459236693049, -7.784945746676468 ], [ 110.429455068694693, -7.784946116591145 ], [ 110.429451601306653, -7.784946491473026 ], [ 110.429440416472261, -7.784947918241473 ] ] ] ] } },
{ "type": "Feature", "properties": { "KETERANGAN": "Lahan Terbangun", "Fungsi": "Fasilitas Umum", "Guna_Lahan": "Kawasan Perdagangan dan Jasa" }, "geometry": { "type": "MultiPolygon", "coordinates": [ [ [ [ 110.433516360421507, -7.784569500986616 ], [ 110.433476521299767, -7.784816163858013 ], [ 110.43347211536846, -7.784815796125376 ], [ 110.433468397689182, -7.784815562399256 ], [ 110.433463932581617, -7.784815373400934 ], [ 110.433459271579636, -7.784815300530603 ], [ 110.4334551503255, -7.784815379956041 ], [ 110.433299298900252, -7.784821588212121 ], [ 110.433295131211139, -7.784687773344804 ], [ 110.433295136172646, -7.784459405782663 ], [ 110.433295095718236, -7.784456568397781 ], [ 110.433285253445746, -7.784111825317882 ], [ 110.433294215178478, -7.783945317020338 ], [ 110.433294633963598, -7.783939739371384 ], [ 110.433294852344957, -7.783936824456971 ], [ 110.433295104376697, -7.783930205910882 ], [ 110.433295123928147, -7.783915650159285 ], [ 110.433304371125814, -7.783795073702627 ], [ 110.433330460045099, -7.783599587136535 ], [ 110.433565119121951, -7.783586577324925 ], [ 110.433776932955567, -7.7835812575492 ], [ 110.433530152904723, -7.784471459402213 ], [ 110.433529115239608, -7.784475576328521 ], [ 110.433527986931182, -7.784480543053605 ], [ 110.433527144082305, -7.784484704002447 ], [ 110.433526761714205, -7.78448702468364 ], [ 110.433526339246967, -7.784489814979228 ], [ 110.433526017502984, -7.784492144790554 ], [ 110.433516360421507, -7.784569500986616 ] ] ] ] } },
{ "type": "Feature", "properties": { "KETERANGAN": null, "Fungsi": "Sungai", "Guna_Lahan": "Sungai" }, "geometry": { "type": "MultiPolygon", "coordinates": [ [ [ [ 110.439421012505377, -7.784727020407474 ], [ 110.439409786700466, -7.784729853625984 ], [ 110.439390637794162, -7.784736235547559 ], [ 110.439338701661114, -7.784743680596185 ], [ 110.439349692013678, -7.784690102624049 ], [ 110.43935892432242, -7.78463294797069 ], [ 110.439373201088301, -7.784565133331964 ], [ 110.439405323812025, -7.784540148991428 ], [ 110.439401754620476, -7.784422365671609 ], [ 110.439398185428971, -7.784329566692358 ], [ 110.439341078364819, -7.784197506606579 ], [ 110.439341078364833, -7.784143968733928 ], [ 110.439337509173328, -7.784051169754668 ], [ 110.439344647556325, -7.783940524817803 ], [ 110.439362493513954, -7.78387984856215 ], [ 110.439391047045959, -7.783797757157452 ], [ 110.439366062705474, -7.783633574348075 ], [ 110.439363555840529, -7.783587846654958 ], [ 110.439392672762381, -7.783586634333761 ], [ 110.439443955880989, -7.78358663883717 ], [ 110.439433877343987, -7.783854864221619 ], [ 110.439405323812025, -7.783911971285816 ], [ 110.439387477854396, -7.783940524817818 ], [ 110.439405323812025, -7.784015477839556 ], [ 110.439412462195037, -7.784126122776342 ], [ 110.43942316976964, -7.784186799032004 ], [ 110.439448154110039, -7.784290305585741 ], [ 110.439462430876134, -7.784361689415965 ], [ 110.439473138450708, -7.78450445707631 ], [ 110.439466000067711, -7.784540148991419 ], [ 110.439421012505377, -7.784727020407474 ] ] ] ] } },
{ "type": "Feature", "properties": { "KETERANGAN": null, "Fungsi": "Sempadan Sungai", "Guna_Lahan": "Sempadan Sungai" }, "geometry": { "type": "MultiPolygon", "coordinates": [ [ [ [ 110.439338701661114, -7.784743680596185 ], [ 110.439333068634681, -7.784744488090554 ], [ 110.4391784718173, -7.784763857598421 ], [ 110.439101906835063, -7.784768226996971 ], [ 110.439136317814828, -7.784642053375802 ], [ 110.439221978411084, -7.784442178651151 ], [ 110.439207701645003, -7.783999598903977 ], [ 110.439216789732257, -7.783932347096162 ], [ 110.439262776810423, -7.78359204270643 ], [ 110.439363555840529, -7.783587846654958 ], [ 110.439366062705474, -7.783633574348075 ], [ 110.439391047045959, -7.783797757157452 ], [ 110.439362493513954, -7.78387984856215 ], [ 110.439344647556325, -7.783940524817803 ], [ 110.439337509173328, -7.784051169754668 ], [ 110.439341078364833, -7.784143968733928 ], [ 110.439341078364819, -7.784197506606579 ], [ 110.439398185428971, -7.784329566692358 ], [ 110.439401754620476, -7.784422365671609 ], [ 110.439405323812025, -7.784540148991428 ], [ 110.439373201088301, -7.784565133331964 ], [ 110.43935892432242, -7.78463294797069 ], [ 110.439349692013678, -7.784690102624049 ], [ 110.439338701661114, -7.784743680596185 ] ] ] ] } },
{ "type": "Feature", "properties": { "KETERANGAN": null, "Fungsi": "Fasilitas Umum", "Guna_Lahan": "Kawasan Perdagangan dan Jasa" }, "geometry": { "type": "MultiPolygon", "coordinates": [ [ [ [ 110.438111558438408, -7.784839368669822 ], [ 110.437969802019268, -7.784853119263676 ], [ 110.437985771107535, -7.784687804116253 ], [ 110.438045732182147, -7.783998327519106 ], [ 110.438075623672248, -7.78371988549759 ], [ 110.438081434920704, -7.78367329944605 ], [ 110.438090996967318, -7.783596644976972 ], [ 110.438129995273854, -7.78359663250503 ], [ 110.43813512605864, -7.783596632533883 ], [ 110.438610020854654, -7.783596634940664 ], [ 110.439059977866634, -7.783596597983228 ], [ 110.439149992692634, -7.783596626585449 ], [ 110.439155329128823, -7.783596516388316 ], [ 110.439262776810423, -7.78359204270643 ], [ 110.439245205536793, -7.783722070219094 ], [ 110.439216789732271, -7.783932347096162 ], [ 110.439207701645017, -7.783999598903977 ], [ 110.439221978411098, -7.784442178651151 ], [ 110.439136317814828, -7.784642053375769 ], [ 110.439101906835063, -7.784768226996955 ], [ 110.438834100199458, -7.784783510034732 ], [ 110.438555442591735, -7.784793491340197 ], [ 110.438546898374042, -7.784794085681827 ], [ 110.438256500742867, -7.784824132002454 ], [ 110.438166851332539, -7.784834005159675 ], [ 110.438111558438408, -7.784839368669822 ] ] ] ] } },
{ "type": "Feature", "properties": { "KETERANGAN": null, "Fungsi": "Area Terbuka", "Guna_Lahan": "Ruang Terbuka Hijau" }, "geometry": { "type": "MultiPolygon", "coordinates": [ [ [ [ 110.440276600792458, -7.784677208744106 ], [ 110.439560858424926, -7.784716971801348 ], [ 110.439560888142921, -7.784694602238782 ], [ 110.439587214815404, -7.784564217670745 ], [ 110.439587871423882, -7.784560726456784 ], [ 110.439660499606163, -7.784136778591629 ], [ 110.439662427407413, -7.784115966592656 ], [ 110.439669352542822, -7.783655866750459 ], [ 110.439670329890745, -7.783590932349028 ], [ 110.439670099728346, -7.78358665510739 ], [ 110.439819965054994, -7.783586659393924 ], [ 110.439974438880682, -7.783586653832292 ], [ 110.439981978256782, -7.784042786121194 ], [ 110.440215165435475, -7.784052303965282 ], [ 110.440215165435475, -7.784199830547598 ], [ 110.440224683279411, -7.784254558150818 ], [ 110.440198348069842, -7.784402216552936 ], [ 110.440229599999981, -7.784565399999975 ], [ 110.44025799573356, -7.784604338918814 ], [ 110.440276600792458, -7.784677208744106 ] ] ] ] } },
{ "type": "Feature", "properties": { "KETERANGAN": null, "Fungsi": "Permukiman", "Guna_Lahan": "Kawasan Perumahan" }, "geometry": { "type": "MultiPolygon", "coordinates": [ [ [ [ 110.442962460000928, -7.783852611315108 ], [ 110.442957, -7.7838543 ], [ 110.442787362783761, -7.78390477738287 ], [ 110.442735014641542, -7.783988058518097 ], [ 110.442558400000081, -7.783977599999912 ], [ 110.442592246981306, -7.784126067256427 ], [ 110.442517293959597, -7.784151051596913 ], [ 110.4421460980425, -7.784165328363031 ], [ 110.442066142878488, -7.784521492357677 ], [ 110.441890114226695, -7.784533778359371 ], [ 110.440960592326434, -7.78461371503923 ], [ 110.440642045455476, -7.784633638981503 ], [ 110.440630640130351, -7.784634870225224 ], [ 110.440380338414755, -7.78467336844376 ], [ 110.440350146504898, -7.784673328604574 ], [ 110.440342916638016, -7.784673524506506 ], [ 110.440276600792458, -7.784677208744106 ], [ 110.44025799573356, -7.784604338918814 ], [ 110.440229599999981, -7.784565399999975 ], [ 110.440198348069842, -7.784402216552936 ], [ 110.440224683279411, -7.784254558150818 ], [ 110.440710228105289, -7.784260325364101 ], [ 110.440734779288334, -7.783841543939054 ], [ 110.442962460000928, -7.783852611315108 ] ] ] ] } },
{ "type": "Feature", "properties": { "KETERANGAN": null, "Fungsi": "Kolam", "Guna_Lahan": "Badan Air" }, "geometry": { "type": "MultiPolygon", "coordinates": [ [ [ [ 110.442962460000928, -7.783852611315108 ], [ 110.442966954537013, -7.784445644352114 ], [ 110.442639509490377, -7.78447220521058 ], [ 110.442620128609491, -7.784473777291769 ], [ 110.44235057578382, -7.784493737519776 ], [ 110.442338093663025, -7.784495284880251 ], [ 110.442319738415364, -7.784499917243121 ], [ 110.442305029112902, -7.784504819063168 ], [ 110.442066142878488, -7.784521492357677 ], [ 110.4421460980425, -7.784165328363031 ], [ 110.442517293959597, -7.784151051596929 ], [ 110.442592246981306, -7.784126067256427 ], [ 110.442558400000081, -7.783977599999912 ], [ 110.442735014641542, -7.783988058518097 ], [ 110.442787362783761, -7.78390477738287 ], [ 110.442957, -7.7838543 ], [ 110.442962460000928, -7.783852611315108 ] ] ] ] } },
{ "type": "Feature", "properties": { "KETERANGAN": null, "Fungsi": "Area Terbuka", "Guna_Lahan": "Ruang Terbuka Hijau" }, "geometry": { "type": "MultiPolygon", "coordinates": [ [ [ [ 110.44363908913428, -7.784391123031977 ], [ 110.442966954537013, -7.784445644352114 ], [ 110.442962473980117, -7.783854455794924 ], [ 110.442962472952132, -7.783854320154083 ], [ 110.443728836349052, -7.78385714157884 ], [ 110.443727727686039, -7.783873177381047 ], [ 110.44372059142303, -7.783876031886247 ], [ 110.443727516708833, -7.783876228974265 ], [ 110.443719982086591, -7.783985210382115 ], [ 110.44363908913428, -7.784391123031977 ] ] ] ] } },
{ "type": "Feature", "properties": { "KETERANGAN": "Lahan Terbangun", "Fungsi": "Fasilitas Umum", "Guna_Lahan": "Kawasan Perkantoran" }, "geometry": { "type": "MultiPolygon", "coordinates": [ [ [ [ 110.435140804367435, -7.783569052816257 ], [ 110.435074535287754, -7.784099407753493 ], [ 110.43507387402714, -7.784109919356054 ], [ 110.435073807057009, -7.78415998261818 ], [ 110.435073841268704, -7.784190023811284 ], [ 110.43507381055008, -7.784659198743944 ], [ 110.4350661033628, -7.785093337080469 ], [ 110.435050088698148, -7.78509333023458 ], [ 110.435029926702413, -7.785094928219785 ], [ 110.434784139887569, -7.785134244319794 ], [ 110.434241137530933, -7.785183612348151 ], [ 110.433835365209561, -7.785203477011928 ], [ 110.433426877900203, -7.78521338195266 ], [ 110.433416864080343, -7.785214020315877 ], [ 110.433278228486415, -7.785228362043472 ], [ 110.433293746179501, -7.785119765292312 ], [ 110.433294139304266, -7.785116667746776 ], [ 110.433294724002423, -7.785111448936563 ], [ 110.43345685144628, -7.785104980642918 ], [ 110.433567928642603, -7.785114251477475 ], [ 110.433574055967654, -7.785114555215726 ], [ 110.433582069962853, -7.785114677030509 ], [ 110.433593658993701, -7.785114037883073 ], [ 110.433600964193317, -7.785113163213852 ], [ 110.433605783023353, -7.785112454854271 ], [ 110.433613012852987, -7.785110887838989 ], [ 110.433620132966482, -7.78510903830519 ], [ 110.433626014096291, -7.785107296765623 ], [ 110.433656016268827, -7.785097299353673 ], [ 110.433658181022977, -7.785096547547167 ], [ 110.433662632855174, -7.785094804482545 ], [ 110.433670443745697, -7.785091506595537 ], [ 110.433680328597148, -7.785086605444671 ], [ 110.433682992802602, -7.785085014934479 ], [ 110.433690194948227, -7.7850805465373 ], [ 110.433701036424765, -7.785072649839099 ], [ 110.43370799848006, -7.785066658477015 ], [ 110.433717943040364, -7.785056637762948 ], [ 110.433723502633981, -7.78505008427168 ], [ 110.433731684164698, -7.78503873960384 ], [ 110.433736582252934, -7.785030683900973 ], [ 110.433742469578632, -7.785018929202304 ], [ 110.433745695688984, -7.785011105569529 ], [ 110.433747000817277, -7.785007752478388 ], [ 110.433750037235555, -7.784997687880535 ], [ 110.433752005124731, -7.784989459291086 ], [ 110.43375308079554, -7.784984299767332 ], [ 110.433754203268776, -7.784975531726803 ], [ 110.433754865124328, -7.784967098105959 ], [ 110.433755141582282, -7.784960048819555 ], [ 110.433755085959234, -7.784911485412888 ], [ 110.433803421507491, -7.78461217027594 ], [ 110.433803926766373, -7.784608640160672 ], [ 110.43381270276879, -7.784538400077391 ], [ 110.433905668431038, -7.784203043216198 ], [ 110.43403425769533, -7.784213413303976 ], [ 110.434059242035985, -7.784452549135245 ], [ 110.433873644077451, -7.784473964284314 ], [ 110.433877213269014, -7.784873713733454 ], [ 110.433877253097208, -7.784873712177682 ], [ 110.434790926295662, -7.784838021818341 ], [ 110.434833455888949, -7.784759038291112 ], [ 110.434840894976773, -7.784745222839086 ], [ 110.434832734956046, -7.784388901659193 ], [ 110.434819479827667, -7.783810094663407 ], [ 110.434282765683889, -7.783838342779861 ], [ 110.434276962718187, -7.783838648195401 ], [ 110.434305776611552, -7.783576441985123 ], [ 110.434104820611054, -7.783578220153522 ], [ 110.43407905196581, -7.78357759167887 ], [ 110.434079315917771, -7.783576639526268 ], [ 110.434121102335567, -7.783576642400737 ], [ 110.434691146614355, -7.783566649964359 ], [ 110.434860008061449, -7.78356660541324 ], [ 110.435141106717083, -7.783566633140599 ], [ 110.435140804367435, -7.783569052816257 ] ] ] ] } },
{ "type": "Feature", "properties": { "KETERANGAN": "Lahan Terbangun", "Fungsi": "Area Terbuka", "Guna_Lahan": "Ruang Terbuka Hijau" }, "geometry": { "type": "MultiPolygon", "coordinates": [ [ [ [ 110.434305776611552, -7.783576441985123 ], [ 110.434276962718187, -7.783838648195401 ], [ 110.434282765683889, -7.783838342779861 ], [ 110.434819479827667, -7.783810094663407 ], [ 110.434832734956046, -7.784388901659193 ], [ 110.434840894976773, -7.784745222839086 ], [ 110.434833455888949, -7.784759038291112 ], [ 110.434790926295662, -7.784838021818341 ], [ 110.433877253097208, -7.7848737121777 ], [ 110.433877213269014, -7.784873713733454 ], [ 110.433873644077451, -7.784473964284314 ], [ 110.434059242035985, -7.784452549135245 ], [ 110.43403425769533, -7.784213413303992 ], [ 110.433905668431038, -7.784203043216216 ], [ 110.43407905196581, -7.78357759167887 ], [ 110.434104820611054, -7.783578220153522 ], [ 110.434305776611552, -7.783576441985123 ] ] ] ] } },
{ "type": "Feature", "properties": { "KETERANGAN": "Lahan Terbangun", "Fungsi": "Jalan", "Guna_Lahan": "Jalan" }, "geometry": { "type": "MultiPolygon", "coordinates": [ [ [ [ 110.435314646637124, -7.783567514257984 ], [ 110.435314755116394, -7.783566646138215 ], [ 110.43541472298071, -7.783566628522669 ], [ 110.435314646637124, -7.783567514257984 ] ] ] ] } },
{ "type": "Feature", "properties": { "KETERANGAN": "Lahan Terbangun", "Fungsi": "Permukiman", "Guna_Lahan": "Kawasan Perdagangan dan Jasa" }, "geometry": { "type": "MultiPolygon", "coordinates": [ [ [ [ 110.434039540432892, -7.782634919944219 ], [ 110.433995890205622, -7.78283120389227 ], [ 110.433497225250221, -7.782742866844423 ], [ 110.43319913730997, -7.782638882716962 ], [ 110.433258273454456, -7.782453400791648 ], [ 110.434039540432892, -7.782634919944219 ] ] ] ] } },
{ "type": "Feature", "properties": { "KETERANGAN": "Lahan Terbangun", "Fungsi": "Permukiman", "Guna_Lahan": "Kawasan Perdagangan dan Jasa" }, "geometry": { "type": "MultiPolygon", "coordinates": [ [ [ [ 110.433457372363378, -7.782910113838772 ], [ 110.43344892218478, -7.782930451552064 ], [ 110.43338753209089, -7.782906181049844 ], [ 110.433357200000131, -7.78291 ], [ 110.433343274116183, -7.782964001952331 ], [ 110.433303299171229, -7.782962574275762 ], [ 110.433292591596881, -7.782998980029102 ], [ 110.433211214030479, -7.783058466554224 ], [ 110.433134300000134, -7.783015799999951 ], [ 110.433035099999955, -7.782993900000013 ], [ 110.433018001796739, -7.782981847909821 ], [ 110.432918064434503, -7.782948535455769 ], [ 110.432941859044533, -7.782848598093494 ], [ 110.432607306827109, -7.782832893650952 ], [ 110.432130462841499, -7.782777214263367 ], [ 110.432100481632887, -7.783015636256143 ], [ 110.431772116014102, -7.782958529191922 ], [ 110.431751232546915, -7.782957469889962 ], [ 110.431780488386082, -7.782625588776443 ], [ 110.432627472772054, -7.782685930868928 ], [ 110.43264170165321, -7.782685769616581 ], [ 110.432655709858949, -7.782683274787018 ], [ 110.432669115281698, -7.782678514432738 ], [ 110.432681552256213, -7.782671618403867 ], [ 110.43269268153422, -7.782662774806096 ], [ 110.432702199537886, -7.782652224869921 ], [ 110.43270984664089, -7.782640256370139 ], [ 110.432715414250325, -7.782627195776425 ], [ 110.432718750496434, -7.782613399347753 ], [ 110.432719764375335, -7.782599243414855 ], [ 110.432718428231269, -7.782585114114619 ], [ 110.432714778511013, -7.782571396857597 ], [ 110.43270891476962, -7.782558465814803 ], [ 110.432700996954864, -7.782546673711192 ], [ 110.432691241044154, -7.782536342204555 ], [ 110.432679913153365, -7.78252775311136 ], [ 110.432667322277766, -7.78252114071954 ], [ 110.432653811863517, -7.782516685397844 ], [ 110.432639750439293, -7.782514508675715 ], [ 110.43180174674994, -7.782454806432344 ], [ 110.431848784977291, -7.782158076256215 ], [ 110.432074830510317, -7.782213293000819 ], [ 110.432083872485649, -7.782215700584275 ], [ 110.432089358950734, -7.782217079715235 ], [ 110.432399404489843, -7.782293413708002 ], [ 110.432404945903812, -7.782294584475352 ], [ 110.432406885311423, -7.782294905493194 ], [ 110.432920045952471, -7.78237353868434 ], [ 110.432924948989239, -7.782374646262741 ], [ 110.432926884140144, -7.782374949316746 ], [ 110.433089996348812, -7.782414064960054 ], [ 110.433009550503769, -7.78266638490356 ], [ 110.433006309938079, -7.7826806638133 ], [ 110.433005546881063, -7.782695284129661 ], [ 110.433007283484329, -7.782709821427432 ], [ 110.433011469334915, -7.78272385369137 ], [ 110.433017982918457, -7.782736973567383 ], [ 110.433026635147002, -7.782748800187612 ], [ 110.433037174847982, -7.78275899022726 ], [ 110.433049296055714, -7.782767247871166 ], [ 110.433062646893617, -7.782773333401298 ], [ 110.433446900438952, -7.782907379766189 ], [ 110.433457372363378, -7.782910113838772 ] ] ] ] } },
{ "type": "Feature", "properties": { "KETERANGAN": "Lahan Terbangun", "Fungsi": "Fasilitas Umum", "Guna_Lahan": "Kawasan Perdagangan dan Jasa" }, "geometry": { "type": "MultiPolygon", "coordinates": [ [ [ [ 110.433457372363378, -7.782910113838772 ], [ 110.433460293638475, -7.782910876542666 ], [ 110.433968630008636, -7.783000693627142 ], [ 110.43391895678414, -7.783311374780912 ], [ 110.433917409399143, -7.783311767057361 ], [ 110.433908119395582, -7.783314942056868 ], [ 110.433895180009472, -7.783320648710564 ], [ 110.433887270235829, -7.783324904251592 ], [ 110.433886825804976, -7.783325151304362 ], [ 110.433556799733907, -7.783333440079122 ], [ 110.433552948766035, -7.783333595154136 ], [ 110.433262721745422, -7.783349685721373 ], [ 110.433260053495061, -7.78334836880834 ], [ 110.433251295385588, -7.783344736139849 ], [ 110.433247602351344, -7.783343297951666 ], [ 110.433236224996335, -7.783339973548976 ], [ 110.433226967455226, -7.783337912856022 ], [ 110.433223080122062, -7.783337136101084 ], [ 110.433211296799925, -7.783335832608966 ], [ 110.433201821112633, -7.783335406504599 ], [ 110.433197857595459, -7.783335314784364 ], [ 110.433186026336401, -7.783336071808654 ], [ 110.433176620416631, -7.78333729323978 ], [ 110.4331727011445, -7.783337889341039 ], [ 110.433161181434741, -7.783340683879986 ], [ 110.433152131076298, -7.783343515734076 ], [ 110.433148375134436, -7.783344781544598 ], [ 110.433137516994307, -7.783349528687578 ], [ 110.433130074063556, -7.783353379504975 ], [ 110.433010652379124, -7.783353374214745 ], [ 110.432020516580579, -7.783343370377652 ], [ 110.43171721801977, -7.783343333090091 ], [ 110.431751232546915, -7.782957469889962 ], [ 110.431772116014102, -7.782958529191922 ], [ 110.432100481632887, -7.783015636256143 ], [ 110.432130462841499, -7.782777214263367 ], [ 110.432607306827109, -7.782832893650952 ], [ 110.432941859044533, -7.782848598093494 ], [ 110.432918064434503, -7.782948535455769 ], [ 110.433018001796739, -7.782981847909821 ], [ 110.433035099999955, -7.782993900000013 ], [ 110.433134300000134, -7.783015799999951 ], [ 110.433211214030479, -7.783058466554224 ], [ 110.433292591596881, -7.782998980029102 ], [ 110.433303299171229, -7.782962574275762 ], [ 110.433343274116183, -7.782964001952331 ], [ 110.433357200000131, -7.78291 ], [ 110.43338753209089, -7.782906181049844 ], [ 110.43344892218478, -7.782930451552064 ], [ 110.433457372363378, -7.782910113838772 ] ] ] ] } },
{ "type": "Feature", "properties": { "KETERANGAN": "Lahan Terbangun", "Fungsi": "Permukiman", "Guna_Lahan": "Kawasan Perdagangan dan Jasa" }, "geometry": { "type": "MultiPolygon", "coordinates": [ [ [ [ 110.431680239714325, -7.782120784914855 ], [ 110.431630832062851, -7.782432461297366 ], [ 110.431174077224, -7.782351024378818 ], [ 110.431214355153813, -7.782030437887918 ], [ 110.431312393209069, -7.782044115763329 ], [ 110.431314926665252, -7.782044643202666 ], [ 110.431317902526004, -7.78204506539621 ], [ 110.431680239714325, -7.782120784914855 ] ] ] ] } },
{ "type": "Feature", "properties": { "KETERANGAN": "Lahan Terbangun", "Fungsi": "Permukiman", "Guna_Lahan": "Kawasan Perdagangan dan Jasa" }, "geometry": { "type": "MultiPolygon", "coordinates": [ [ [ [ 110.430663288454824, -7.782139977303653 ], [ 110.430808354991271, -7.782147926142609 ], [ 110.430834138404876, -7.781976650646867 ], [ 110.431043723945422, -7.782006299601875 ], [ 110.431002988016871, -7.782330530435591 ], [ 110.430647992388757, -7.782299661257392 ], [ 110.430663288454824, -7.782139977303653 ] ] ] ] } },
{ "type": "Feature", "properties": { "KETERANGAN": "Lahan Terbangun", "Fungsi": "Fasilitas Umum", "Guna_Lahan": "Kawasan Perdagangan dan Jasa" }, "geometry": { "type": "MultiPolygon", "coordinates": [ [ [ [ 110.430834138404876, -7.781976650646867 ], [ 110.430808354991271, -7.782147926142609 ], [ 110.430663288454824, -7.782139977303653 ], [ 110.430681008480974, -7.781954988101102 ], [ 110.430834138404876, -7.781976650646867 ] ] ] ] } },
{ "type": "Feature", "properties": { "KETERANGAN": "Lahan Terbangun", "Fungsi": "Permukiman", "Guna_Lahan": "Kawasan Perumahan" }, "geometry": { "type": "MultiPolygon", "coordinates": [ [ [ [ 110.434285653062702, -7.780924370787379 ], [ 110.434268499999988, -7.781005800000012 ], [ 110.434294941971672, -7.781011267851969 ], [ 110.434305290200953, -7.781034615995623 ], [ 110.4342857, -7.781133500000013 ], [ 110.434272299999989, -7.781208 ], [ 110.434262100000026, -7.781221899999943 ], [ 110.434253, -7.781275099999905 ], [ 110.434280311828189, -7.781279656935276 ], [ 110.434275546938309, -7.781333238351916 ], [ 110.434277926399389, -7.781384396763537 ], [ 110.43424223448423, -7.781384396763549 ], [ 110.434221500000064, -7.781484199999971 ], [ 110.434196799999967, -7.7815392 ], [ 110.4341912, -7.781566599999969 ], [ 110.434124451164422, -7.781589030410084 ], [ 110.43409480000004, -7.781745599999916 ], [ 110.434074900000027, -7.781842699999964 ], [ 110.434114799999946, -7.781891 ], [ 110.434102299999964, -7.781952099999952 ], [ 110.434170712567266, -7.782025783836006 ], [ 110.434135774686084, -7.782191919507562 ], [ 110.434074742411738, -7.78246663798877 ], [ 110.433229914221158, -7.782270783122351 ], [ 110.433219801289866, -7.782268143259994 ], [ 110.433215373516163, -7.782267055222052 ], [ 110.433169747039301, -7.782256371788091 ], [ 110.433042635760273, -7.782226084875502 ], [ 110.433153992021275, -7.781729037205219 ], [ 110.433213955436017, -7.781469300508335 ], [ 110.433214905654978, -7.781464576414891 ], [ 110.433234557310428, -7.78134658185183 ], [ 110.433370982662538, -7.780745642789449 ], [ 110.434285653062702, -7.780924370787379 ] ] ] ] } },
{ "type": "Feature", "properties": { "KETERANGAN": "Lahan Terbangun", "Fungsi": "Fasilitas Umum", "Guna_Lahan": "Kawasan Perumahan" }, "geometry": { "type": "MultiPolygon", "coordinates": [ [ [ [ 110.434170712567266, -7.782025783836006 ], [ 110.434102299999964, -7.781952099999952 ], [ 110.434114799999946, -7.781891 ], [ 110.434074900000027, -7.781842699999964 ], [ 110.43409480000004, -7.781745599999916 ], [ 110.434124451164422, -7.781589030410084 ], [ 110.4341912, -7.781566599999969 ], [ 110.434196799999967, -7.7815392 ], [ 110.434221500000064, -7.781484199999971 ], [ 110.43424223448423, -7.781384396763549 ], [ 110.434277926399389, -7.781384396763537 ], [ 110.434275546938309, -7.781333238351916 ], [ 110.434280311828189, -7.781279656935276 ], [ 110.434253, -7.781275099999905 ], [ 110.434262100000026, -7.781221899999943 ], [ 110.434272299999989, -7.781208 ], [ 110.4342857, -7.781133500000013 ], [ 110.434305290200953, -7.781034615995623 ], [ 110.434294941971672, -7.781011267851969 ], [ 110.434268499999988, -7.781005800000012 ], [ 110.434285653062702, -7.780924370787379 ], [ 110.434394962811965, -7.780945729939696 ], [ 110.434175616377061, -7.782002465359023 ], [ 110.434170712567266, -7.782025783836006 ] ] ] ] } },
{ "type": "Feature", "properties": { "KETERANGAN": "Lahan Terbangun", "Fungsi": "Permukiman", "Guna_Lahan": "Kawasan Perumahan" }, "geometry": { "type": "MultiPolygon", "coordinates": [ [ [ [ 110.431456005682534, -7.78174355165623 ], [ 110.431819812309712, -7.781795524002124 ], [ 110.431992323232606, -7.781866907832218 ], [ 110.432036938126402, -7.781676550951769 ], [ 110.432005528609835, -7.781659985196295 ], [ 110.43201350000011, -7.781614799999942 ], [ 110.43192250000007, -7.7815938 ], [ 110.43162954587352, -7.781485709074501 ], [ 110.431505678494517, -7.781462609706139 ], [ 110.431686823126, -7.780416555638396 ], [ 110.432349220331091, -7.780545988973607 ], [ 110.432038396325993, -7.782027680070791 ], [ 110.431830601690507, -7.78197660594696 ], [ 110.431827608207229, -7.781975926358198 ], [ 110.431807787069374, -7.78197240471829 ], [ 110.43179574800682, -7.78196938173359 ], [ 110.431793227207137, -7.781968787651769 ], [ 110.431429436993184, -7.781892945307432 ], [ 110.431456005682534, -7.78174355165623 ] ] ] ] } },
{ "type": "Feature", "properties": { "KETERANGAN": "Lahan Terbangun", "Fungsi": "Fasilitas Umum", "Guna_Lahan": "Kawasan Perumahan" }, "geometry": { "type": "MultiPolygon", "coordinates": [ [ [ [ 110.431456005682534, -7.78174355165623 ], [ 110.431494901548191, -7.781524843026162 ], [ 110.431505678494517, -7.781462609706139 ], [ 110.43162954587352, -7.781485709074501 ], [ 110.43192250000007, -7.7815938 ], [ 110.43201350000011, -7.781614799999942 ], [ 110.432005528609835, -7.781659985196295 ], [ 110.432036938126402, -7.781676550951769 ], [ 110.431992323232606, -7.781866907832218 ], [ 110.431819812309712, -7.781795524002124 ], [ 110.431456005682534, -7.78174355165623 ] ] ] ] } },
{ "type": "Feature", "properties": { "KETERANGAN": "Lahan Terbangun", "Fungsi": "Permukiman", "Guna_Lahan": "Kawasan Perumahan" }, "geometry": { "type": "MultiPolygon", "coordinates": [ [ [ [ 110.440575976432427, -7.781728033716367 ], [ 110.440566260102472, -7.781756575424903 ], [ 110.439734625303345, -7.781699073903111 ], [ 110.439748908800425, -7.781380911373528 ], [ 110.439748406876532, -7.781367044392483 ], [ 110.439745673613913, -7.781353438782642 ], [ 110.439740780285831, -7.781340449326261 ], [ 110.43973385449172, -7.781328414738511 ], [ 110.43972507682993, -7.781317648835423 ], [ 110.439550191149181, -7.781135430648776 ], [ 110.439694273437993, -7.780395249144639 ], [ 110.440099021717614, -7.780498121674055 ], [ 110.44010522472766, -7.780499457714537 ], [ 110.440110580866971, -7.780500234717564 ], [ 110.440261914616684, -7.780517366842232 ], [ 110.440270929517766, -7.78051791225882 ], [ 110.440615208816268, -7.780520711285356 ], [ 110.440927340652706, -7.780573719349348 ], [ 110.440883921857321, -7.780887299005857 ], [ 110.440883680727808, -7.780889196023979 ], [ 110.440858722084357, -7.781104747577194 ], [ 110.440810044909966, -7.781233847844904 ], [ 110.440760930223391, -7.781320914761866 ], [ 110.440757549035212, -7.781327569100328 ], [ 110.440579089406441, -7.781720180129859 ], [ 110.440576637345913, -7.781726163454777 ], [ 110.440575976432427, -7.781728033716367 ] ] ] ] } },
{ "type": "Feature", "properties": { "KETERANGAN": "Lahan Terbangun", "Fungsi": "Permukiman", "Guna_Lahan": "Kawasan Perumahan" }, "geometry": { "type": "MultiPolygon", "coordinates": [ [ [ [ 110.442698214059135, -7.781666781011299 ], [ 110.442664187832946, -7.782052226529719 ], [ 110.442634300961004, -7.782371427187633 ], [ 110.442604305175053, -7.78265087069534 ], [ 110.442544665946897, -7.783204945345338 ], [ 110.442534347766085, -7.78330080558217 ], [ 110.442534153430557, -7.783302838346008 ], [ 110.442531103214066, -7.783339327374235 ], [ 110.442383918470853, -7.783353330107346 ], [ 110.442160006978114, -7.783353387994042 ], [ 110.441931704310662, -7.783353357007606 ], [ 110.441606238650067, -7.783344574746307 ], [ 110.441605359762789, -7.783253667625182 ], [ 110.441602189375175, -7.782925741554998 ], [ 110.441640004779657, -7.78240577828856 ], [ 110.441640230498052, -7.782399618509495 ], [ 110.441640230448698, -7.781958328115331 ], [ 110.442319665294789, -7.781966765575177 ], [ 110.442331035017872, -7.781966093501721 ], [ 110.442342216461157, -7.781963931303896 ], [ 110.442353014158542, -7.781960316779767 ], [ 110.442363239352289, -7.781955313115829 ], [ 110.442375503968861, -7.781946778888639 ], [ 110.442386104194853, -7.781936258085888 ], [ 110.442394720675097, -7.781924067670107 ], [ 110.442401093819143, -7.78191057490463 ], [ 110.442405031622144, -7.781896186288934 ], [ 110.442406415449369, -7.781881335311787 ], [ 110.442405203610178, -7.781866469391745 ], [ 110.442401432614176, -7.781852036397402 ], [ 110.442395216071191, -7.78183847115454 ], [ 110.442386741268493, -7.781826182345923 ], [ 110.442376263528331, -7.781815540198871 ], [ 110.442364098515753, -7.781806865331483 ], [ 110.442350612728504, -7.781800419093067 ], [ 110.442336212455587, -7.781796395690726 ], [ 110.442321331536704, -7.78179491633819 ], [ 110.441554665536714, -7.781785395211679 ], [ 110.441541127394643, -7.781786368250361 ], [ 110.441527910483316, -7.781789449774457 ], [ 110.4415153428411, -7.781794563301691 ], [ 110.44150373639178, -7.781801581916523 ], [ 110.441493379202797, -7.78181033141964 ], [ 110.441484528335437, -7.781820594651951 ], [ 110.441477403464802, -7.781832116884144 ], [ 110.441472181427429, -7.781844612139036 ], [ 110.441468991832423, -7.781857770289427 ], [ 110.441467913844392, -7.78187126475515 ], [ 110.441467913699768, -7.782396449476719 ], [ 110.441430067976356, -7.782916826718215 ], [ 110.441429844258437, -7.782923400963655 ], [ 110.441433005573472, -7.783250401383865 ], [ 110.441433872694603, -7.783340094981151 ], [ 110.441173237460944, -7.783333406741422 ], [ 110.441170053811703, -7.783333364900312 ], [ 110.44068835304742, -7.783333377117769 ], [ 110.440692634276886, -7.783200360149968 ], [ 110.440693497388068, -7.783173543431674 ], [ 110.440729077042491, -7.782981626202535 ], [ 110.440753456534623, -7.782850122705777 ], [ 110.440770890183771, -7.78275608517129 ], [ 110.440772044111483, -7.782747010880755 ], [ 110.440779182474941, -7.782649452976615 ], [ 110.44077909561986, -7.782635853389468 ], [ 110.440776858515861, -7.782622437794378 ], [ 110.440772527199414, -7.782609542233216 ], [ 110.440766210164128, -7.782597489721667 ], [ 110.440758065642996, -7.782586582158133 ], [ 110.440748297644888, -7.782577092761575 ], [ 110.440737150844484, -7.782569259228043 ], [ 110.44072490445339, -7.782563277776449 ], [ 110.440697223272736, -7.782552373075033 ], [ 110.440583527553017, -7.782507583852971 ], [ 110.440573611232409, -7.782498139740072 ], [ 110.440575931325611, -7.782427376457309 ], [ 110.44057685065475, -7.782399336730415 ], [ 110.440664533108858, -7.782002457898453 ], [ 110.440707438517734, -7.781876375741282 ], [ 110.440708019568888, -7.781874483505018 ], [ 110.440711897209781, -7.781862100326975 ], [ 110.440737782021031, -7.78178728909982 ], [ 110.440912945703516, -7.781401928847036 ], [ 110.440963458296523, -7.781312383768381 ], [ 110.440969012901434, -7.781300495645606 ], [ 110.441023879798223, -7.781154973739572 ], [ 110.441027925309115, -7.781140135961286 ], [ 110.441028685255517, -7.781134960502363 ], [ 110.441054749300122, -7.780909861545446 ], [ 110.441108960538088, -7.780518022995929 ], [ 110.441109345593318, -7.780514731667114 ], [ 110.441110530338136, -7.780503136418121 ], [ 110.441117887447689, -7.780453863154578 ], [ 110.441237114424183, -7.780072804148264 ], [ 110.441239697135416, -7.780062240069234 ], [ 110.441240797384864, -7.780053461065998 ], [ 110.441254291961968, -7.779869034674294 ], [ 110.441271054847547, -7.779818757193144 ], [ 110.441836468526787, -7.779955672057034 ], [ 110.441838525106348, -7.779956170056039 ], [ 110.44202380357666, -7.780029472939847 ], [ 110.442245088818964, -7.780117021272641 ], [ 110.442254846084083, -7.780120224553216 ], [ 110.442264916248845, -7.780122246891251 ], [ 110.442866762999643, -7.780206255329422 ], [ 110.442811830406029, -7.78070443608979 ], [ 110.442750377200582, -7.781078601616343 ], [ 110.442749576051057, -7.781084955864501 ], [ 110.442706732558904, -7.781570284183467 ], [ 110.442698214059135, -7.781666781011299 ] ] ] ] } },
{ "type": "Feature", "properties": { "KETERANGAN": "Lahan Terbangun", "Fungsi": "Permukiman", "Guna_Lahan": "Kawasan Perumahan" }, "geometry": { "type": "MultiPolygon", "coordinates": [ [ [ [ 110.44106966171455, -7.780031069233826 ], [ 110.440953054943265, -7.780403753390474 ], [ 110.440637302916898, -7.780350130530091 ], [ 110.440623542582188, -7.780348914094456 ], [ 110.440276856008921, -7.780346095511213 ], [ 110.440135867402191, -7.780330134539239 ], [ 110.4396567030347, -7.780208648508272 ], [ 110.439648326922551, -7.780206383758702 ], [ 110.439642187164324, -7.780204809171489 ], [ 110.439617001951049, -7.780198257466151 ], [ 110.439725041656956, -7.779881123421196 ], [ 110.439728293133669, -7.779868512581353 ], [ 110.43972870675708, -7.779865970392593 ], [ 110.439769695204447, -7.779587739287423 ], [ 110.439798510843588, -7.779507604434598 ], [ 110.44109222182513, -7.779810479902458 ], [ 110.441087388358696, -7.779824977060688 ], [ 110.441084315597493, -7.779837057776422 ], [ 110.441083215345714, -7.77984583677915 ], [ 110.44106966171455, -7.780031069233826 ] ] ] ] } },
{ "type": "Feature", "properties": { "KETERANGAN": null, "Fungsi": "Fasilitas Umum", "Guna_Lahan": "Kawasan Perdagangan dan Jasa" }, "geometry": { "type": "MultiPolygon", "coordinates": [ [ [ [ 110.437076145084049, -7.782500990521065 ], [ 110.436969824812664, -7.783342482566929 ], [ 110.43571461094173, -7.78331687602171 ], [ 110.435738242486423, -7.783179024856806 ], [ 110.436439198763665, -7.782697894931171 ], [ 110.436491546905884, -7.782655064633074 ], [ 110.436324984635419, -7.782588439724853 ], [ 110.436363056011515, -7.782464707752587 ], [ 110.436265597254149, -7.782379572620613 ], [ 110.436280468885357, -7.782293317159199 ], [ 110.43625550559139, -7.782287530978819 ], [ 110.435912666411426, -7.782208064968632 ], [ 110.435935061424445, -7.782089683366509 ], [ 110.435962965358385, -7.781942181110431 ], [ 110.437128367718188, -7.782166111639724 ], [ 110.437128346611985, -7.782166252181725 ], [ 110.43710920695203, -7.782293699374535 ], [ 110.437096635573369, -7.782377409634111 ], [ 110.437076710238429, -7.782497129253176 ], [ 110.437076145084049, -7.782500990521065 ] ] ] ] } },
{ "type": "Feature", "properties": { "KETERANGAN": null, "Fungsi": "Permukiman", "Guna_Lahan": "Kawasan Perdagangan dan Jasa" }, "geometry": { "type": "MultiPolygon", "coordinates": [ [ [ [ 110.437512323605517, -7.780120785074688 ], [ 110.437499154818255, -7.780222704615144 ], [ 110.437464845601383, -7.780218427161507 ], [ 110.437489829941825, -7.780118489799293 ], [ 110.437512323605517, -7.780120785074688 ] ] ] ] } },
{ "type": "Feature", "properties": { "KETERANGAN": null, "Fungsi": "Permukiman", "Guna_Lahan": "Kawasan Perdagangan dan Jasa" }, "geometry": { "type": "MultiPolygon", "coordinates": [ [ [ [ 110.437516103107399, -7.780091533690864 ], [ 110.437512323605503, -7.78012078507467 ], [ 110.437489829941825, -7.780118489799275 ], [ 110.437464845601383, -7.780218427161507 ], [ 110.437499154818255, -7.780222704615144 ], [ 110.437487044226302, -7.780316434219718 ], [ 110.437476647967969, -7.780396895741815 ], [ 110.437464047907795, -7.78046149963363 ], [ 110.437440502412542, -7.780582223645333 ], [ 110.436830620099414, -7.780476668081446 ], [ 110.436255479720373, -7.780377124646947 ], [ 110.43630210822208, -7.780117036769257 ], [ 110.436306741722817, -7.780091191667335 ], [ 110.43633240487307, -7.779948045674814 ], [ 110.436342155650891, -7.779903159355279 ], [ 110.436381212837574, -7.779723365033058 ], [ 110.436381681154458, -7.779721209200491 ], [ 110.436408369265621, -7.779603080772736 ], [ 110.436451586904667, -7.779411788244828 ], [ 110.436452019835372, -7.779409764276068 ], [ 110.436452511427476, -7.779407329904927 ], [ 110.436452897817034, -7.779405296588531 ], [ 110.436453303931401, -7.779402817960793 ], [ 110.436453749775922, -7.779399837433652 ], [ 110.436454086735793, -7.779397348516151 ], [ 110.436494106392331, -7.77906733661487 ], [ 110.43659670202517, -7.779082796224773 ], [ 110.436601756410752, -7.779083458301467 ], [ 110.436604613984585, -7.77908375098644 ], [ 110.436610181256626, -7.779084298418335 ], [ 110.43702876310995, -7.779133244028086 ], [ 110.437127477242257, -7.779150878646439 ], [ 110.43729137575906, -7.779180157965133 ], [ 110.437475119028235, -7.779249011551583 ], [ 110.437487253956391, -7.779267215097824 ], [ 110.437503203013478, -7.779293826911206 ], [ 110.437505243742194, -7.779303267871374 ], [ 110.437574884786159, -7.779625445862895 ], [ 110.437574912784882, -7.779795682751918 ], [ 110.437517609254954, -7.780082287034085 ], [ 110.437517123844827, -7.780084938137827 ], [ 110.437516491891543, -7.780088844080546 ], [ 110.437516103107399, -7.780091533690864 ] ] ] ] } },
{ "type": "Feature", "properties": { "KETERANGAN": null, "Fungsi": "Area Terbuka", "Guna_Lahan": "Kawasan Perdagangan dan Jasa" }, "geometry": { "type": "MultiPolygon", "coordinates": [ [ [ [ 110.436439198763665, -7.782697894931171 ], [ 110.435738242486423, -7.783179024856806 ], [ 110.43574061574526, -7.783165180791931 ], [ 110.435762877356851, -7.783035320818901 ], [ 110.435812803958342, -7.782765833031524 ], [ 110.435862937495585, -7.782484825059538 ], [ 110.4358829136727, -7.78236533989634 ], [ 110.435912666411426, -7.782208064968632 ], [ 110.43625550559139, -7.782287530978834 ], [ 110.436280468885357, -7.782293317159199 ], [ 110.436265597254149, -7.782379572620632 ], [ 110.436363056011515, -7.782464707752587 ], [ 110.436324984635419, -7.782588439724853 ], [ 110.436491546905884, -7.782655064633092 ], [ 110.436439198763665, -7.782697894931171 ] ] ] ] } },
{ "type": "Feature", "properties": { "KETERANGAN": "Lahan Terbangun", "Fungsi": "Permukiman", "Guna_Lahan": "Kawasan Perumahan" }, "geometry": { "type": "MultiPolygon", "coordinates": [ [ [ [ 110.44266390658521, -7.779187513641756 ], [ 110.442678488999533, -7.779188533427203 ], [ 110.442693034379076, -7.779187079811225 ], [ 110.442707124002411, -7.779183194639478 ], [ 110.442720352268083, -7.779176989755343 ], [ 110.44273233837076, -7.779168643780279 ], [ 110.442742737263615, -7.779158396971965 ], [ 110.442751249591396, -7.779146544307758 ], [ 110.442757630307739, -7.779133426993093 ], [ 110.442761695729672, -7.779119422639307 ], [ 110.442783241763266, -7.779011692387542 ], [ 110.442960266925368, -7.779015685871029 ], [ 110.442913746829575, -7.779518459501895 ], [ 110.442913531436986, -7.779521301900246 ], [ 110.442883185512883, -7.78003501337816 ], [ 110.442299027843987, -7.779953474079451 ], [ 110.441896470268404, -7.77979420784619 ], [ 110.441894275327144, -7.779793373800532 ], [ 110.441885028766706, -7.779790578737805 ], [ 110.44134339880668, -7.779659423145002 ], [ 110.441447803810689, -7.779460395799649 ], [ 110.441451723390898, -7.77945180593083 ], [ 110.441531267147113, -7.779248558137676 ], [ 110.441531929624588, -7.779246809475086 ], [ 110.441535111758682, -7.779235958967003 ], [ 110.441580321480657, -7.779033109904677 ], [ 110.441581045501181, -7.779029497398597 ], [ 110.441582374111306, -7.779014431745805 ], [ 110.441582281243882, -7.778969691406047 ], [ 110.441798184473669, -7.77895657578789 ], [ 110.441909448251508, -7.779055974949927 ], [ 110.441919056329709, -7.77906340963962 ], [ 110.441929618699575, -7.779069420289347 ], [ 110.441940924708646, -7.779073887024587 ], [ 110.441952748873575, -7.779076720762223 ], [ 110.44212732398654, -7.779103918331175 ], [ 110.442625460666775, -7.779181524096188 ], [ 110.44266390658521, -7.779187513641756 ] ] ] ] } },
{ "type": "Feature", "properties": { "KETERANGAN": "Lahan Terbangun", "Fungsi": "Fasilitas Umum", "Guna_Lahan": "Kawasan Perdagangan dan Jasa" }, "geometry": { "type": "MultiPolygon", "coordinates": [ [ [ [ 110.435630711445256, -7.782137387599817 ], [ 110.435626687466979, -7.782158659559183 ], [ 110.435597168731249, -7.782314704393774 ], [ 110.435576978014808, -7.782435423609345 ], [ 110.435527244131649, -7.782714183127525 ], [ 110.435477141532274, -7.782984641153127 ], [ 110.435420785792388, -7.783313361478124 ], [ 110.435300023680696, -7.783313382761151 ], [ 110.434859987087847, -7.783313339459434 ], [ 110.434688879372573, -7.783313394111333 ], [ 110.434118885913165, -7.783323386124954 ], [ 110.434091521019724, -7.783323382452381 ], [ 110.434151991809173, -7.782944988471497 ], [ 110.434164641821965, -7.782866109410648 ], [ 110.434224121307253, -7.782598584012801 ], [ 110.434224835414142, -7.782595016373886 ], [ 110.434225162303079, -7.782585100445595 ], [ 110.434225779868385, -7.782580050862459 ], [ 110.434256722228326, -7.782441233708691 ], [ 110.434811647435183, -7.782578921880794 ], [ 110.434844959889247, -7.782317181170086 ], [ 110.434304847005635, -7.782225161976449 ], [ 110.434344309299718, -7.782037524046667 ], [ 110.43437026325519, -7.781912486400417 ], [ 110.434379624301442, -7.781867387927305 ], [ 110.434439420682793, -7.781579308154565 ], [ 110.434866546082603, -7.781671616573562 ], [ 110.434797749295939, -7.781976660429298 ], [ 110.435630711445256, -7.782137387599817 ] ] ] ] } },
{ "type": "Feature", "properties": { "KETERANGAN": "Lahan Terbangun", "Fungsi": "Area Terbuka", "Guna_Lahan": "Ruang Terbuka Hijau" }, "geometry": { "type": "MultiPolygon", "coordinates": [ [ [ [ 110.434256722228326, -7.782441233708724 ], [ 110.434304219044208, -7.782228147847406 ], [ 110.434304847005635, -7.782225161976465 ], [ 110.434844959889247, -7.782317181170121 ], [ 110.434811647435168, -7.782578921880827 ], [ 110.434256722228326, -7.782441233708724 ] ] ] ] } },
{ "type": "Feature", "properties": { "KETERANGAN": "Lahan Terbangun", "Fungsi": "Permukiman", "Guna_Lahan": "Kawasan Perumahan" }, "geometry": { "type": "MultiPolygon", "coordinates": [ [ [ [ 110.441292925512528, -7.779384913757543 ], [ 110.441154623675644, -7.779648558435055 ], [ 110.439845747242913, -7.77934213262265 ], [ 110.440138707987856, -7.778577484245728 ], [ 110.440154425571123, -7.778542069042583 ], [ 110.44063984039559, -7.778684177839221 ], [ 110.440642389031837, -7.778684912323567 ], [ 110.440644243364758, -7.778685480632746 ], [ 110.440654265213581, -7.778688298245306 ], [ 110.440944160258198, -7.778784581942763 ], [ 110.441297903421699, -7.778904398183121 ], [ 110.441307866288469, -7.778907120428064 ], [ 110.441409879791607, -7.778928531882318 ], [ 110.441410039153382, -7.77900511710472 ], [ 110.441368338616613, -7.779192220663145 ], [ 110.441292925512528, -7.779384913757543 ] ] ] ] } },
{ "type": "Feature", "properties": { "KETERANGAN": "Lahan Terbangun", "Fungsi": "Permukiman", "Guna_Lahan": "Kawasan Perumahan" }, "geometry": { "type": "MultiPolygon", "coordinates": [ [ [ [ 110.434718967862011, -7.778561023614505 ], [ 110.434702799999883, -7.778660699999932 ], [ 110.434701034223934, -7.778677046030977 ], [ 110.43445190465664, -7.778634929571245 ], [ 110.434353100000081, -7.7786099 ], [ 110.434284152655735, -7.778621366643463 ], [ 110.434200300000057, -7.778655 ], [ 110.4340276, -7.778623399999961 ], [ 110.434000400000016, -7.778708099999963 ], [ 110.434005755718061, -7.77873569974484 ], [ 110.433993858413061, -7.778816006553789 ], [ 110.433815398837581, -7.778884416057626 ], [ 110.433782944243944, -7.778891963641184 ], [ 110.433894895324869, -7.778376939238398 ], [ 110.434718967862011, -7.778561023614505 ] ] ] ] } },
{ "type": "Feature", "properties": { "KETERANGAN": "Lahan Terbangun", "Fungsi": "Permukiman", "Guna_Lahan": "Kawasan Perumahan" }, "geometry": { "type": "MultiPolygon", "coordinates": [ [ [ [ 110.434164909299923, -7.780725651025997 ], [ 110.433409051181641, -7.780577955074037 ], [ 110.433549634850607, -7.779958688797396 ], [ 110.433810520942501, -7.780001691973047 ], [ 110.434050599999964, -7.779993200000042 ], [ 110.434182699826152, -7.78001961996512 ], [ 110.434255956042833, -7.78001120981709 ], [ 110.434221691804311, -7.780142556064561 ], [ 110.43437588087734, -7.78018633814697 ], [ 110.434343758153858, -7.78026367062978 ], [ 110.434303499999913, -7.780302099999978 ], [ 110.434198537757595, -7.780277589408527 ], [ 110.434167678039472, -7.780332674998939 ], [ 110.434218836451024, -7.780449268588201 ], [ 110.434308066238671, -7.780545636758981 ], [ 110.434289030550786, -7.780659850887273 ], [ 110.434180368498076, -7.780658661156783 ], [ 110.434164909299923, -7.780725651025997 ] ] ] ] } },
{ "type": "Feature", "properties": { "KETERANGAN": "Lahan Terbangun", "Fungsi": "Fasilitas Umum", "Guna_Lahan": "Kawasan Perumahan" }, "geometry": { "type": "MultiPolygon", "coordinates": [ [ [ [ 110.434164909299923, -7.780725651025997 ], [ 110.434180368498076, -7.780658661156783 ], [ 110.434289030550786, -7.780659850887273 ], [ 110.434308066238671, -7.780545636758981 ], [ 110.434218836451024, -7.780449268588201 ], [ 110.434167678039472, -7.780332674998939 ], [ 110.434198537757595, -7.780277589408527 ], [ 110.434303499999913, -7.780302099999978 ], [ 110.434343758153858, -7.78026367062978 ], [ 110.43437588087734, -7.78018633814697 ], [ 110.434221691804311, -7.780142556064561 ], [ 110.434255956042833, -7.78001120981709 ], [ 110.434182699826152, -7.78001961996512 ], [ 110.434050599999964, -7.779993200000042 ], [ 110.433810520942501, -7.780001691973047 ], [ 110.433549634850607, -7.779958688797396 ], [ 110.433604166470801, -7.779718478278236 ], [ 110.433664229953109, -7.779438100137998 ], [ 110.433782944243944, -7.778891963641184 ], [ 110.433815398837581, -7.778884416057626 ], [ 110.433993858413061, -7.778816006553789 ], [ 110.434005755718061, -7.77873569974484 ], [ 110.434000400000016, -7.778708099999963 ], [ 110.4340276, -7.778623399999961 ], [ 110.434200300000057, -7.778655 ], [ 110.434284152655735, -7.778621366643463 ], [ 110.434353100000081, -7.7786099 ], [ 110.43445190465664, -7.778634929571245 ], [ 110.434701034223934, -7.778677046030977 ], [ 110.434702799999883, -7.778660699999932 ], [ 110.434718967862011, -7.778561023614505 ], [ 110.434821158820284, -7.778583851288408 ], [ 110.434832439221665, -7.778585575546276 ], [ 110.43484384760238, -7.778585866611222 ], [ 110.434855201642534, -7.778584719831645 ], [ 110.434555699877095, -7.780002276205176 ], [ 110.43455507705815, -7.780005540581697 ], [ 110.434428116716973, -7.780777081863554 ], [ 110.434164909299923, -7.780725651025997 ] ] ] ] } },
{ "type": "Feature", "properties": { "KETERANGAN": "Lahan Terbangun", "Fungsi": "Fasilitas Umum", "Guna_Lahan": "Kawasan Perumahan" }, "geometry": { "type": "MultiPolygon", "coordinates": [ [ [ [ 110.433390366111425, -7.77988201630502 ], [ 110.433239878159725, -7.780544898394302 ], [ 110.432545909342835, -7.780409295939425 ], [ 110.432567178124032, -7.780220538799431 ], [ 110.43258458605969, -7.780066045897192 ], [ 110.432591194257398, -7.780024289694248 ], [ 110.432714497943948, -7.779245150420753 ], [ 110.432753051321015, -7.779001536117468 ], [ 110.43276018354689, -7.778956468373485 ], [ 110.43281210942699, -7.778640656267158 ], [ 110.432839159112348, -7.778476140418184 ], [ 110.432843698063778, -7.77844853455648 ], [ 110.432883777608012, -7.778186153155962 ], [ 110.433717413338229, -7.778356681905945 ], [ 110.43371964946985, -7.778357108701349 ], [ 110.433722793059928, -7.778357545512471 ], [ 110.433552652774438, -7.779140264551397 ], [ 110.433495771848328, -7.779401940677524 ], [ 110.433435876297793, -7.779681548684109 ], [ 110.433390366111425, -7.77988201630502 ] ] ] ] } },
{ "type": "Feature", "properties": { "KETERANGAN": "Lahan Terbangun", "Fungsi": "Permukiman", "Guna_Lahan": "Kawasan Perumahan" }, "geometry": { "type": "MultiPolygon", "coordinates": [ [ [ [ 110.432413563120519, -7.780044947188271 ], [ 110.432391548770354, -7.780240320630365 ], [ 110.432252765154104, -7.780206738059293 ], [ 110.432166509692507, -7.780135354229172 ], [ 110.432011844727256, -7.780102636640308 ], [ 110.431949383875818, -7.780072893377736 ], [ 110.431744153589477, -7.780036569456261 ], [ 110.431763737400047, -7.779890453581174 ], [ 110.431784898391101, -7.779732570129304 ], [ 110.431785399856082, -7.779721264534428 ], [ 110.431948274989878, -7.778547589811582 ], [ 110.432024079122399, -7.778026200032486 ], [ 110.432714507706336, -7.778153202657916 ], [ 110.432673498667654, -7.778421687175131 ], [ 110.43266739257092, -7.77845882340477 ], [ 110.432614151838251, -7.778782624033109 ], [ 110.432590056832652, -7.778929165350315 ], [ 110.432429752960488, -7.779942097752445 ], [ 110.432414077737334, -7.780041146444415 ], [ 110.432413563120519, -7.780044947188271 ] ] ] ] } },
{ "type": "Feature", "properties": { "KETERANGAN": "Lahan Terbangun", "Fungsi": "Permukiman", "Guna_Lahan": "Kawasan Perumahan" }, "geometry": { "type": "MultiPolygon", "coordinates": [ [ [ [ 110.432391548770354, -7.780240320630381 ], [ 110.432376244495231, -7.780376143206953 ], [ 110.43171593393302, -7.780247117616926 ], [ 110.431744153589477, -7.780036569456261 ], [ 110.431949383875818, -7.780072893377736 ], [ 110.432011844727256, -7.780102636640326 ], [ 110.432166509692507, -7.780135354229172 ], [ 110.43225276515409, -7.780206738059293 ], [ 110.432391548770354, -7.780240320630381 ] ] ] ] } },
{ "type": "Feature", "properties": { "KETERANGAN": "Lahan Terbangun", "Fungsi": "Permukiman", "Guna_Lahan": "Kawasan Perumahan" }, "geometry": { "type": "MultiPolygon", "coordinates": [ [ [ [ 110.431325166035052, -7.78149521124972 ], [ 110.431259707819692, -7.781863274545478 ], [ 110.43115483100182, -7.781848473218711 ], [ 110.431151843574284, -7.78184812121243 ], [ 110.431139909013609, -7.781846884406183 ], [ 110.430739420075227, -7.781789672168517 ], [ 110.430801151963038, -7.781384032753916 ], [ 110.430806267156598, -7.781350420840756 ], [ 110.430816475491184, -7.781280577049649 ], [ 110.430893034395979, -7.780756772340399 ], [ 110.430965827963973, -7.780339817658069 ], [ 110.430966148712969, -7.780337844961898 ], [ 110.431140325035599, -7.779181674722674 ], [ 110.431140793642456, -7.779178037490746 ], [ 110.431158639567258, -7.779011475214292 ], [ 110.43115904905234, -7.778998683370309 ], [ 110.431157549021947, -7.778985972749994 ], [ 110.431154172751718, -7.778973625315566 ], [ 110.431113342358714, -7.778858789903734 ], [ 110.431182096359109, -7.778291568427654 ], [ 110.431239554473962, -7.77793532776623 ], [ 110.431846963234321, -7.778046827355648 ], [ 110.431777667077213, -7.778523458980917 ], [ 110.431614192722819, -7.779706083780428 ], [ 110.431613359279709, -7.77971034147776 ], [ 110.431612090405537, -7.779722606285632 ], [ 110.431544783330196, -7.780226989339788 ], [ 110.431532053498998, -7.780300503147675 ], [ 110.431325166035052, -7.78149521124972 ] ] ] ] } },
{ "type": "Feature", "properties": { "KETERANGAN": "Lahan Terbangun", "Fungsi": "Permukiman", "Guna_Lahan": "Kawasan Perdagangan dan Jasa" }, "geometry": { "type": "MultiPolygon", "coordinates": [ [ [ [ 110.430675835915181, -7.777850230475281 ], [ 110.430663599999932, -7.7779452 ], [ 110.430696126187144, -7.777949288320039 ], [ 110.4306942, -7.777958699999941 ], [ 110.430674399999944, -7.778088499999959 ], [ 110.4307715, -7.778103 ], [ 110.43078347647041, -7.778103728541555 ], [ 110.4307783, -7.778131099999988 ], [ 110.4307551, -7.778269 ], [ 110.430808180778158, -7.778277769365137 ], [ 110.430804299999963, -7.778292 ], [ 110.430787899999928, -7.778369699999919 ], [ 110.430765839975876, -7.778370468965463 ], [ 110.430762799999982, -7.778388299999947 ], [ 110.4307487, -7.778480299999901 ], [ 110.430746359306681, -7.778510015333389 ], [ 110.430785222558114, -7.778517247109121 ], [ 110.430703787850533, -7.779117357037056 ], [ 110.430678695910103, -7.779307464567231 ], [ 110.430579725830199, -7.779298357222123 ], [ 110.430566500000211, -7.779438199999971 ], [ 110.430551099999875, -7.779552 ], [ 110.43053769413315, -7.779662652663315 ], [ 110.430588800000081, -7.77967 ], [ 110.430610099999967, -7.779673799999903 ], [ 110.430599, -7.7797477 ], [ 110.430554500000071, -7.779999699999955 ], [ 110.43064250000009, -7.780015899999976 ], [ 110.430625300000088, -7.7801074 ], [ 110.43074598031582, -7.780125706380554 ], [ 110.430722766252345, -7.780257780880924 ], [ 110.430685036583284, -7.780477427686239 ], [ 110.430637532750211, -7.780471620226562 ], [ 110.430599752645065, -7.780728601151295 ], [ 110.43056975008669, -7.780925443344614 ], [ 110.4305901, -7.780927899999964 ], [ 110.43061963208244, -7.780933965933945 ], [ 110.430589101010156, -7.781153622375587 ], [ 110.430535840052684, -7.781146371242588 ], [ 110.430504368457989, -7.78135166710194 ], [ 110.430251899999988, -7.781303399999916 ], [ 110.430107810962937, -7.781272888154538 ], [ 110.430195173727299, -7.780376313623178 ], [ 110.430216502207458, -7.780157425833115 ], [ 110.430444584918192, -7.777816661680289 ], [ 110.430675835915181, -7.777850230475281 ] ] ] ] } },
{ "type": "Feature", "properties": { "KETERANGAN": "Lahan Terbangun", "Fungsi": "Permukiman", "Guna_Lahan": "Kawasan Perumahan" }, "geometry": { "type": "MultiPolygon", "coordinates": [ [ [ [ 110.431579021131483, -7.782948734524941 ], [ 110.431575096642774, -7.782948535455772 ], [ 110.431375221918202, -7.782907132834293 ], [ 110.431273856879514, -7.782921409600361 ], [ 110.431187700000038, -7.782969399999843 ], [ 110.430991176911931, -7.782971378281442 ], [ 110.430984038528862, -7.782935329447248 ], [ 110.430847219521041, -7.782920457815926 ], [ 110.430507948039363, -7.782861764444427 ], [ 110.430549741478558, -7.782463627124781 ], [ 110.431063076582674, -7.782508039271133 ], [ 110.43107069267198, -7.782508764612881 ], [ 110.431078036753121, -7.782509356622406 ], [ 110.431089892929748, -7.782510598256455 ], [ 110.431609477382821, -7.782603237400427 ], [ 110.431579021131483, -7.782948734524941 ] ] ] ] } },
{ "type": "Feature", "properties": { "KETERANGAN": "Lahan Terbangun", "Fungsi": "Fasilitas Umum", "Guna_Lahan": "Kawasan Perdagangan dan Jasa" }, "geometry": { "type": "MultiPolygon", "coordinates": [ [ [ [ 110.430507948039377, -7.782861764444427 ], [ 110.430847219521041, -7.782920457815926 ], [ 110.430984038528862, -7.782935329447248 ], [ 110.430991176911931, -7.782971378281442 ], [ 110.431187700000038, -7.782969399999828 ], [ 110.431273856879514, -7.782921409600328 ], [ 110.431375221918202, -7.782907132834293 ], [ 110.43157509664276, -7.782948535455739 ], [ 110.431579021131483, -7.782948734524941 ], [ 110.431544367018446, -7.783341851403577 ], [ 110.43062602347392, -7.783329146063303 ], [ 110.430627985266469, -7.783178503224717 ], [ 110.430482094581322, -7.783175052603144 ], [ 110.430485248491394, -7.783113981921282 ], [ 110.43045640681224, -7.783112914114863 ], [ 110.430458615733841, -7.783063066355644 ], [ 110.430467732502066, -7.782975426996647 ], [ 110.430408949035154, -7.782970561635442 ], [ 110.43041164188682, -7.782931077158961 ], [ 110.430408642885624, -7.782930714149509 ], [ 110.430296233306876, -7.782922306599544 ], [ 110.430294895600085, -7.782935587161047 ], [ 110.430233713038575, -7.782930359571479 ], [ 110.430220927601866, -7.783069268682243 ], [ 110.430211568233915, -7.783069974076096 ], [ 110.430208278211438, -7.783107423512598 ], [ 110.430194956712171, -7.783323738888273 ], [ 110.430072853468744, -7.783326859830736 ], [ 110.429951665836526, -7.783329957335423 ], [ 110.429954471476037, -7.783250303509162 ], [ 110.429970660979151, -7.782790672388039 ], [ 110.430507948039377, -7.782861764444427 ] ] ] ] } },
{ "type": "Feature", "properties": { "KETERANGAN": "Jalan Setapak", "Fungsi": "Permukiman", "Guna_Lahan": "Kawasan Perumahan" }, "geometry": { "type": "MultiPolygon", "coordinates": [ [ [ [ 110.433881779746187, -7.778251068191461 ], [ 110.433870267732772, -7.77824994921842 ], [ 110.433870443864336, -7.778248764003597 ], [ 110.433881779746187, -7.778251068191461 ] ] ] ] } },
{ "type": "Feature", "properties": { "KETERANGAN": "Lahan Terbangun", "Fungsi": "Permukiman", "Guna_Lahan": "Kawasan Perumahan" }, "geometry": { "type": "MultiPolygon", "coordinates": [ [ [ [ 110.436788565367635, -7.777995947250183 ], [ 110.436757203105202, -7.778093995221169 ], [ 110.43650968049721, -7.778003995662391 ], [ 110.436505318569957, -7.778002533589094 ], [ 110.436500043011733, -7.778000912629876 ], [ 110.436495612341872, -7.777999673104514 ], [ 110.435545081821587, -7.777759523539068 ], [ 110.435542528827241, -7.777758914051672 ], [ 110.435351619009012, -7.777715973873216 ], [ 110.435347536566908, -7.777715153475619 ], [ 110.435343832380937, -7.777714575476797 ], [ 110.435334432884844, -7.777713306706548 ], [ 110.435324845166249, -7.777712656148061 ], [ 110.435216047836079, -7.77768925378651 ], [ 110.43526133426144, -7.777457338825137 ], [ 110.43530687456996, -7.777224123396786 ], [ 110.435389049856994, -7.777240315629636 ], [ 110.436021208856388, -7.77736487886031 ], [ 110.43686232969695, -7.777620643008718 ], [ 110.436846410447544, -7.777673635632787 ], [ 110.436843680576047, -7.777680239813173 ], [ 110.436841158645308, -7.777688259515069 ], [ 110.436838747888984, -7.777697391784678 ], [ 110.43683707300103, -7.777705088705334 ], [ 110.436788565367635, -7.777995947250183 ] ] ] ] } },
{ "type": "Feature", "properties": { "KETERANGAN": null, "Fungsi": "Fasilitas Umum", "Guna_Lahan": "Kawasan Perdagangan dan Jasa" }, "geometry": { "type": "MultiPolygon", "coordinates": [ [ [ [ 110.438921167354295, -7.782754921260605 ], [ 110.438927052413163, -7.782781230104924 ], [ 110.438931930865195, -7.782797922531993 ], [ 110.438942622545355, -7.782820552742325 ], [ 110.438950835904777, -7.782834167898089 ], [ 110.438976680729738, -7.782881965728505 ], [ 110.439103396578673, -7.783116316686696 ], [ 110.439167064056164, -7.783277806078567 ], [ 110.439178183653226, -7.783342078082204 ], [ 110.439147404187082, -7.783343359612 ], [ 110.439060007782771, -7.783343331850388 ], [ 110.438610011124609, -7.783343368825483 ], [ 110.438129955224269, -7.783343366413365 ], [ 110.4380185677106, -7.783343416545113 ], [ 110.437558658323212, -7.783353372932301 ], [ 110.437263969571674, -7.783353337456272 ], [ 110.43726098892742, -7.783353151580111 ], [ 110.437363610591603, -7.782540869047751 ], [ 110.43738330171837, -7.782422553057134 ], [ 110.437387509810335, -7.782394532208252 ], [ 110.438575954747733, -7.782605690817253 ], [ 110.438822823827209, -7.782671125994975 ], [ 110.438867438721232, -7.782766304435208 ], [ 110.438921167354295, -7.782754921260605 ] ] ] ] } },
{ "type": "Feature", "properties": { "KETERANGAN": null, "Fungsi": "Sungai", "Guna_Lahan": "Sungai" }, "geometry": { "type": "MultiPolygon", "coordinates": [ [ [ [ 110.439171084814774, -7.778238688562066 ], [ 110.43916113162625, -7.778349832467403 ], [ 110.439107593753619, -7.778513420411566 ], [ 110.439054055881016, -7.778682957008247 ], [ 110.439009440987164, -7.778861416583657 ], [ 110.439006839390856, -7.778899039674027 ], [ 110.439001707738853, -7.778973251251047 ], [ 110.439054055881016, -7.779080326996283 ], [ 110.439087368334938, -7.779334929324015 ], [ 110.439056435341925, -7.779539562970507 ], [ 110.438973154206707, -7.779932174036555 ], [ 110.438960700687801, -7.780001234467526 ], [ 110.438946980135569, -7.780077321157987 ], [ 110.438923404305683, -7.780173308513147 ], [ 110.438917426758152, -7.780178295399603 ], [ 110.438907755516908, -7.780189754810816 ], [ 110.438900226396612, -7.780202715070311 ], [ 110.438895068165834, -7.78021678238736 ], [ 110.438892437555026, -7.780231529333671 ], [ 110.438892414494219, -7.780246507830829 ], [ 110.438894999684365, -7.78026126276481 ], [ 110.438899057421779, -7.780272435106439 ], [ 110.438880355227468, -7.78034857971267 ], [ 110.438868457922482, -7.780465173302008 ], [ 110.438780417865331, -7.780688842636555 ], [ 110.43871855187902, -7.780886337900028 ], [ 110.438720931340086, -7.781000552028341 ], [ 110.438785176787263, -7.781447890697568 ], [ 110.438801833014253, -7.781514515605751 ], [ 110.438839904390335, -7.781609694045982 ], [ 110.438930323908622, -7.78174770278435 ], [ 110.438996948816893, -7.781821466075485 ], [ 110.439046917497947, -7.782095579983314 ], [ 110.439098313855737, -7.782249769056657 ], [ 110.439142095938195, -7.782485811588463 ], [ 110.439182070883163, -7.782586700735147 ], [ 110.439164938763795, -7.782659036349675 ], [ 110.439183974451851, -7.782769443340436 ], [ 110.439218238690415, -7.782858911074181 ], [ 110.439277249323396, -7.782946475239267 ], [ 110.439315320699293, -7.782990257321671 ], [ 110.439361006350694, -7.783051171523518 ], [ 110.439385752745139, -7.783129217844583 ], [ 110.439440956240588, -7.783264371229678 ], [ 110.439519002561624, -7.783277696211313 ], [ 110.439501912187325, -7.783333377764572 ], [ 110.439390040348897, -7.783333367952616 ], [ 110.439389782337301, -7.783333373310274 ], [ 110.439394318804801, -7.783259850253755 ], [ 110.439331857953349, -7.783128979898382 ], [ 110.439233705186922, -7.782980263585505 ], [ 110.439129603767896, -7.782813701315147 ], [ 110.439102834831672, -7.782721497201115 ], [ 110.439101502018104, -7.782716714753619 ], [ 110.439052271285249, -7.782540063299328 ], [ 110.43907606589525, -7.782418115922759 ], [ 110.439040373980234, -7.782218836063568 ], [ 110.438980887455003, -7.782076068403063 ], [ 110.438963041497416, -7.781951146700287 ], [ 110.438948169866222, -7.781841096628845 ], [ 110.438861914404782, -7.781763764146091 ], [ 110.438802427879551, -7.781653714074467 ], [ 110.438748890006963, -7.781585304570628 ], [ 110.43872509539689, -7.781475254499069 ], [ 110.438701300786732, -7.781347358470035 ], [ 110.438689403481746, -7.781213513788378 ], [ 110.438653711566658, -7.78102613123411 ], [ 110.438662569088194, -7.780928698498278 ], [ 110.438662634545523, -7.780927978467677 ], [ 110.438637650204853, -7.780851240850151 ], [ 110.438697136730084, -7.780708473189798 ], [ 110.438750674602659, -7.780518116309333 ], [ 110.438825032759112, -7.780378322975256 ], [ 110.438863699000336, -7.780199863399781 ], [ 110.43893210850436, -7.779932174036575 ], [ 110.438970774745812, -7.779685304957189 ], [ 110.439018363965786, -7.779494948076609 ], [ 110.439033235597236, -7.779322437153736 ], [ 110.439018363965786, -7.779191566798381 ], [ 110.438946980135569, -7.778992286939135 ], [ 110.438944005809375, -7.778879262541244 ], [ 110.438994569355799, -7.778706751618364 ], [ 110.439033235597222, -7.778578855589223 ], [ 110.439080824817225, -7.778299268920986 ], [ 110.439080824366826, -7.778192196249278 ], [ 110.439171084814774, -7.778238688562066 ] ] ] ] } },
{ "type": "Feature", "properties": { "KETERANGAN": null, "Fungsi": "Permukiman", "Guna_Lahan": "Kawasan Perumahan" }, "geometry": { "type": "MultiPolygon", "coordinates": [ [ [ [ 110.439559362078285, -7.77983324471037 ], [ 110.439449197280013, -7.780156616263978 ], [ 110.439432749742707, -7.780152651309674 ], [ 110.439427581179757, -7.780151571393298 ], [ 110.439418178638405, -7.78015043243423 ], [ 110.439192129888184, -7.780135560809113 ], [ 110.439186573009607, -7.780135374538814 ], [ 110.439179081427497, -7.780135690057697 ], [ 110.439064803182191, -7.780145485350459 ], [ 110.439100889379077, -7.78002319202336 ], [ 110.439104325412359, -7.780008624081185 ], [ 110.439105323857419, -7.780002103611352 ], [ 110.439178064663963, -7.779435006235803 ], [ 110.439179164251655, -7.779417969165848 ], [ 110.439177941155364, -7.779399635601577 ], [ 110.439157283583199, -7.779247037884505 ], [ 110.439150539108965, -7.779122998045688 ], [ 110.439144390134388, -7.779016325201131 ], [ 110.439162001333727, -7.778915250645719 ], [ 110.439176900695571, -7.778829739886218 ], [ 110.439321454980046, -7.778297056667722 ], [ 110.439562961043279, -7.778368120293858 ], [ 110.439987715289575, -7.77849310466787 ], [ 110.439980236745498, -7.77850995547267 ], [ 110.439978539378117, -7.778514063861093 ], [ 110.439664959487658, -7.779332541613291 ], [ 110.439660832961991, -7.779347592458747 ], [ 110.439659622074174, -7.77935813171132 ], [ 110.439657910165963, -7.779391305170313 ], [ 110.439604599545603, -7.779537775306311 ], [ 110.439600870507235, -7.779551750198484 ], [ 110.439600456883468, -7.779554292387107 ], [ 110.439559362078285, -7.77983324471037 ] ] ] ] } },
{ "type": "Feature", "properties": { "KETERANGAN": null, "Fungsi": "Fasilitas Umum", "Guna_Lahan": "Kawasan Perkantoran" }, "geometry": { "type": "MultiPolygon", "coordinates": [ [ [ [ 110.438220850310543, -7.781035058510684 ], [ 110.438467788415522, -7.781089309889913 ], [ 110.438592710118343, -7.781057187166252 ], [ 110.438633958899956, -7.781567170909232 ], [ 110.438459685572127, -7.781529795815235 ], [ 110.438315379054828, -7.781498847420001 ], [ 110.437604044070113, -7.781346291678564 ], [ 110.437573004728677, -7.781339450895941 ], [ 110.437669704108728, -7.780913973308612 ], [ 110.438220850310543, -7.781035058510684 ] ] ] ] } },
{ "type": "Feature", "properties": { "KETERANGAN": null, "Fungsi": "Permukiman", "Guna_Lahan": "Kawasan Perumahan" }, "geometry": { "type": "MultiPolygon", "coordinates": [ [ [ [ 110.437782110090751, -7.779121449120026 ], [ 110.437783732361723, -7.779218171403215 ], [ 110.437781864876627, -7.779209531019168 ], [ 110.437780368810621, -7.779203593078109 ], [ 110.437778333929117, -7.779196536274437 ], [ 110.437776438525944, -7.779190712876017 ], [ 110.43777325515623, -7.779183065735944 ], [ 110.43776903104029, -7.779174100868508 ], [ 110.437765175676219, -7.77916680899822 ], [ 110.437734575992692, -7.77911573276624 ], [ 110.43773343407338, -7.779113878183163 ], [ 110.437732040767315, -7.779111675204213 ], [ 110.437730857591035, -7.779109853284979 ], [ 110.437690853300865, -7.779049843094006 ], [ 110.437686706572393, -7.779044120359702 ], [ 110.437681469540237, -7.77903745709546 ], [ 110.437679644510126, -7.779035209975245 ], [ 110.437671899211267, -7.779027064510913 ], [ 110.4376656868385, -7.779021294669713 ], [ 110.437662268553112, -7.779018276482747 ], [ 110.437654612349519, -7.779012513047125 ], [ 110.437647575824556, -7.779007777047411 ], [ 110.437642294351292, -7.779004479836159 ], [ 110.437635266691387, -7.779000820101884 ], [ 110.437627577259562, -7.778997233201965 ], [ 110.43762105197105, -7.778994493610286 ], [ 110.43738042936144, -7.778904328959372 ], [ 110.43737276629254, -7.778901875495591 ], [ 110.437363451390112, -7.778899343058199 ], [ 110.437355589796169, -7.778897575859988 ], [ 110.437075493994087, -7.77884753876523 ], [ 110.437072791016362, -7.778847099677383 ], [ 110.437069539776871, -7.778846621691965 ], [ 110.437066824026203, -7.778846264138187 ], [ 110.436827685054183, -7.778818437074211 ], [ 110.436832977328166, -7.778807594696712 ], [ 110.436836052721404, -7.778799941164215 ], [ 110.436837050745311, -7.778797342365847 ], [ 110.436838372309211, -7.77879346599692 ], [ 110.436958029268808, -7.778414563271601 ], [ 110.436987178294416, -7.778327220876341 ], [ 110.436987998168092, -7.778324635501118 ], [ 110.436988737919194, -7.778322156949683 ], [ 110.436990576822922, -7.778315704284897 ], [ 110.437067046791825, -7.778077543739609 ], [ 110.437068135896439, -7.778074063103327 ], [ 110.437069835732629, -7.778067912293857 ], [ 110.437071355271613, -7.778061476003351 ], [ 110.437072994290929, -7.778054520852611 ], [ 110.437123218849209, -7.777753365461195 ], [ 110.437124174175821, -7.77774554639031 ], [ 110.437124704813144, -7.777738749074661 ], [ 110.437133965954459, -7.777673275964763 ], [ 110.437585003962724, -7.777726339376706 ], [ 110.437792678044502, -7.777750771511109 ], [ 110.437775266118379, -7.77798002853523 ], [ 110.437784189097172, -7.778203103004537 ], [ 110.437775266118379, -7.778289358466046 ], [ 110.437768171798893, -7.778290429307343 ], [ 110.437782110090751, -7.779121449120026 ] ] ] ] } },
{ "type": "Feature", "properties": { "KETERANGAN": null, "Fungsi": "Area Terbuka", "Guna_Lahan": "Ruang Terbuka Hijau" }, "geometry": { "type": "MultiPolygon", "coordinates": [ [ [ [ 110.437782110090751, -7.779121449120026 ], [ 110.437768171798893, -7.778290429307359 ], [ 110.437775266118379, -7.778289358466046 ], [ 110.437784189097172, -7.778203103004553 ], [ 110.438046524673908, -7.778587970907328 ], [ 110.438094113893968, -7.778837814313037 ], [ 110.438076267936324, -7.779016273888606 ], [ 110.438445084392498, -7.779075760413713 ], [ 110.438474827655085, -7.779254219989179 ], [ 110.437782110090751, -7.779121449120026 ] ] ] ] } },
{ "type": "Feature", "properties": { "KETERANGAN": null, "Fungsi": "Sawah", "Guna_Lahan": "Taman Rekreasi" }, "geometry": { "type": "MultiPolygon", "coordinates": [ [ [ [ 110.438492673612487, -7.779521909352478 ], [ 110.438546211485317, -7.779759855453161 ], [ 110.438498622265115, -7.780568872195463 ], [ 110.438599848501397, -7.780939403846451 ], [ 110.438592710118343, -7.781057187166252 ], [ 110.438467788415522, -7.781089309889913 ], [ 110.438220850310543, -7.781035058510684 ], [ 110.437669704108728, -7.780913973308612 ], [ 110.437681673008555, -7.780861310038953 ], [ 110.4376823059484, -7.780858311797354 ], [ 110.437694250900179, -7.780797063461844 ], [ 110.437719864904679, -7.780665726304109 ], [ 110.437748165868101, -7.780520611507082 ], [ 110.437762627038694, -7.780446460986726 ], [ 110.437763049950235, -7.780444026215918 ], [ 110.437763523904906, -7.780441033702665 ], [ 110.437763890843527, -7.780438481332022 ], [ 110.437803302000631, -7.780133458096304 ], [ 110.437862610961332, -7.779836772148935 ], [ 110.437863787558115, -7.779828483749188 ], [ 110.43786473261207, -7.779818460630332 ], [ 110.437865130931385, -7.779810044708495 ], [ 110.437865097971397, -7.779609987385464 ], [ 110.437864757443137, -7.779602171260424 ], [ 110.437863943253134, -7.779592827077364 ], [ 110.437862765355774, -7.779584199472113 ], [ 110.43786201752917, -7.779580378423928 ], [ 110.437850218868675, -7.779525788841781 ], [ 110.437903757013274, -7.779539755309989 ], [ 110.437939448928503, -7.779420782259761 ], [ 110.438492673612487, -7.779521909352478 ] ] ] ] } },
{ "type": "Feature", "properties": { "KETERANGAN": null, "Fungsi": "Sempadan Sungai", "Guna_Lahan": "Sempadan Sungai" }, "geometry": { "type": "MultiPolygon", "coordinates": [ [ [ [ 110.438808615364678, -7.778480706839555 ], [ 110.438854655325287, -7.778287807327037 ], [ 110.43885674670274, -7.778280067383977 ], [ 110.438909912638863, -7.778104163726375 ], [ 110.439080824366826, -7.778192196249278 ], [ 110.439080824817225, -7.778299268920986 ], [ 110.439033235597222, -7.778578855589223 ], [ 110.438994569355799, -7.778706751618364 ], [ 110.438944005809375, -7.778879262541244 ], [ 110.438946980135569, -7.778992286939135 ], [ 110.439018363965786, -7.779191566798365 ], [ 110.439033235597236, -7.779322437153736 ], [ 110.439018363965786, -7.779494948076591 ], [ 110.438970774745812, -7.779685304957189 ], [ 110.43893210850436, -7.779932174036575 ], [ 110.438863699000336, -7.780199863399781 ], [ 110.438825032759112, -7.780378322975256 ], [ 110.438750674602673, -7.780518116309333 ], [ 110.438778208933428, -7.780075134036469 ], [ 110.438879336026233, -7.77944457686979 ], [ 110.438807952196001, -7.778909198143231 ], [ 110.43886149006866, -7.778492792467092 ], [ 110.438808615364678, -7.778480706839555 ] ] ] ] } },
{ "type": "Feature", "properties": { "KETERANGAN": null, "Fungsi": "Kolam", "Guna_Lahan": "Badan Air" }, "geometry": { "type": "MultiPolygon", "coordinates": [ [ [ [ 110.437941599118062, -7.777768291494396 ], [ 110.437951577703757, -7.777768883065929 ], [ 110.437953723302698, -7.77776885925798 ], [ 110.438128397656911, -7.777764750906692 ], [ 110.438179447747203, -7.777999173741385 ], [ 110.438304696193114, -7.778371439955786 ], [ 110.438445084392498, -7.778397614026852 ], [ 110.43886149006866, -7.778492792467092 ], [ 110.438807952196001, -7.778909198143231 ], [ 110.438879336026233, -7.779444576869806 ], [ 110.438778208933428, -7.780075134036484 ], [ 110.438750674602673, -7.780518116309333 ], [ 110.438697136730084, -7.780708473189798 ], [ 110.438637650204853, -7.780851240850151 ], [ 110.438662634545523, -7.780927978467677 ], [ 110.438662569088194, -7.780928698498278 ], [ 110.438599848501397, -7.780939403846451 ], [ 110.438498622265115, -7.780568872195463 ], [ 110.438546211485317, -7.779759855453161 ], [ 110.438492673612487, -7.779521909352478 ], [ 110.437939448928503, -7.779420782259761 ], [ 110.437903757013274, -7.779539755309989 ], [ 110.437850218868675, -7.779525788841797 ], [ 110.437783732361723, -7.779218171403215 ], [ 110.437782110090751, -7.779121449120026 ], [ 110.438474827655071, -7.779254219989162 ], [ 110.438445084392498, -7.779075760413713 ], [ 110.438076267936324, -7.779016273888606 ], [ 110.438094113893982, -7.778837814313037 ], [ 110.438046524673922, -7.778587970907328 ], [ 110.437784189097172, -7.778203103004537 ], [ 110.437775266118379, -7.77798002853523 ], [ 110.437792678044502, -7.777750771511109 ], [ 110.437941599118062, -7.777768291494396 ] ] ] ] } },
{ "type": "Feature", "properties": { "KETERANGAN": null, "Fungsi": "Area Terbuka", "Guna_Lahan": "Ruang Terbuka Hijau" }, "geometry": { "type": "MultiPolygon", "coordinates": [ [ [ [ 110.438590826379155, -7.782433179894264 ], [ 110.438575954747733, -7.782605690817268 ], [ 110.437387509810321, -7.782394532208252 ], [ 110.437413499831777, -7.782221469711272 ], [ 110.4379327, -7.782316499999984 ], [ 110.438094899999911, -7.782343 ], [ 110.438590826379155, -7.782433179894264 ] ] ] ] } },
{ "type": "Feature", "properties": { "KETERANGAN": null, "Fungsi": "Sempadan Sungai", "Guna_Lahan": "Sempadan Sungai" }, "geometry": { "type": "MultiPolygon", "coordinates": [ [ [ [ 110.43866815886183, -7.781990005281762 ], [ 110.438592710118343, -7.781057187166252 ], [ 110.438599848501397, -7.780939403846451 ], [ 110.438662569088194, -7.780928698498278 ], [ 110.438653711566673, -7.781026131234093 ], [ 110.438689403481732, -7.781213513788378 ], [ 110.438701300786732, -7.781347358470035 ], [ 110.43872509539689, -7.781475254499069 ], [ 110.438748890006963, -7.781585304570628 ], [ 110.438802427879551, -7.78165371407443 ], [ 110.438861914404782, -7.781763764146091 ], [ 110.438948169866222, -7.781841096628829 ], [ 110.438963041497416, -7.781951146700255 ], [ 110.438980887455003, -7.782076068403063 ], [ 110.439040373980234, -7.782218836063568 ], [ 110.43907606589525, -7.782418115922759 ], [ 110.439052271285249, -7.782540063299328 ], [ 110.43910150201809, -7.782716714753619 ], [ 110.438867438721232, -7.782766304435208 ], [ 110.438822823827209, -7.782671125994975 ], [ 110.438575954747733, -7.782605690817253 ], [ 110.438590826379155, -7.782433179894232 ], [ 110.43866815886183, -7.781990005281762 ] ] ] ] } },
{ "type": "Feature", "properties": { "KETERANGAN": null, "Fungsi": "Permukiman", "Guna_Lahan": "Kawasan Perdagangan dan Jasa" }, "geometry": { "type": "MultiPolygon", "coordinates": [ [ [ [ 110.43866815886183, -7.781990005281762 ], [ 110.438590826379155, -7.782433179894232 ], [ 110.438094899999911, -7.782342999999899 ], [ 110.4379327, -7.782316499999967 ], [ 110.437413499831777, -7.782221469711256 ], [ 110.437443037145371, -7.782024786267939 ], [ 110.43745240617514, -7.781977640320805 ], [ 110.437452836271106, -7.781975339129502 ], [ 110.43753234540462, -7.781518351746318 ], [ 110.437573004728677, -7.781339450895941 ], [ 110.437604044070113, -7.781346291678564 ], [ 110.438315379054828, -7.781498847420001 ], [ 110.438459685572127, -7.781529795815235 ], [ 110.438633958899956, -7.781567170909232 ], [ 110.43866815886183, -7.781990005281762 ] ] ] ] } },
{ "type": "Feature", "properties": { "KETERANGAN": null, "Fungsi": "Permukiman", "Guna_Lahan": "Kawasan Perumahan" }, "geometry": { "type": "MultiPolygon", "coordinates": [ [ [ [ 110.439527015254981, -7.780352738037791 ], [ 110.4393724085012, -7.7811470127711 ], [ 110.439370985032298, -7.781160491564314 ], [ 110.439371704521434, -7.781174025908536 ], [ 110.439374549065036, -7.781187279015214 ], [ 110.43937944787973, -7.781199921094073 ], [ 110.439386279063598, -7.781211637559728 ], [ 110.439394872629592, -7.781222136859583 ], [ 110.439420914399221, -7.781249270522484 ], [ 110.439258463479945, -7.781294449171742 ], [ 110.439097849861895, -7.781362858675607 ], [ 110.439065132273086, -7.781553215556241 ], [ 110.438987799790453, -7.781594856123848 ], [ 110.43893426191778, -7.781556189882563 ], [ 110.438839083477404, -7.781169527468903 ], [ 110.438856929434991, -7.780961324630805 ], [ 110.438865825717528, -7.780961917717086 ], [ 110.438860502581292, -7.780837843833466 ], [ 110.438872893589348, -7.780795851730419 ], [ 110.438905697511899, -7.780684681900443 ], [ 110.438868826739991, -7.780690660941326 ], [ 110.438837200000037, -7.7806678999999 ], [ 110.438833699999947, -7.780599099999894 ], [ 110.438937236244001, -7.780556816259666 ], [ 110.438947318566377, -7.780543631687459 ], [ 110.438980698474367, -7.780430509858157 ], [ 110.439012583495668, -7.780322454016306 ], [ 110.439025772161997, -7.780321323561596 ], [ 110.43918731694977, -7.7803074768614 ], [ 110.439399455577586, -7.780321433353363 ], [ 110.439475837169397, -7.780339468992588 ], [ 110.439484737314302, -7.780341832092722 ], [ 110.439490360810851, -7.780343268743939 ], [ 110.439527015254981, -7.780352738037791 ] ] ] ] } },
{ "type": "Feature", "properties": { "KETERANGAN": null, "Fungsi": "Sempadan Sungai", "Guna_Lahan": "Sempadan Sungai" }, "geometry": { "type": "MultiPolygon", "coordinates": [ [ [ [ 110.438970615077409, -7.780324741022944 ], [ 110.438985633381208, -7.780324764019836 ], [ 110.439012583495668, -7.780322454016306 ], [ 110.438980698474367, -7.780430509858157 ], [ 110.438947318566051, -7.780543631687221 ], [ 110.438937236244016, -7.78055681625965 ], [ 110.438833699999975, -7.780599099999828 ], [ 110.438837200000066, -7.7806678999999 ], [ 110.438868826739991, -7.780690660941326 ], [ 110.438905697511984, -7.780684681899803 ], [ 110.438872893589348, -7.780795851730419 ], [ 110.438860502581292, -7.780837843833466 ], [ 110.438865825717528, -7.780961917717033 ], [ 110.438856929434991, -7.780961324630789 ], [ 110.438839083477404, -7.781169527468887 ], [ 110.43893426191778, -7.781556189882563 ], [ 110.438987799790453, -7.781594856123832 ], [ 110.439012048274463, -7.781581799250056 ], [ 110.439062571536326, -7.78170033404515 ], [ 110.439008620074247, -7.781704906195444 ], [ 110.439059183620486, -7.781853622508382 ], [ 110.4391241201931, -7.78184456159605 ], [ 110.439171990755199, -7.781956372180653 ], [ 110.439178334223172, -7.781974724976297 ], [ 110.439181986626366, -7.781993792803246 ], [ 110.439183744603753, -7.782008688776996 ], [ 110.439193406425602, -7.782090556851233 ], [ 110.439196597662317, -7.782117597337008 ], [ 110.439205561165409, -7.782193548277574 ], [ 110.439190648841262, -7.78221649031189 ], [ 110.439187079649713, -7.782291443333605 ], [ 110.439262032671436, -7.782605532186508 ], [ 110.439292257875834, -7.782626910996538 ], [ 110.439294253975845, -7.782635858830599 ], [ 110.439296415022909, -7.782645546073977 ], [ 110.439343160886352, -7.782733773170889 ], [ 110.439395549273087, -7.782832650970542 ], [ 110.43946120698989, -7.782956573223703 ], [ 110.439467096641863, -7.78296922383439 ], [ 110.439500785948141, -7.783052552273064 ], [ 110.439506170796804, -7.783065871364177 ], [ 110.439483322544973, -7.783069527082859 ], [ 110.439476184161975, -7.783173033636592 ], [ 110.439551137183713, -7.783201587168741 ], [ 110.439572847887447, -7.783252179529501 ], [ 110.439612298365631, -7.783333387281647 ], [ 110.439609977896978, -7.783333387214668 ], [ 110.439501912187325, -7.783333377764572 ], [ 110.439519002561624, -7.783277696211301 ], [ 110.439440956240588, -7.783264371229659 ], [ 110.439385752745139, -7.783129217844565 ], [ 110.43936100635068, -7.783051171523484 ], [ 110.439315320699293, -7.782990257321671 ], [ 110.439277249323396, -7.782946475239252 ], [ 110.439218238690415, -7.782858911074181 ], [ 110.439183974451851, -7.782769443340436 ], [ 110.43916493876381, -7.782659036349675 ], [ 110.439182070883163, -7.782586700735147 ], [ 110.439142095938209, -7.782485811588463 ], [ 110.439098313855737, -7.782249769056657 ], [ 110.439046917497947, -7.782095579983314 ], [ 110.438996948816893, -7.781821466075485 ], [ 110.438930323908622, -7.78174770278435 ], [ 110.438839904390335, -7.781609694045949 ], [ 110.438801833014253, -7.781514515605751 ], [ 110.438785176787263, -7.781447890697554 ], [ 110.4387209313401, -7.781000552028341 ], [ 110.43871855187902, -7.780886337899974 ], [ 110.438780417865331, -7.780688842636555 ], [ 110.438868457922482, -7.780465173302008 ], [ 110.438880355227468, -7.780348579712652 ], [ 110.438899057421779, -7.780272435106439 ], [ 110.438900114576072, -7.780275345814382 ], [ 110.438907603756135, -7.780288329073092 ], [ 110.438917239669777, -7.780299818051205 ], [ 110.43892872953468, -7.780309463661678 ], [ 110.438941724237125, -7.780316972827457 ], [ 110.438955828939527, -7.780322117386176 ], [ 110.438970615077409, -7.780324741022944 ] ] ], [ [ [ 110.438928946264511, -7.780168685024957 ], [ 110.438923404305683, -7.780173308513113 ], [ 110.438946980135569, -7.780077321157971 ], [ 110.438960700687801, -7.780001234467508 ], [ 110.439036099999981, -7.780046699999934 ], [ 110.439030324329096, -7.780148440678968 ], [ 110.438970878631864, -7.780153536014671 ], [ 110.438956084491807, -7.780156114355844 ], [ 110.438941964021652, -7.78016121569312 ], [ 110.438928946264511, -7.780168685024957 ] ] ] ] } },
{ "type": "Feature", "properties": { "KETERANGAN": null, "Fungsi": "Permukiman", "Guna_Lahan": "Kawasan Perumahan" }, "geometry": { "type": "MultiPolygon", "coordinates": [ [ [ [ 110.43958565699343, -7.781841491683938 ], [ 110.439597240585385, -7.781850655115425 ], [ 110.439610224462854, -7.781857708439886 ], [ 110.439624226283911, -7.781862443955013 ], [ 110.439638833730683, -7.78186472221185 ], [ 110.440508963022594, -7.781924885507079 ], [ 110.440499833638768, -7.781951703049362 ], [ 110.440497277887332, -7.781960838674572 ], [ 110.440406858294025, -7.782370105944504 ], [ 110.440406168741234, -7.782373563040337 ], [ 110.440404885967368, -7.782385788071141 ], [ 110.440400127015906, -7.782530935189415 ], [ 110.440400871193489, -7.782545354885911 ], [ 110.440404025675718, -7.782559446746589 ], [ 110.440409501398562, -7.782572812898817 ], [ 110.440417143759447, -7.782585075959772 ], [ 110.440426736982488, -7.782595889691557 ], [ 110.440476705663286, -7.782643478918509 ], [ 110.440485196595432, -7.782650582553841 ], [ 110.440494531572071, -7.782656540372148 ], [ 110.440504556135252, -7.782661253794444 ], [ 110.440602714447294, -7.782699922231616 ], [ 110.440600529387524, -7.782729784626475 ], [ 110.440522815815683, -7.783148972226452 ], [ 110.440521477725582, -7.78316154379841 ], [ 110.440519730497982, -7.783215829173208 ], [ 110.440515946963302, -7.783333381357574 ], [ 110.440160008829167, -7.783333389889195 ], [ 110.440020011830583, -7.783333386004997 ], [ 110.439819964283373, -7.783333393226773 ], [ 110.439612298365631, -7.783333387281647 ], [ 110.439572847887447, -7.783252179529501 ], [ 110.439551137183713, -7.783201587168741 ], [ 110.439476184161975, -7.783173033636592 ], [ 110.439483322544973, -7.783069527082859 ], [ 110.439506170796861, -7.783065871364312 ], [ 110.439500785948141, -7.783052552273064 ], [ 110.439467096641863, -7.78296922383439 ], [ 110.43946120698989, -7.782956573223703 ], [ 110.439395549273087, -7.782832650970542 ], [ 110.439343160886352, -7.782733773170889 ], [ 110.439296415022909, -7.782645546073977 ], [ 110.439294253975845, -7.782635858830599 ], [ 110.43929225787555, -7.782626910996945 ], [ 110.439262032671436, -7.782605532186508 ], [ 110.439187079649713, -7.782291443333605 ], [ 110.439190648841262, -7.78221649031189 ], [ 110.439205561165565, -7.782193548277661 ], [ 110.439196597662317, -7.782117597337008 ], [ 110.439193406425602, -7.782090556851233 ], [ 110.439183744603753, -7.782008688776996 ], [ 110.439181986626366, -7.781993792803246 ], [ 110.439178334223172, -7.781974724976297 ], [ 110.439171990755199, -7.781956372180653 ], [ 110.439124120193171, -7.781844561596269 ], [ 110.439059183620486, -7.781853622508382 ], [ 110.439008620074247, -7.781704906195444 ], [ 110.43906257153634, -7.781700334045353 ], [ 110.439012048274463, -7.781581799250056 ], [ 110.439065132273086, -7.781553215556241 ], [ 110.439097849861895, -7.781362858675607 ], [ 110.439258463479945, -7.781294449171742 ], [ 110.439420914399221, -7.781249270522484 ], [ 110.439542423376778, -7.781375874129113 ], [ 110.439575116662638, -7.781409938161141 ], [ 110.439558720577864, -7.781775154735251 ], [ 110.439559328981062, -7.781789887981738 ], [ 110.439562454068522, -7.781804300557675 ], [ 110.439568003814713, -7.781817968049634 ], [ 110.439575814794068, -7.781830487985061 ], [ 110.43958565699343, -7.781841491683938 ] ] ] ] } },
{ "type": "Feature", "properties": { "KETERANGAN": "Kosongan", "Fungsi": "Jalan", "Guna_Lahan": "Jalan" }, "geometry": { "type": "MultiPolygon", "coordinates": [ [ [ [ 110.43310127900321, -7.785047780071409 ], [ 110.433104343347509, -7.784958281774228 ], [ 110.43310583829728, -7.785004028269365 ], [ 110.433105454655319, -7.785009901242358 ], [ 110.433105474356708, -7.785011647763283 ], [ 110.43310127900321, -7.785047780071409 ] ] ] ] } },
{ "type": "Feature", "properties": { "KETERANGAN": "Kosongan", "Fungsi": "Jalan", "Guna_Lahan": "Jalan" }, "geometry": { "type": "MultiPolygon", "coordinates": [ [ [ [ 110.43068736297954, -7.781317414444109 ], [ 110.430687121453047, -7.781317732197746 ], [ 110.430688698998281, -7.781308273557013 ], [ 110.43068736297954, -7.781317414444109 ] ] ] ] } },
{ "type": "Feature", "properties": { "KETERANGAN": "Kosongan", "Fungsi": "Jalan", "Guna_Lahan": "Jalan" }, "geometry": { "type": "MultiPolygon", "coordinates": [ [ [ [ 110.433077723306553, -7.781515187122698 ], [ 110.433097127143981, -7.781426558830271 ], [ 110.433094390791766, -7.781442990051961 ], [ 110.433077723306553, -7.781515187122698 ] ] ], [ [ [ 110.432910876021708, -7.782248890982037 ], [ 110.43295787791061, -7.782044432963457 ], [ 110.432912031983875, -7.782249068828912 ], [ 110.432910876021708, -7.782248890982037 ] ] ] ] } },
{ "type": "Feature", "properties": { "KETERANGAN": "Kosongan", "Fungsi": "Jalan", "Guna_Lahan": "Jalan" }, "geometry": { "type": "MultiPolygon", "coordinates": [ [ [ [ 110.432672186797106, -7.779230746607101 ], [ 110.432658777193623, -7.779278150762121 ], [ 110.432689402802666, -7.779084631319352 ], [ 110.432672186797106, -7.779230746607101 ] ] ] ] } },
{ "type": "Feature", "properties": { "KETERANGAN": "Kosongan", "Fungsi": "Jalan", "Guna_Lahan": "Jalan" }, "geometry": { "type": "MultiPolygon", "coordinates": [ [ [ [ 110.440993773447488, -7.780457597174934 ], [ 110.44099329509001, -7.780461051976941 ], [ 110.44096510522229, -7.780456264621465 ], [ 110.440993773447488, -7.780457597174934 ] ] ], [ [ [ 110.44062814159922, -7.780472442820623 ], [ 110.440609050921168, -7.780470910845824 ], [ 110.440619627049344, -7.78047099682651 ], [ 110.44062814159922, -7.780472442820623 ] ] ] ] } },
{ "type": "Feature", "properties": { "KETERANGAN": null, "Fungsi": "Sawah", "Guna_Lahan": "Taman Rekreasi" }, "geometry": { "type": "MultiPolygon", "coordinates": [ [ [ [ 110.437128367718188, -7.782166111639724 ], [ 110.435962965358385, -7.781942181110431 ], [ 110.436092469749141, -7.781257609680985 ], [ 110.436142581490216, -7.781006855040787 ], [ 110.436255479720373, -7.780377124646947 ], [ 110.436830620099414, -7.780476668081446 ], [ 110.437440502412542, -7.780582223645333 ], [ 110.437397993975438, -7.78080017548619 ], [ 110.43730394240383, -7.781213986368935 ], [ 110.437301682482087, -7.781223929627481 ], [ 110.437270387604244, -7.781361621531259 ], [ 110.437248489107503, -7.781457970963083 ], [ 110.437248023049833, -7.781460145131627 ], [ 110.43724749691097, -7.781462756135162 ], [ 110.437247086074294, -7.781464933617818 ], [ 110.437241766943956, -7.781495506748834 ], [ 110.437218449998454, -7.78162952709437 ], [ 110.437207227536689, -7.781694031140399 ], [ 110.437182661853583, -7.78183522877006 ], [ 110.437168367320865, -7.781917390247211 ], [ 110.437167296806706, -7.781923543299178 ], [ 110.437157594760379, -7.781972377114704 ], [ 110.437157207132401, -7.781974458785364 ], [ 110.437156668798522, -7.781977660190235 ], [ 110.437128367718188, -7.782166111639724 ] ] ] ] } },
{ "type": "Feature", "properties": { "KETERANGAN": null, "Fungsi": "Fasilitas Umum", "Guna_Lahan": "Kawasan Pelayanan Umum dan Sosial" }, "geometry": { "type": "MultiPolygon", "coordinates": [ [ [ [ 110.435634375704055, -7.782118017223513 ], [ 110.435630711445256, -7.782137387599817 ], [ 110.434797749295939, -7.781976660429298 ], [ 110.434866546082603, -7.781671616573562 ], [ 110.434439420682793, -7.781579308154565 ], [ 110.434562471357623, -7.780986487997632 ], [ 110.434564406849589, -7.780977163378774 ], [ 110.434580824320264, -7.780894791696728 ], [ 110.43458123618386, -7.780893023581863 ], [ 110.434590154595213, -7.7808485110477 ], [ 110.434594507625789, -7.780826784705245 ], [ 110.43459494156086, -7.780824437923447 ], [ 110.434611423265565, -7.780724278080602 ], [ 110.434612449108826, -7.78071804399646 ], [ 110.43467173253714, -7.780357776216117 ], [ 110.434673114883296, -7.780349375633654 ], [ 110.434685638598779, -7.780273268408346 ], [ 110.434711639356451, -7.780115260435898 ], [ 110.434723775879888, -7.780041506093908 ], [ 110.434724706321575, -7.780035851745716 ], [ 110.434750742087857, -7.779912555685029 ], [ 110.434771830676468, -7.779812687621431 ], [ 110.434788708179497, -7.779732761721855 ], [ 110.434832898895934, -7.779523489906691 ], [ 110.43490291818776, -7.77919190245556 ], [ 110.434946524570776, -7.778985397200593 ], [ 110.434974280587696, -7.778853953854282 ], [ 110.435019822801891, -7.778638280726208 ], [ 110.435201234777423, -7.778706350463387 ], [ 110.435210224940718, -7.778709723766565 ], [ 110.435279532269831, -7.778735729363341 ], [ 110.4352823188743, -7.778736709889964 ], [ 110.43528569925806, -7.778737836651972 ], [ 110.435288546475959, -7.778738734005482 ], [ 110.436029146213016, -7.778958835818399 ], [ 110.436031846063102, -7.778959597152894 ], [ 110.436209376064085, -7.779006985199749 ], [ 110.43620607529617, -7.7790318379947 ], [ 110.436199793697469, -7.779083644634276 ], [ 110.436182851989258, -7.779223369008391 ], [ 110.436166852797442, -7.779355319998023 ], [ 110.436158059338567, -7.779394243473112 ], [ 110.436131715338576, -7.779510852828738 ], [ 110.436098302474235, -7.7796587517676 ], [ 110.43606221823616, -7.779824877111806 ], [ 110.436055483211916, -7.779855883935052 ], [ 110.436048042314837, -7.779890140461558 ], [ 110.436047337445743, -7.779893697128403 ], [ 110.435980661301329, -7.78026562056655 ], [ 110.435974127872925, -7.780302064369297 ], [ 110.435877902638197, -7.780838812824278 ], [ 110.435870398628268, -7.780880670440133 ], [ 110.435857416525451, -7.780953085015664 ], [ 110.43580962231681, -7.781192191379604 ], [ 110.435807565509933, -7.781202481229956 ], [ 110.43580547839727, -7.781213514395451 ], [ 110.435634375704055, -7.782118017223513 ] ] ] ] } },
{ "type": "Feature", "properties": { "KETERANGAN": "Kosongan", "Fungsi": "Area Terbuka", "Guna_Lahan": "Ruang Terbuka Hijau" }, "geometry": { "type": "MultiPolygon", "coordinates": [ [ [ [ 110.432117367874611, -7.784518900404685 ], [ 110.432117135428811, -7.784518959899653 ], [ 110.432117452784709, -7.78451861071152 ], [ 110.432117367874611, -7.784518900404685 ] ] ] ] } },
{ "type": "Feature", "properties": { "KETERANGAN": "Kosongan", "Fungsi": "Area Terbuka", "Guna_Lahan": "Ruang Terbuka Hijau" }, "geometry": { "type": "MultiPolygon", "coordinates": [ [ [ [ 110.435046674283214, -7.778212780267761 ], [ 110.435030963589625, -7.778289418883166 ], [ 110.435035638277753, -7.778256925302063 ], [ 110.435046674283214, -7.778212780267761 ] ] ] ] } },
{ "type": "Feature", "properties": { "KETERANGAN": "Kosongan", "Fungsi": "Kosongan", "Guna_Lahan": "Sempadan Jalan" }, "geometry": { "type": "MultiPolygon", "coordinates": [ [ [ [ 110.43268530640843, -7.78592162137156 ], [ 110.432700255958039, -7.786204830112 ], [ 110.432692784697252, -7.786204937469491 ], [ 110.432693348966978, -7.786243589986506 ], [ 110.432660674980085, -7.78624431511446 ], [ 110.432657254310811, -7.786237902583725 ], [ 110.432652609947297, -7.7862236582867 ], [ 110.43265051624735, -7.786208826056362 ], [ 110.432637694704852, -7.78596593038224 ], [ 110.432210023818314, -7.78596597343683 ], [ 110.431771907285579, -7.785965926932816 ], [ 110.431323780838653, -7.785985858590577 ], [ 110.430865601001074, -7.78600578392242 ], [ 110.430526570931576, -7.786034846793823 ], [ 110.430275403525968, -7.786112091114826 ], [ 110.430264862017196, -7.786114621045995 ], [ 110.430258781974644, -7.786115460476615 ], [ 110.429768800228373, -7.786165444183892 ], [ 110.429759917164844, -7.786165890100864 ], [ 110.429755020325487, -7.786165744607395 ], [ 110.42952945671108, -7.786152633271287 ], [ 110.429514596862248, -7.786150461832143 ], [ 110.429505600834759, -7.786147488426815 ], [ 110.429503300413586, -7.786085282667919 ], [ 110.429506395203347, -7.786089763697787 ], [ 110.429510559746788, -7.786094059786831 ], [ 110.429515376493484, -7.786097613647738 ], [ 110.429520714055116, -7.786100328340612 ], [ 110.429526426836873, -7.786102129815522 ], [ 110.429532359008974, -7.786102968932978 ], [ 110.429757922597119, -7.786116080265674 ], [ 110.429759984423953, -7.786116141526031 ], [ 110.429763724660774, -7.786115953771541 ], [ 110.430253706349319, -7.786065970065895 ], [ 110.430256266366939, -7.786065616621439 ], [ 110.43026070489644, -7.786064551387362 ], [ 110.43051697698391, -7.785985737162932 ], [ 110.430862377235954, -7.785956128215457 ], [ 110.431321583181131, -7.785936158269097 ], [ 110.431770798217144, -7.785916178176588 ], [ 110.432210023954696, -7.785916224795731 ], [ 110.432647387933599, -7.785916180756023 ], [ 110.43268530640843, -7.78592162137156 ] ] ] ] } },
{ "type": "Feature", "properties": { "KETERANGAN": "Kosongan", "Fungsi": "Kosongan", "Guna_Lahan": "Sempadan Jalan" }, "geometry": { "type": "MultiPolygon", "coordinates": [ [ [ [ 110.437827735903653, -7.785121134970973 ], [ 110.437825337777284, -7.785173814776534 ], [ 110.437810020579306, -7.785173794471725 ], [ 110.437806511178962, -7.785173959489873 ], [ 110.437596564808686, -7.785194028354618 ], [ 110.437595285464155, -7.785194173541415 ], [ 110.437216286577922, -7.785243993884853 ], [ 110.436667390269534, -7.785283881999738 ], [ 110.434887649075876, -7.78541388713114 ], [ 110.434527998054179, -7.785433917951623 ], [ 110.434523900107749, -7.785434380342809 ], [ 110.434113845980491, -7.785504382999519 ], [ 110.434110836711213, -7.785505034615753 ], [ 110.433230836908777, -7.785735008135475 ], [ 110.43322853561979, -7.785735691462757 ], [ 110.433139994435479, -7.785765197031749 ], [ 110.432853131519806, -7.785834402470021 ], [ 110.432719980239099, -7.785853612339928 ], [ 110.432655148151085, -7.785844187534737 ], [ 110.432650004763133, -7.785843818843873 ], [ 110.432210024138428, -7.785843863135355 ], [ 110.431769995501242, -7.78584381643564 ], [ 110.43176837535654, -7.785843852361996 ], [ 110.431318386583868, -7.785863866883518 ], [ 110.430858452353604, -7.78588386849803 ], [ 110.430856925978418, -7.785883967066607 ], [ 110.430506892897185, -7.78591397315989 ], [ 110.430503748166913, -7.785914381488174 ], [ 110.430499309639416, -7.785915446724951 ], [ 110.430242754001043, -7.78599434815788 ], [ 110.42975923796098, -7.786043672299598 ], [ 110.429536580531177, -7.786030729895137 ], [ 110.429530590784012, -7.786030876024116 ], [ 110.42952470684547, -7.786032003413318 ], [ 110.429519089214011, -7.786034081310502 ], [ 110.429513891123946, -7.786037053036086 ], [ 110.429509254365598, -7.786040837529091 ], [ 110.429505305417635, -7.786045331558517 ], [ 110.429502151997042, -7.786050412538938 ], [ 110.429502022538799, -7.786050727617071 ], [ 110.429501170960307, -7.786027700056764 ], [ 110.429499721561328, -7.785988506814868 ], [ 110.429509762319597, -7.785984528957316 ], [ 110.42952447066412, -7.785981500617066 ], [ 110.4295394828263, -7.785981065556354 ], [ 110.429692898735141, -7.785989983171437 ], [ 110.42991114749185, -7.78594704893586 ], [ 110.430381882776217, -7.785899500186289 ], [ 110.430484610989353, -7.785867907003428 ], [ 110.430495152490948, -7.785865377066242 ], [ 110.43050262122442, -7.785864407286678 ], [ 110.430852654264328, -7.785834401193897 ], [ 110.430856279404907, -7.785834167093547 ], [ 110.431316188922068, -7.785814166549835 ], [ 110.431766152991784, -7.785794153123123 ], [ 110.431770000835002, -7.78579406779802 ], [ 110.432210024279087, -7.785794114493408 ], [ 110.432650035689278, -7.785794070220957 ], [ 110.432662251234248, -7.785794945861605 ], [ 110.432719998276056, -7.785803522632111 ], [ 110.432771883768481, -7.785795960920441 ], [ 110.433168916768537, -7.785703106675749 ], [ 110.433212727729014, -7.785688507056322 ], [ 110.433218193289747, -7.785686884154163 ], [ 110.434098192994853, -7.785456910653441 ], [ 110.434105340008628, -7.785455363065071 ], [ 110.43420004945564, -7.785439194678064 ], [ 110.43384624638297, -7.785456515138436 ], [ 110.433843107596886, -7.785456630005095 ], [ 110.43343806950466, -7.785466451295236 ], [ 110.433151775842802, -7.785496054420492 ], [ 110.432060409754797, -7.785586245515207 ], [ 110.431690973493687, -7.785616180277791 ], [ 110.430381623570327, -7.785736085104532 ], [ 110.430372506259928, -7.78573659115886 ], [ 110.429867778392577, -7.785746473165319 ], [ 110.429581988158375, -7.785776025737229 ], [ 110.429493490303699, -7.785783639770799 ], [ 110.429492149725078, -7.785783756557978 ], [ 110.429490247498777, -7.785732318396762 ], [ 110.428723110989651, -7.785831031963504 ], [ 110.428730940902341, -7.785784285324119 ], [ 110.428736404858512, -7.785785169743707 ], [ 110.428746889940157, -7.78578512317518 ], [ 110.429488003323826, -7.785720560264282 ], [ 110.429575988712585, -7.785712995075797 ], [ 110.429863873853009, -7.785683220983035 ], [ 110.430234656794767, -7.785675961525141 ], [ 110.430371260166652, -7.785673286923204 ], [ 110.430375818821176, -7.78567303389603 ], [ 110.430864873806016, -7.785628248750982 ], [ 110.431685500432948, -7.785553098679645 ], [ 110.432055218460306, -7.785523141122474 ], [ 110.43314587999231, -7.785433014994 ], [ 110.433434016710976, -7.785403214387676 ], [ 110.433630726949559, -7.785398444581955 ], [ 110.433841564526574, -7.785393332238929 ], [ 110.433843133919339, -7.785393274805642 ], [ 110.434253129835952, -7.785373203387786 ], [ 110.434255780678242, -7.78537301808045 ], [ 110.434805738899115, -7.78532301766428 ], [ 110.434810029200705, -7.785322480128808 ], [ 110.434879466417428, -7.785311373561058 ], [ 110.435055079564876, -7.785283281842323 ], [ 110.435092026694903, -7.785283297636167 ], [ 110.435149994055905, -7.785283322409083 ], [ 110.435156687017241, -7.785282972438202 ], [ 110.435214509972425, -7.785276883730239 ], [ 110.435345481728177, -7.785263092485881 ], [ 110.436084570039412, -7.785213132237225 ], [ 110.436475407911956, -7.785183109881631 ], [ 110.437780498160578, -7.78506193120044 ], [ 110.437830642973779, -7.785057275132064 ], [ 110.437830558791518, -7.785059124371 ], [ 110.437827735903653, -7.785121134970973 ] ], [ [ 110.43648078784868, -7.785246196598626 ], [ 110.43610064167774, -7.785275400292219 ], [ 110.43666375592845, -7.78523426554134 ], [ 110.437211210702216, -7.785194482176768 ], [ 110.43758876726713, -7.785144851426207 ], [ 110.437591805709999, -7.785144506607437 ], [ 110.437777547360511, -7.785126751486225 ], [ 110.437777591088974, -7.785125790902474 ], [ 110.43648078784868, -7.785246196598626 ] ], [ [ 110.435350962990881, -7.785326183724921 ], [ 110.435227613680112, -7.785339172330036 ], [ 110.436081196604889, -7.785276820715437 ], [ 110.435350962990881, -7.785326183724921 ] ] ] ] } },
{ "type": "Feature", "properties": { "KETERANGAN": "Kosongan", "Fungsi": "Kosongan", "Guna_Lahan": "Sempadan Jalan" }, "geometry": { "type": "MultiPolygon", "coordinates": [ [ [ [ 110.432781041640823, -7.786203669262028 ], [ 110.432772741802779, -7.786203788527265 ], [ 110.432772783496674, -7.786202406362915 ], [ 110.432757937042155, -7.785921151607243 ], [ 110.432865152189805, -7.785905784656187 ], [ 110.432866243332072, -7.785905611311152 ], [ 110.432868521015195, -7.785905138371517 ], [ 110.433158554885495, -7.785835167946399 ], [ 110.43316152222053, -7.785834317264369 ], [ 110.433250389619886, -7.785804702988115 ], [ 110.4341277045921, -7.78557543111452 ], [ 110.434534105637084, -7.78550605222362 ], [ 110.434892321853184, -7.785486098599633 ], [ 110.436672676595734, -7.785356051394181 ], [ 110.437222614466592, -7.785316087596717 ], [ 110.437224718599651, -7.785315873030864 ], [ 110.437604128099437, -7.785265998716799 ], [ 110.437811682851788, -7.785246158470751 ], [ 110.437859955235581, -7.785246222460171 ], [ 110.437866080535201, -7.78524571122798 ], [ 110.437872031370219, -7.785244175971379 ], [ 110.437877636900424, -7.78524166076545 ], [ 110.437882736198901, -7.785238237818216 ], [ 110.43788718287189, -7.78523400539779 ], [ 110.43789084926162, -7.785229085011022 ], [ 110.437893630111191, -7.78522361791527 ], [ 110.437895445586364, -7.785217761063418 ], [ 110.43789624356738, -7.785211682597289 ], [ 110.437900677363046, -7.785114284749186 ], [ 110.437903518651368, -7.785051869704556 ], [ 110.43790358611777, -7.785050387658741 ], [ 110.437953740459037, -7.785045522233726 ], [ 110.43818652382673, -7.785022940060538 ], [ 110.438276780274464, -7.785013001351966 ], [ 110.438564419414561, -7.784983241836318 ], [ 110.438842958802795, -7.784973257615905 ], [ 110.439193651680284, -7.784953251615641 ], [ 110.439197938103391, -7.784952861236392 ], [ 110.439224475765229, -7.784949535491517 ], [ 110.43922542645663, -7.784954303096471 ], [ 110.439225282806802, -7.78495431332285 ], [ 110.439231784012193, -7.78501243324082 ], [ 110.439205851250222, -7.785015683987643 ], [ 110.439197278402744, -7.785016464746068 ], [ 110.438845911448695, -7.785036502045926 ], [ 110.438568839078272, -7.785046440873956 ], [ 110.43828354016803, -7.785075958262599 ], [ 110.438193081141165, -7.785085916576128 ], [ 110.437950831729907, -7.785109418931574 ], [ 110.437946073728526, -7.78521393892764 ], [ 110.437944178525242, -7.785228375284991 ], [ 110.437939866773078, -7.785242285308886 ], [ 110.437933262256237, -7.785255269661919 ], [ 110.437924554580988, -7.785266955581392 ], [ 110.437913993732465, -7.785277007580755 ], [ 110.437901882897847, -7.785285137081066 ], [ 110.437888569762364, -7.785291110695712 ], [ 110.43787443652765, -7.78529475693048 ], [ 110.437859888939286, -7.785295971106993 ], [ 110.43781403477783, -7.785295910322889 ], [ 110.437609768525874, -7.785315436217631 ], [ 110.437231236754897, -7.785365195148419 ], [ 110.437226239438274, -7.785365704742365 ], [ 110.436676310956159, -7.7854056678528 ], [ 110.434895534268406, -7.785535742121709 ], [ 110.434539722343928, -7.785555565574748 ], [ 110.434138254211746, -7.785624102338033 ], [ 110.433264630978954, -7.785852409429149 ], [ 110.433177330109757, -7.785881501672375 ], [ 110.433170282688266, -7.785883522042335 ], [ 110.43288024878548, -7.785953492473083 ], [ 110.432874839287507, -7.785954615704812 ], [ 110.432872247824292, -7.785955027399314 ], [ 110.432810145692997, -7.785963928387161 ], [ 110.432822596079376, -7.786199790922106 ], [ 110.4328225504117, -7.786201104131818 ], [ 110.432781041640823, -7.786203669262028 ] ] ] ] } },
{ "type": "Feature", "properties": { "KETERANGAN": "Kosongan", "Fungsi": "Kosongan", "Guna_Lahan": "Sempadan Jalan" }, "geometry": { "type": "MultiPolygon", "coordinates": [ [ [ [ 110.435887078025601, -7.78419610551272 ], [ 110.436314612931454, -7.784245765668794 ], [ 110.436852642079316, -7.784345422000015 ], [ 110.437045395738238, -7.784389251975915 ], [ 110.437053816760738, -7.784532165007811 ], [ 110.43705472334355, -7.784538349193051 ], [ 110.437056683512552, -7.784544285507421 ], [ 110.437059638777129, -7.784549796813683 ], [ 110.437063500953414, -7.784554718656576 ], [ 110.437068154795611, -7.784558904170297 ], [ 110.437073461434935, -7.784562228460748 ], [ 110.437079262523355, -7.784564592332416 ], [ 110.437085384958706, -7.784565925248302 ], [ 110.437379462956287, -7.784603804861695 ], [ 110.437440218189892, -7.78469069202867 ], [ 110.437442153252206, -7.78469321556377 ], [ 110.437444309531614, -7.784695566782514 ], [ 110.437474332672807, -7.784725539965121 ], [ 110.437478657584464, -7.784729227931986 ], [ 110.437483507519971, -7.784732196044173 ], [ 110.437488763156651, -7.784734371277369 ], [ 110.437494295190376, -7.784735700114432 ], [ 110.437499967516814, -7.784736149862011 ], [ 110.437679992548439, -7.784736207676992 ], [ 110.437684023815592, -7.784735984896801 ], [ 110.437804755861706, -7.784722560511423 ], [ 110.437809349173591, -7.784722049773181 ], [ 110.437860005725994, -7.784716417180585 ], [ 110.437855117494408, -7.784767017629519 ], [ 110.437845641147149, -7.784865111834425 ], [ 110.4378394424227, -7.784929277762758 ], [ 110.437836061992186, -7.784929591531795 ], [ 110.437788876389007, -7.784933973082667 ], [ 110.436464647696909, -7.785056932424817 ], [ 110.436075402182027, -7.785086829773518 ], [ 110.43533570759304, -7.785136829678966 ], [ 110.435333334677239, -7.785137034737711 ], [ 110.435237488205701, -7.78514712731798 ], [ 110.435187505428985, -7.785152390467736 ], [ 110.43518805828117, -7.785121266543674 ], [ 110.435188638485727, -7.785088602747896 ], [ 110.43519624097901, -7.784660603503391 ], [ 110.435196246654129, -7.784659987972871 ], [ 110.435196276945021, -7.784195514273335 ], [ 110.435669536443044, -7.784186158346712 ], [ 110.435887078025601, -7.78419610551272 ] ], [ [ 110.435246114557003, -7.784661484686997 ], [ 110.43523862125484, -7.785083339597398 ], [ 110.435326668888962, -7.785074068228599 ], [ 110.435331414719812, -7.785073658111057 ], [ 110.436070818205621, -7.785023677875062 ], [ 110.436459267420901, -7.784993841684681 ], [ 110.43778982177723, -7.784870294955897 ], [ 110.437795075121201, -7.784869807155673 ], [ 110.437804460935865, -7.784772650221099 ], [ 110.437799638219289, -7.784773186467094 ], [ 110.43768955075987, -7.784785427261808 ], [ 110.437679976499226, -7.784785956364868 ], [ 110.437499926314445, -7.78478589852755 ], [ 110.437486454537591, -7.784784830376873 ], [ 110.437473315956126, -7.784781674388402 ], [ 110.43746083381798, -7.784776508208956 ], [ 110.437449315220533, -7.784769458941747 ], [ 110.437439043555244, -7.784760700019564 ], [ 110.437409020414378, -7.784730726834578 ], [ 110.437403899250967, -7.784725142689568 ], [ 110.437399303478188, -7.784719149293279 ], [ 110.437351177428297, -7.784650323345391 ], [ 110.437078995738332, -7.784615264143185 ], [ 110.437064454952846, -7.784612098467482 ], [ 110.43705067736667, -7.78460648427155 ], [ 110.437038074097643, -7.784598589080911 ], [ 110.437027021222349, -7.784588648484937 ], [ 110.437017848554234, -7.784576959107254 ], [ 110.437010829801935, -7.784563869754265 ], [ 110.437006174402001, -7.784549771007198 ], [ 110.437004021269559, -7.7845350835671 ], [ 110.436997797149829, -7.784429453926618 ], [ 110.436842539771078, -7.784394150167161 ], [ 110.436307165118791, -7.784294985509992 ], [ 110.435883045600207, -7.784245722063334 ], [ 110.43566888776256, -7.784235929618499 ], [ 110.435246155121945, -7.784244286693275 ], [ 110.435246128035246, -7.784660022801948 ], [ 110.435246114557003, -7.784661484686997 ] ] ] ] } },
{ "type": "Feature", "properties": { "KETERANGAN": "Kosongan", "Fungsi": "Kosongan", "Guna_Lahan": "Sempadan Jalan" }, "geometry": { "type": "MultiPolygon", "coordinates": [ [ [ [ 110.430376879934542, -7.784013783685891 ], [ 110.431218027909267, -7.784129569201011 ], [ 110.431221719681432, -7.784129886845106 ], [ 110.432073677637575, -7.784159606383216 ], [ 110.432135452205301, -7.784161761248902 ], [ 110.432143584405694, -7.784165409918407 ], [ 110.432163333211406, -7.784174270602417 ], [ 110.432152307967328, -7.784223874824732 ], [ 110.432147043792128, -7.78424755913138 ], [ 110.432126791053335, -7.784328545355274 ], [ 110.432120522231543, -7.784353612979805 ], [ 110.432037856072967, -7.784444570940609 ], [ 110.431933304471116, -7.784488152427785 ], [ 110.431457787003581, -7.784597073671847 ], [ 110.431456277466651, -7.784597442152156 ], [ 110.431186286581834, -7.784667437434305 ], [ 110.431182703617765, -7.78466849859125 ], [ 110.431041136325121, -7.784715760201428 ], [ 110.43102005098693, -7.784715731914419 ], [ 110.431010600636483, -7.78471654373875 ], [ 110.431003616938071, -7.78471824295833 ], [ 110.430655487787917, -7.78482769794418 ], [ 110.430409885017099, -7.784886004538462 ], [ 110.430359763976924, -7.78489790335492 ], [ 110.430361572313643, -7.784804494768277 ], [ 110.430376879934542, -7.784013783685891 ] ], [ [ 110.430425668286006, -7.784070719773331 ], [ 110.430411693342478, -7.784792595950696 ], [ 110.430631321990276, -7.784740455656899 ], [ 110.43097634886152, -7.784631976050499 ], [ 110.430982121668379, -7.784630368134787 ], [ 110.430989105365384, -7.784628668915455 ], [ 110.430994972053497, -7.784627444798896 ], [ 110.43100281772756, -7.78462642535113 ], [ 110.43101226807596, -7.784625613526822 ], [ 110.431020172982599, -7.784625279934078 ], [ 110.431026419457851, -7.78462528831403 ], [ 110.431153915266449, -7.784582724402217 ], [ 110.431156885840636, -7.784581788955392 ], [ 110.431160468803981, -7.784580727798577 ], [ 110.431163469835369, -7.784579894650647 ], [ 110.431434088539845, -7.78450974136658 ], [ 110.43143685602368, -7.784509065819478 ], [ 110.431905466106386, -7.784401722036601 ], [ 110.431984233453576, -7.784368888508 ], [ 110.432038034462494, -7.784309691015649 ], [ 110.432058757774328, -7.784226823143172 ], [ 110.432062713252932, -7.784209002978568 ], [ 110.431219976006787, -7.78417960507767 ], [ 110.431211208046889, -7.784178850672696 ], [ 110.430425668286006, -7.784070719773331 ] ] ] ] } },
{ "type": "Feature", "properties": { "KETERANGAN": "Kosongan", "Fungsi": "Kosongan", "Guna_Lahan": "Sempadan Jalan" }, "geometry": { "type": "MultiPolygon", "coordinates": [ [ [ [ 110.433085638148853, -7.784111507725603 ], [ 110.433095615273729, -7.784460816335499 ], [ 110.433095605558066, -7.784690015181561 ], [ 110.433095631790366, -7.784691702429321 ], [ 110.433104343347523, -7.78495828177421 ], [ 110.43310127900321, -7.785047780071391 ], [ 110.433096001952023, -7.785093228404543 ], [ 110.43307886531457, -7.785213120913231 ], [ 110.432979141746429, -7.785246353426786 ], [ 110.43265948375327, -7.785270525953137 ], [ 110.432554649423736, -7.785275780635883 ], [ 110.432519580356896, -7.785277538427006 ], [ 110.432432026365404, -7.785281927008407 ], [ 110.431977995662578, -7.785226263328574 ], [ 110.431169513413451, -7.785086538140433 ], [ 110.431104925623515, -7.785074821028789 ], [ 110.43110441290878, -7.78507418013544 ], [ 110.431104386406773, -7.784809106511789 ], [ 110.431215476452081, -7.78477201959185 ], [ 110.431482905507949, -7.784702688469179 ], [ 110.431962188103981, -7.784592904795963 ], [ 110.431968550189183, -7.784591033832394 ], [ 110.431970991788603, -7.784590084285163 ], [ 110.432091013960033, -7.784540054015702 ], [ 110.432098103602101, -7.784536471365182 ], [ 110.432104594363835, -7.784531896958126 ], [ 110.432110347782739, -7.784526428377037 ], [ 110.432117135428811, -7.784518959899653 ], [ 110.432117367874611, -7.784518900404685 ], [ 110.432117452784709, -7.78451861071152 ], [ 110.432210333030213, -7.784416414121275 ], [ 110.432215757910186, -7.784409361115597 ], [ 110.432219955604396, -7.784401519506945 ], [ 110.432222813497887, -7.78439309966862 ], [ 110.432252813990246, -7.784273134228978 ], [ 110.432253141773487, -7.784271746064021 ], [ 110.432261287287758, -7.78423509814259 ], [ 110.432268222290475, -7.784203896492692 ], [ 110.432297851063282, -7.784196491514151 ], [ 110.432466192727645, -7.784154418636168 ], [ 110.432473381857974, -7.784152621887325 ], [ 110.432508117061218, -7.78414376771605 ], [ 110.432983782791283, -7.784022517892242 ], [ 110.43309197368734, -7.783993637525841 ], [ 110.433085698856047, -7.784106970089926 ], [ 110.433085616132317, -7.784109889620055 ], [ 110.433085638148853, -7.784111507725603 ] ], [ [ 110.431991278910218, -7.785136758925559 ], [ 110.432463407901267, -7.785194641459847 ], [ 110.432526231511503, -7.785189890777016 ], [ 110.432560548008581, -7.785187295780581 ], [ 110.432961068516079, -7.785157008410251 ], [ 110.432996986086025, -7.785145039013591 ], [ 110.433006047742282, -7.785081641320766 ], [ 110.433014426439442, -7.785012623710066 ], [ 110.433014667501283, -7.785010335210202 ], [ 110.433015083019242, -7.785004029792937 ], [ 110.43301519577453, -7.785002041109998 ], [ 110.433004967871938, -7.784693876839719 ], [ 110.433004917574877, -7.784690714450558 ], [ 110.433004921834552, -7.784462102485159 ], [ 110.432995729006308, -7.784122574790204 ], [ 110.432995368241876, -7.784113428575485 ], [ 110.432526358146717, -7.78423250816956 ], [ 110.432495633509575, -7.784240308998553 ], [ 110.432485907275094, -7.784242739867956 ], [ 110.432344636053386, -7.784278047633959 ], [ 110.432341552958292, -7.784291900926315 ], [ 110.432340952022827, -7.78429444589555 ], [ 110.43231081116663, -7.784414988850367 ], [ 110.432308718154133, -7.784422102807721 ], [ 110.432305860262048, -7.784430522646703 ], [ 110.432305137778783, -7.78443256999341 ], [ 110.432299960790544, -7.784444119527548 ], [ 110.432295763097287, -7.784451961137067 ], [ 110.43229423973456, -7.784454692254404 ], [ 110.432287717259584, -7.784464415151761 ], [ 110.432282292379981, -7.784471468158411 ], [ 110.432279729872377, -7.784474648548699 ], [ 110.432277529926793, -7.784477160730632 ], [ 110.432177544680144, -7.784587175002181 ], [ 110.432172917230673, -7.784591906987909 ], [ 110.432167163811584, -7.784597375569906 ], [ 110.432162797630511, -7.784601265263411 ], [ 110.43215693300975, -7.784605767134272 ], [ 110.432150442247334, -7.784610341541985 ], [ 110.432143344812786, -7.784614865810498 ], [ 110.432139094943992, -7.784617157289965 ], [ 110.432132005300829, -7.784620739941101 ], [ 110.432125987814231, -7.784623510044455 ], [ 110.432005965621798, -7.784673540322208 ], [ 110.432003940509105, -7.784674356047283 ], [ 110.432001498909216, -7.78467530559467 ], [ 110.431999454688807, -7.784676072448566 ], [ 110.431994200633056, -7.784677792865457 ], [ 110.431987838546604, -7.78467966382932 ], [ 110.431982489124962, -7.784681061685522 ], [ 110.431504468775344, -7.784790556224686 ], [ 110.431241309490076, -7.78485878040416 ], [ 110.431195086361299, -7.784874211794668 ], [ 110.431195098880551, -7.784999159877519 ], [ 110.431991278910218, -7.785136758925559 ] ] ] ] } },
{ "type": "Feature", "properties": { "KETERANGAN": "Kosongan", "Fungsi": "Kosongan", "Guna_Lahan": "Sempadan Jalan" }, "geometry": { "type": "MultiPolygon", "coordinates": [ [ [ [ 110.431560765577146, -7.783532042161979 ], [ 110.431649668489555, -7.783533272113951 ], [ 110.431676969886425, -7.783533275474177 ], [ 110.432019700425926, -7.783533317507821 ], [ 110.433009762539854, -7.783543322489808 ], [ 110.433045190980877, -7.783543324338657 ], [ 110.43313668337332, -7.783543329099531 ], [ 110.433135183082129, -7.783554570760156 ], [ 110.433128233447007, -7.783606644957621 ], [ 110.433106054188229, -7.783772835496973 ], [ 110.433105736962432, -7.783775856947439 ], [ 110.433097771009059, -7.783879726322724 ], [ 110.432956237635764, -7.783917509454969 ], [ 110.432681735676212, -7.783987480803023 ], [ 110.432446680030566, -7.784047397008306 ], [ 110.4322712356323, -7.784091244782087 ], [ 110.432206740267915, -7.784107363703558 ], [ 110.432198202060775, -7.784110266312262 ], [ 110.432197895796307, -7.78411043099559 ], [ 110.432166334294109, -7.784096270317238 ], [ 110.432158722457643, -7.784092855119142 ], [ 110.432154333779351, -7.784091217028315 ], [ 110.432149769999484, -7.784090156802393 ], [ 110.432145107264631, -7.784089692131085 ], [ 110.432104713783673, -7.784088283098284 ], [ 110.432094203856778, -7.784087916483291 ], [ 110.431226109963291, -7.784057634093165 ], [ 110.430367419427085, -7.783939433801923 ], [ 110.430346357474846, -7.78393653456399 ], [ 110.430340247307868, -7.783936212987408 ], [ 110.43033416986114, -7.783936920147265 ], [ 110.4303282980228, -7.78393863592659 ], [ 110.430322798831881, -7.783941311515863 ], [ 110.430317828726686, -7.783944870801169 ], [ 110.430313529094221, -7.783949212529865 ], [ 110.430310022248278, -7.783954213190476 ], [ 110.430307407949911, -7.783959730526855 ], [ 110.430306468923504, -7.783963080519292 ], [ 110.430305760569368, -7.783965607584519 ], [ 110.430305126970566, -7.783971677175909 ], [ 110.43030512281257, -7.783971891988537 ], [ 110.430288675146883, -7.784821801604174 ], [ 110.430286863440941, -7.784915210048774 ], [ 110.430286743520043, -7.784915238518161 ], [ 110.430236746331687, -7.784927107915527 ], [ 110.429862252976392, -7.785016012911852 ], [ 110.429467275555027, -7.785035842687551 ], [ 110.429463107555819, -7.785036212602177 ], [ 110.42944343805793, -7.785038721697338 ], [ 110.42943464799967, -7.785040589199609 ], [ 110.429426286027422, -7.785043874176178 ], [ 110.429418580233872, -7.785048487021588 ], [ 110.429411740812995, -7.785054301909351 ], [ 110.429405954326313, -7.785061160224616 ], [ 110.429401378614074, -7.785068874890427 ], [ 110.429398138489887, -7.785077235470858 ], [ 110.429396322335919, -7.78508601391114 ], [ 110.429395979692188, -7.785094970758257 ], [ 110.429396832913426, -7.785101623843045 ], [ 110.429397119905246, -7.785103861692845 ], [ 110.429399711873117, -7.785112444193368 ], [ 110.429403684893771, -7.785120484151583 ], [ 110.429408230363961, -7.785126790729951 ], [ 110.429408930593638, -7.785127762258289 ], [ 110.42941530588368, -7.785134079985732 ], [ 110.429422636862668, -7.785139265002698 ], [ 110.429430723560586, -7.785143175875341 ], [ 110.429439345393277, -7.785145705925348 ], [ 110.429448267179609, -7.785146786139424 ], [ 110.429457245556392, -7.785146387052143 ], [ 110.429474838194622, -7.785144142887343 ], [ 110.429872721920646, -7.78512416720521 ], [ 110.429879363127455, -7.785123423990332 ], [ 110.429882586923839, -7.785122760727807 ], [ 110.430103495690204, -7.785070316877099 ], [ 110.430270216691198, -7.785030737142474 ], [ 110.430399403548435, -7.785000068000568 ], [ 110.430682588175472, -7.784932839415217 ], [ 110.430686348084365, -7.784931803470138 ], [ 110.430993106269185, -7.784835355917919 ], [ 110.430995558586758, -7.784852160039653 ], [ 110.430995581306092, -7.785079975989422 ], [ 110.430995601639495, -7.785120049210388 ], [ 110.430996426145285, -7.785129433448863 ], [ 110.430998865296758, -7.785138534124718 ], [ 110.431002845605562, -7.785147077046259 ], [ 110.431008247150089, -7.785154804826236 ], [ 110.431014907188825, -7.785161484636429 ], [ 110.43102262506342, -7.785166915222806 ], [ 110.431031168244104, -7.785170932968593 ], [ 110.431040279335789, -7.785173416824346 ], [ 110.431150481570924, -7.785193408238912 ], [ 110.431765576348425, -7.785299712191924 ], [ 110.431786004134452, -7.785303464219931 ], [ 110.431844644218103, -7.785313377054173 ], [ 110.431960734702301, -7.78533344030195 ], [ 110.431963386479637, -7.785333831756731 ], [ 110.431971609034193, -7.785334839838499 ], [ 110.43211550702479, -7.785359165403479 ], [ 110.432148628564178, -7.785356542078365 ], [ 110.432303647197159, -7.785375547443285 ], [ 110.432044835877235, -7.785396932296041 ], [ 110.431876069019197, -7.785410607981515 ], [ 110.43167455446283, -7.785426937221609 ], [ 110.430366484088282, -7.78554672316883 ], [ 110.429858723297272, -7.785556664568628 ], [ 110.429853419930424, -7.785556990202489 ], [ 110.429563989371033, -7.78558692898041 ], [ 110.429477029391379, -7.785594401271012 ], [ 110.429394361040593, -7.785601603080631 ], [ 110.428752168933613, -7.785657548290575 ], [ 110.428762972244485, -7.785593049659231 ], [ 110.429471542424878, -7.785531321785424 ], [ 110.429557989473096, -7.785523893546666 ], [ 110.429846870547706, -7.785494011604271 ], [ 110.429857477279825, -7.785493360336533 ], [ 110.430314047266421, -7.785484421219233 ], [ 110.430362954103856, -7.785483463650168 ], [ 110.431627562208277, -7.785367659484995 ], [ 110.431134620183371, -7.785282465719235 ], [ 110.431024049295644, -7.785262408743544 ], [ 110.431016365864835, -7.785260667967197 ], [ 110.431007254771458, -7.785258184110849 ], [ 110.43100003461582, -7.785255888407644 ], [ 110.430992487154242, -7.785252745587658 ], [ 110.430983943972379, -7.785248727841031 ], [ 110.43097717268553, -7.785245188091469 ], [ 110.430970341767548, -7.785240824408021 ], [ 110.430962623892427, -7.785235393820695 ], [ 110.43095651711063, -7.785230696652546 ], [ 110.430950596917441, -7.785225263598483 ], [ 110.430943936878862, -7.785218583787231 ], [ 110.430938693526429, -7.785212853017335 ], [ 110.430933847490948, -7.78520653198659 ], [ 110.430928445947231, -7.785198804205717 ], [ 110.430924241789981, -7.785192197647453 ], [ 110.430920598126647, -7.785185193932218 ], [ 110.430916617819264, -7.785176651009983 ], [ 110.43091359962807, -7.785169356169575 ], [ 110.430911248010389, -7.785161892323642 ], [ 110.430908808860764, -7.785152791647403 ], [ 110.430907089378735, -7.785145020425651 ], [ 110.430906078848736, -7.785137329208823 ], [ 110.430905254344935, -7.785127944970324 ], [ 110.430904908157615, -7.785120094974133 ], [ 110.430904887827268, -7.785080003364103 ], [ 110.430904875677555, -7.784957936687547 ], [ 110.430713616115185, -7.785018070392522 ], [ 110.430710498374282, -7.785018989699738 ], [ 110.430706738464664, -7.78502002564497 ], [ 110.430703589689557, -7.785020832913168 ], [ 110.430441069352511, -7.785083155759112 ], [ 110.429903588274712, -7.785210754253156 ], [ 110.429900910160271, -7.785211347500215 ], [ 110.429897686363233, -7.78521201076288 ], [ 110.429894991482598, -7.7852125229535 ], [ 110.429889476226862, -7.785213311926302 ], [ 110.429882835018645, -7.785214055141298 ], [ 110.429877281593988, -7.785214504860102 ], [ 110.429482883009229, -7.785234305566739 ], [ 110.429468751808869, -7.785236108180833 ], [ 110.429461283618821, -7.785236749386794 ], [ 110.429452305240062, -7.785237148474052 ], [ 110.429448144838531, -7.785237238092725 ], [ 110.429437337311199, -7.785236578922727 ], [ 110.429428415523034, -7.785235498708289 ], [ 110.429423476163265, -7.785234762521564 ], [ 110.429413745733001, -7.78523247984316 ], [ 110.429405123898732, -7.785229949792542 ], [ 110.429399589620942, -7.785228131173844 ], [ 110.429391152401209, -7.785224563960401 ], [ 110.429383065702226, -7.78522065308688 ], [ 110.42937718420373, -7.785217537678671 ], [ 110.429370173603672, -7.785213047199271 ], [ 110.429362842624172, -7.785207862181403 ], [ 110.429356915563133, -7.785203291762968 ], [ 110.429351381587779, -7.78519824370759 ], [ 110.429345006297851, -7.785191925979184 ], [ 110.429339376773711, -7.785185810171545 ], [ 110.429335288950682, -7.785180557286101 ], [ 110.429330043251582, -7.785173279178563 ], [ 110.429325080933893, -7.785165604444392 ], [ 110.4293223346574, -7.785160470374515 ], [ 110.429318361638039, -7.785152430415654 ], [ 110.429314446116365, -7.785143265908702 ], [ 110.429312872067129, -7.785138530892016 ], [ 110.429311837082111, -7.78513510385666 ], [ 110.429310280100964, -7.785129948391106 ], [ 110.429307783109593, -7.785119448328914 ], [ 110.429307159294055, -7.785115337290369 ], [ 110.42930662499991, -7.785111171067019 ], [ 110.429306019082901, -7.78510644635563 ], [ 110.429305286311518, -7.785094848723537 ], [ 110.429305352167191, -7.785091522230848 ], [ 110.429305694812783, -7.78508256538389 ], [ 110.429307028042629, -7.785070186914204 ], [ 110.429307499979501, -7.785067735326196 ], [ 110.429309316135203, -7.785058956886433 ], [ 110.429313250294442, -7.785045404914243 ], [ 110.429316784269233, -7.785036264841291 ], [ 110.429323108410102, -7.785023183062401 ], [ 110.429327895503249, -7.785015108228081 ], [ 110.429336559044373, -7.785002923904261 ], [ 110.429342346751184, -7.78499606414395 ], [ 110.429352904400432, -7.784985466948118 ], [ 110.429360060605191, -7.784979385215205 ], [ 110.429363074060888, -7.784977234922116 ], [ 110.429371906372907, -7.784970932503308 ], [ 110.42937831288009, -7.784967104177642 ], [ 110.429380328733956, -7.784965899567243 ], [ 110.429393047857801, -7.784959715585262 ], [ 110.429401409828557, -7.7849564306092 ], [ 110.429403744009321, -7.784955550433413 ], [ 110.429415752170954, -7.784952122161958 ], [ 110.429424542227395, -7.784950254659943 ], [ 110.429427809803173, -7.784949622724159 ], [ 110.429431931812942, -7.784949000567915 ], [ 110.429451601306653, -7.784946491473026 ], [ 110.429455068694693, -7.784946116591145 ], [ 110.429459236693049, -7.784945746676468 ], [ 110.429462715968995, -7.784945505034042 ], [ 110.429849364411993, -7.78492609341103 ], [ 110.430238554038297, -7.784833699487708 ], [ 110.430255031680375, -7.7839822556723 ], [ 110.430255254985894, -7.783970716811272 ], [ 110.430256759784697, -7.783956301531944 ], [ 110.430260672314873, -7.783942343520555 ], [ 110.430266881274505, -7.783929239847399 ], [ 110.430275210034054, -7.783917363279158 ], [ 110.430285421661068, -7.783907051674475 ], [ 110.430297225660269, -7.783898598372586 ], [ 110.430308932853791, -7.783892902327181 ], [ 110.430310286237486, -7.783892243848685 ], [ 110.430324231852083, -7.783888168873062 ], [ 110.430338665786394, -7.783886489368483 ], [ 110.430353177431257, -7.783887253112673 ], [ 110.430370916687878, -7.783889694971984 ], [ 110.431230402925706, -7.784008004791668 ], [ 110.431409320547672, -7.784014246256084 ], [ 110.431434773221156, -7.784015134155553 ], [ 110.432106147166365, -7.784038554034207 ], [ 110.432137648119479, -7.784039652871881 ], [ 110.432139672187802, -7.784039723476728 ], [ 110.432145020798785, -7.784036141386896 ], [ 110.432147221702294, -7.784034918272089 ], [ 110.432155161790305, -7.784030648759256 ], [ 110.43216811944508, -7.784024939483484 ], [ 110.432177479542446, -7.784021748650294 ], [ 110.432184695059632, -7.784019624489451 ], [ 110.43242442845748, -7.783959709366489 ], [ 110.432665409996375, -7.783898282632514 ], [ 110.432933282981878, -7.783830001023537 ], [ 110.433012242965077, -7.78380892221636 ], [ 110.433015307865389, -7.783768958579347 ], [ 110.433015536883829, -7.783766437013385 ], [ 110.433015854110238, -7.783763415563015 ], [ 110.433016153802498, -7.783760901378448 ], [ 110.433036741135297, -7.783606639487116 ], [ 110.433009518811048, -7.783606637855588 ], [ 110.432122855315313, -7.783597679550412 ], [ 110.432105233455914, -7.783597501491183 ], [ 110.432019374991384, -7.783596633927889 ], [ 110.431649343990742, -7.783596586517331 ], [ 110.430348240626557, -7.783578587478261 ], [ 110.430319982037474, -7.783578196513862 ], [ 110.430210721546317, -7.783576684851131 ], [ 110.429890040610843, -7.783584334382306 ], [ 110.429841935130639, -7.783585481870701 ], [ 110.429827064004371, -7.783586237155447 ], [ 110.429823279582465, -7.783586476142768 ], [ 110.429819869464325, -7.783586696993462 ], [ 110.42980460215685, -7.783587555236866 ], [ 110.429647063169838, -7.783596411173244 ], [ 110.429640044395953, -7.783596606248558 ], [ 110.42960966586827, -7.783596612388844 ], [ 110.429604301195539, -7.78359661347296 ], [ 110.429509194973591, -7.783596441015145 ], [ 110.429296094729153, -7.783596054519205 ], [ 110.429194860394247, -7.78359587087488 ], [ 110.429172817394459, -7.783593907326206 ], [ 110.429171781243284, -7.783593628434138 ], [ 110.429183436314048, -7.783531433332615 ], [ 110.429183954389586, -7.783531572778647 ], [ 110.429194975887867, -7.78353255455273 ], [ 110.429604363835864, -7.783533297096066 ], [ 110.429640031282176, -7.783533289818124 ], [ 110.429643540668593, -7.783533192280458 ], [ 110.429819953131329, -7.783523346558717 ], [ 110.429821658190164, -7.783523236133349 ], [ 110.429823550400812, -7.783523116639719 ], [ 110.429830986094444, -7.783522739248252 ], [ 110.430210348629998, -7.783513357155077 ], [ 110.431560765577146, -7.783532042161979 ] ] ] ] } },
{ "type": "Feature", "properties": { "KETERANGAN": "Kosongan", "Fungsi": "Kosongan", "Guna_Lahan": "Sempadan Jalan" }, "geometry": { "type": "MultiPolygon", "coordinates": [ [ [ [ 110.433871688428098, -7.78357887769929 ], [ 110.433617566783539, -7.78449556338831 ], [ 110.433616438476065, -7.784500530113728 ], [ 110.433616016009395, -7.784503320409398 ], [ 110.433606158115097, -7.784582285311297 ], [ 110.433556239514303, -7.784891355357919 ], [ 110.433555547021982, -7.7848999810158 ], [ 110.433555562508673, -7.784913529152149 ], [ 110.433464552047937, -7.784905933146229 ], [ 110.433460086939448, -7.784905744147778 ], [ 110.433457838982164, -7.784905787470721 ], [ 110.433211490181293, -7.784915615878476 ], [ 110.433204437715702, -7.78468917593094 ], [ 110.433204447369278, -7.784460046919135 ], [ 110.433204425303572, -7.78445849925465 ], [ 110.433194490829905, -7.784110687050115 ], [ 110.433203703610886, -7.783939514977918 ], [ 110.433204193354413, -7.783932992287347 ], [ 110.433204411184761, -7.783930084727987 ], [ 110.433204435298265, -7.783912135462754 ], [ 110.433214135684779, -7.783785650118727 ], [ 110.433238285008784, -7.78360469740738 ], [ 110.433244618491656, -7.783557240025372 ], [ 110.43324681112982, -7.783540810489537 ], [ 110.433338986152151, -7.783535700215862 ], [ 110.433562557608468, -7.783523305110789 ], [ 110.43379461404966, -7.783517476927623 ], [ 110.433889369508037, -7.783515097072715 ], [ 110.433873435115217, -7.783572576853858 ], [ 110.433871688428098, -7.78357887769929 ] ], [ [ 110.433295131211139, -7.784687773344804 ], [ 110.433299298900266, -7.784821588212121 ], [ 110.4334551503255, -7.784815379956041 ], [ 110.433459271579636, -7.784815300530603 ], [ 110.433463932581631, -7.784815373400934 ], [ 110.433468397689182, -7.784815562399256 ], [ 110.43347211536846, -7.784815796125376 ], [ 110.433476521299767, -7.784816163858013 ], [ 110.433516360421507, -7.784569500986616 ], [ 110.433526017502984, -7.784492144790554 ], [ 110.433526339246953, -7.784489814979228 ], [ 110.433526761714205, -7.78448702468364 ], [ 110.433527144082305, -7.784484704002447 ], [ 110.433527986931182, -7.784480543053605 ], [ 110.433529115239608, -7.784475576328521 ], [ 110.433530152904723, -7.784471459402213 ], [ 110.433776932955567, -7.7835812575492 ], [ 110.433565119121951, -7.783586577324925 ], [ 110.433330460045099, -7.783599587136536 ], [ 110.433304371125814, -7.783795073702627 ], [ 110.433295123928147, -7.783915650159252 ], [ 110.433295104376711, -7.783930205910882 ], [ 110.433294852344957, -7.783936824456971 ], [ 110.433294633963598, -7.783939739371384 ], [ 110.433294215178478, -7.783945317020338 ], [ 110.433285253445746, -7.784111825317882 ], [ 110.433295095718236, -7.784456568397781 ], [ 110.433295136172646, -7.784459405782663 ], [ 110.433295131211139, -7.784687773344804 ] ] ] ] } },
{ "type": "Feature", "properties": { "KETERANGAN": "Kosongan", "Fungsi": "Kosongan", "Guna_Lahan": "Sempadan Jalan" }, "geometry": { "type": "MultiPolygon", "coordinates": [ [ [ [ 110.443843052191937, -7.7835200243828 ], [ 110.443839218622401, -7.783575473819575 ], [ 110.443838671235781, -7.783583391272354 ], [ 110.44381006289143, -7.783997186480728 ], [ 110.443733076061818, -7.784383499038858 ], [ 110.443720208229308, -7.784448068509685 ], [ 110.443691095580917, -7.784450430058152 ], [ 110.443626221287261, -7.784455692498864 ], [ 110.442625052198181, -7.784536903551333 ], [ 110.442614425210664, -7.78453769047668 ], [ 110.442355276427975, -7.784556880285386 ], [ 110.442349035366689, -7.784557653965681 ], [ 110.442339857741544, -7.784559970147316 ], [ 110.442317502103577, -7.784567420079728 ], [ 110.442051667951404, -7.784585971515908 ], [ 110.441895056858527, -7.78459690065968 ], [ 110.440965306980473, -7.784676861093224 ], [ 110.440646019004035, -7.78469683138576 ], [ 110.440640316340634, -7.784697447007648 ], [ 110.440385163178519, -7.784736691409523 ], [ 110.440350062507775, -7.784736645092922 ], [ 110.440346447573816, -7.784736743043856 ], [ 110.440292565333451, -7.784739736521359 ], [ 110.439446498098178, -7.78478673965934 ], [ 110.439439087624606, -7.784787589064868 ], [ 110.43942990779702, -7.78478990591048 ], [ 110.4394053327742, -7.784798096240515 ], [ 110.439402700245665, -7.784798473613853 ], [ 110.439341541940152, -7.784807240660688 ], [ 110.439232851243148, -7.784820858574258 ], [ 110.439184248387576, -7.784826948041796 ], [ 110.439084336983257, -7.784832649767013 ], [ 110.438837053177224, -7.784846761610392 ], [ 110.438557721171634, -7.784856767069486 ], [ 110.438553449062127, -7.784857064240331 ], [ 110.438263260560191, -7.784887088222067 ], [ 110.438173408923845, -7.784896984352192 ], [ 110.438089974574552, -7.784905077630475 ], [ 110.437963598789537, -7.784917336271246 ], [ 110.437921219220499, -7.78492144714442 ], [ 110.437913012631597, -7.784922243193702 ], [ 110.437919216109165, -7.784858026164132 ], [ 110.437928594907163, -7.784760938867478 ], [ 110.437936097919504, -7.784683269255272 ], [ 110.437942863979302, -7.784605466905296 ], [ 110.437996080812113, -7.783993529610309 ], [ 110.43802607126679, -7.783714166028268 ], [ 110.438040729111862, -7.783596661047611 ], [ 110.438045225296378, -7.78356061722386 ], [ 110.438048627673325, -7.783533341997008 ], [ 110.438098895521321, -7.783533325924897 ], [ 110.438129985221124, -7.783533315981562 ], [ 110.438610018400567, -7.783533318412197 ], [ 110.43905998526651, -7.783533281449021 ], [ 110.439150012911696, -7.783533310054306 ], [ 110.439152681129428, -7.783533254955763 ], [ 110.439391350963774, -7.783523317680414 ], [ 110.439609966784644, -7.783523336833266 ], [ 110.439819964819264, -7.783523342852487 ], [ 110.440020012543329, -7.783523335637043 ], [ 110.440160008311878, -7.783523339525753 ], [ 110.440539943745122, -7.78352333039881 ], [ 110.440655852444877, -7.783523327546678 ], [ 110.441169155832284, -7.783523314535136 ], [ 110.441461892177927, -7.783530826487101 ], [ 110.441558358327271, -7.783533301875336 ], [ 110.441577730129382, -7.783533824610388 ], [ 110.441928261358285, -7.783543283306057 ], [ 110.441929932147275, -7.783543306439163 ], [ 110.442160018745099, -7.783543337695183 ], [ 110.442389993558734, -7.7835432782492 ], [ 110.442396005616018, -7.783542992132939 ], [ 110.442548471230836, -7.78352848699905 ], [ 110.44260301810769, -7.783523297554674 ], [ 110.442658118458596, -7.783523298755174 ], [ 110.44273921437798, -7.783523300509081 ], [ 110.443090696954471, -7.783531901939677 ], [ 110.443148466345178, -7.783533315635957 ], [ 110.443149940021939, -7.783533334632107 ], [ 110.443153389927318, -7.783533245610599 ], [ 110.443211430634108, -7.783530171826038 ], [ 110.44334186637083, -7.783523264035331 ], [ 110.443752091896371, -7.783520770803316 ], [ 110.443801282833334, -7.783520471808368 ], [ 110.443843052191937, -7.7835200243828 ] ], [ [ 110.443343743985025, -7.783586570380228 ], [ 110.443156756269204, -7.783596473111206 ], [ 110.44314985645741, -7.783596651154193 ], [ 110.443146909103461, -7.783596613161867 ], [ 110.442738434923001, -7.78358661706489 ], [ 110.44260603852068, -7.783586614191833 ], [ 110.442402034146724, -7.783606022583427 ], [ 110.442390010030365, -7.783606594815859 ], [ 110.442160022651294, -7.783606654260264 ], [ 110.441929885943765, -7.783606622975273 ], [ 110.44192654436533, -7.783606576708962 ], [ 110.44155668336451, -7.783596596408584 ], [ 110.441168340056606, -7.783586631112238 ], [ 110.440160008183014, -7.783586656070876 ], [ 110.440020013032921, -7.783586652180711 ], [ 110.439974438880682, -7.783586653832292 ], [ 110.439819965054994, -7.783586659393924 ], [ 110.439609963083967, -7.783586653372462 ], [ 110.439443955880989, -7.783586638837152 ], [ 110.439392672762381, -7.783586634333761 ], [ 110.439363555840529, -7.783587846654958 ], [ 110.439262776810423, -7.78359204270643 ], [ 110.439155329128823, -7.783596516388316 ], [ 110.439149992692634, -7.783596626585449 ], [ 110.439059977866634, -7.783596597983228 ], [ 110.438610020854654, -7.783596634940664 ], [ 110.43813512605864, -7.783596632533883 ], [ 110.438129995273854, -7.78359663250503 ], [ 110.438090996967318, -7.783596644976972 ], [ 110.438081434920704, -7.78367329944605 ], [ 110.438075623672248, -7.78371988549759 ], [ 110.438045732182147, -7.783998327519106 ], [ 110.437985771107535, -7.784687804116253 ], [ 110.437969802019268, -7.784853119263676 ], [ 110.438111558438408, -7.784839368669822 ], [ 110.438166851332539, -7.784834005159675 ], [ 110.438256500742867, -7.784824132002454 ], [ 110.438546898374042, -7.784794085681827 ], [ 110.438555442591735, -7.784793491340197 ], [ 110.438834100199458, -7.784783510034732 ], [ 110.439101906835063, -7.784768226996955 ], [ 110.4391784718173, -7.784763857598421 ], [ 110.439333068634681, -7.784744488090554 ], [ 110.439338701661129, -7.784743680596185 ], [ 110.439390637794162, -7.784736235547559 ], [ 110.439409786700466, -7.784729853625984 ], [ 110.439421012505392, -7.784727020407474 ], [ 110.439428146353023, -7.784725219935154 ], [ 110.439442967297921, -7.784723521124206 ], [ 110.440276600792458, -7.784677208744106 ], [ 110.440342916638016, -7.784673524506506 ], [ 110.440350146504898, -7.784673328604574 ], [ 110.440380338414755, -7.78467336844376 ], [ 110.440630640130351, -7.784634870225224 ], [ 110.440642045455476, -7.784633638981503 ], [ 110.440960592326434, -7.78461371503923 ], [ 110.441890114226695, -7.784533778359371 ], [ 110.442066142878488, -7.784521492357677 ], [ 110.442305029112902, -7.784504819063168 ], [ 110.442319738415364, -7.784499917243121 ], [ 110.442338093663025, -7.784495284880251 ], [ 110.44235057578382, -7.784493737519776 ], [ 110.442620128609491, -7.784473777291769 ], [ 110.442639509490377, -7.78447220521058 ], [ 110.44363908913428, -7.784391123031977 ], [ 110.443719982086591, -7.783985210382115 ], [ 110.443727727686039, -7.783873177381047 ], [ 110.443747712503693, -7.783584114879897 ], [ 110.443343743985025, -7.783586570380228 ] ] ] ] } },
{ "type": "Feature", "properties": { "KETERANGAN": "Kosongan", "Fungsi": "Kosongan", "Guna_Lahan": "Sempadan Jalan" }, "geometry": { "type": "MultiPolygon", "coordinates": [ [ [ [ 110.435191373212405, -7.783566638079159 ], [ 110.435191127129244, -7.783568607447079 ], [ 110.435124033744984, -7.784105559852697 ], [ 110.435123755319992, -7.78410998579066 ], [ 110.435123688358729, -7.784160018235734 ], [ 110.435123722617348, -7.78418999703438 ], [ 110.435123691923522, -7.784659641000404 ], [ 110.435115989668958, -7.785093358401804 ], [ 110.435115396402495, -7.785126765390637 ], [ 110.435114865255272, -7.785156674413496 ], [ 110.435064979319918, -7.78515665309168 ], [ 110.435050061485683, -7.785156646714452 ], [ 110.435039980486323, -7.785157445707063 ], [ 110.43479205766721, -7.785197103479374 ], [ 110.434245577420825, -7.785246787700788 ], [ 110.433837693332762, -7.785266755742322 ], [ 110.433428420909479, -7.785276679716294 ], [ 110.433423413998796, -7.78527699889793 ], [ 110.433264666037175, -7.785293421226287 ], [ 110.433137592583293, -7.785306566812299 ], [ 110.433142113645104, -7.785303776425918 ], [ 110.433148488923251, -7.785298326526121 ], [ 110.433168483764362, -7.785278366939513 ], [ 110.43317086497747, -7.785275572904319 ], [ 110.433174146197899, -7.785271723458083 ], [ 110.433178668791072, -7.785264261326172 ], [ 110.43318193480269, -7.785256173162994 ], [ 110.43318385992761, -7.785247667747393 ], [ 110.433185244466344, -7.785237981130598 ], [ 110.433203865456875, -7.785107703463377 ], [ 110.43320407988891, -7.785106013893156 ], [ 110.433211596130747, -7.785038276035169 ], [ 110.433230066777654, -7.785023504070154 ], [ 110.433458828076326, -7.785014377340237 ], [ 110.433575491948119, -7.785024114454374 ], [ 110.433582848678583, -7.785024230640286 ], [ 110.433590153876651, -7.785023355971103 ], [ 110.43359727398871, -7.785021506437613 ], [ 110.433627276155519, -7.785011509027284 ], [ 110.433635087044664, -7.78500821114084 ], [ 110.433642289189393, -7.785003742744397 ], [ 110.43364870760324, -7.784998212403991 ], [ 110.433654186341741, -7.78499175448727 ], [ 110.433658592291152, -7.784984525898429 ], [ 110.433661818402697, -7.78497670226637 ], [ 110.433663786293465, -7.784968473677442 ], [ 110.433664448150793, -7.784960040056886 ], [ 110.43366438415741, -7.784904298415463 ], [ 110.43371376025722, -7.784598586772049 ], [ 110.433714035853384, -7.784596661254703 ], [ 110.433723522983271, -7.784520666141723 ], [ 110.433813631409308, -7.784195620861811 ], [ 110.433946026348508, -7.78371803569825 ], [ 110.433976540518728, -7.783607962464415 ], [ 110.433985225564243, -7.783576633038814 ], [ 110.433985591739486, -7.783575312219075 ], [ 110.433999199179809, -7.783526226227552 ], [ 110.434002465163587, -7.783514444891752 ], [ 110.434002762088795, -7.783513318866335 ], [ 110.434017918018043, -7.783513320406091 ], [ 110.434098315372069, -7.783513328565134 ], [ 110.434120548252523, -7.783513330818715 ], [ 110.434690579782682, -7.783503333625009 ], [ 110.434860002913283, -7.783503288924003 ], [ 110.435149018148351, -7.7835033174272 ], [ 110.435199284636184, -7.783503322364488 ], [ 110.435191373212405, -7.783566638079159 ] ], [ [ 110.433742469578632, -7.785018929202304 ], [ 110.433736582252934, -7.785030683900973 ], [ 110.433731684164698, -7.78503873960384 ], [ 110.433723502633981, -7.78505008427168 ], [ 110.433717943040364, -7.785056637762948 ], [ 110.43370799848006, -7.785066658477015 ], [ 110.433701036424765, -7.785072649839099 ], [ 110.433690194948227, -7.7850805465373 ], [ 110.433682992802602, -7.785085014934479 ], [ 110.433680328597148, -7.785086605444671 ], [ 110.433670443745697, -7.785091506595537 ], [ 110.433662632855174, -7.785094804482545 ], [ 110.433658181022977, -7.785096547547167 ], [ 110.433656016268827, -7.785097299353673 ], [ 110.433626014096291, -7.785107296765623 ], [ 110.433620132966482, -7.78510903830519 ], [ 110.433613012852987, -7.785110887838989 ], [ 110.433605783023353, -7.785112454854271 ], [ 110.433600964193317, -7.785113163213852 ], [ 110.433593658993701, -7.785114037883073 ], [ 110.433582069962853, -7.785114677030509 ], [ 110.433574055967654, -7.785114555215726 ], [ 110.433567928642603, -7.785114251477475 ], [ 110.43345685144628, -7.785104980642918 ], [ 110.433294724002423, -7.785111448936563 ], [ 110.433294139304266, -7.785116667746776 ], [ 110.433293746179501, -7.785119765292312 ], [ 110.433278228486415, -7.785228362043472 ], [ 110.433416864080343, -7.785214020315877 ], [ 110.433426877900203, -7.78521338195266 ], [ 110.433835365209561, -7.785203477011928 ], [ 110.434241137530933, -7.785183612348151 ], [ 110.434784139887569, -7.785134244319794 ], [ 110.435029926702413, -7.785094928219785 ], [ 110.435050088698148, -7.78509333023458 ], [ 110.4350661033628, -7.785093337080469 ], [ 110.43507381055008, -7.784659198743944 ], [ 110.435073841268704, -7.784190023811284 ], [ 110.435073807057009, -7.78415998261818 ], [ 110.43507387402714, -7.784109919356054 ], [ 110.435074535287754, -7.784099407753493 ], [ 110.435140804367435, -7.783569052816257 ], [ 110.435141106717083, -7.783566633140599 ], [ 110.434860008061449, -7.78356660541324 ], [ 110.434691146614355, -7.783566649964359 ], [ 110.434121102335567, -7.783576642400737 ], [ 110.434079315917771, -7.783576639526268 ], [ 110.43407905196581, -7.78357759167887 ], [ 110.433905668431038, -7.784203043216198 ], [ 110.43381270276879, -7.784538400077391 ], [ 110.433803926766373, -7.784608640160672 ], [ 110.433803421507491, -7.78461217027594 ], [ 110.433755085959234, -7.784911485412888 ], [ 110.433755141582282, -7.784960048819555 ], [ 110.433754865124328, -7.784967098105959 ], [ 110.433754203268776, -7.784975531726803 ], [ 110.43375308079554, -7.784984299767332 ], [ 110.433752005124731, -7.784989459291086 ], [ 110.433750037235555, -7.784997687880535 ], [ 110.433747000817277, -7.785007752478388 ], [ 110.433745695688984, -7.785011105569529 ], [ 110.433742469578632, -7.785018929202304 ] ] ] ] } },
{ "type": "Feature", "properties": { "KETERANGAN": "Kosongan", "Fungsi": "Kosongan", "Guna_Lahan": "Sempadan Jalan" }, "geometry": { "type": "MultiPolygon", "coordinates": [ [ [ [ 110.437008707080679, -7.783533264972925 ], [ 110.437009952784891, -7.783533278182468 ], [ 110.437097978102102, -7.783533306520092 ], [ 110.437226072001806, -7.783541294622122 ], [ 110.437256034381946, -7.783543163109513 ], [ 110.437259950138724, -7.783543286492578 ], [ 110.437560022880788, -7.783543322650474 ], [ 110.437561410199962, -7.7835433076973 ], [ 110.437924990007915, -7.783535425284072 ], [ 110.43797539091905, -7.783534332567254 ], [ 110.437972289039848, -7.783559201009822 ], [ 110.437967470081503, -7.783597835775502 ], [ 110.437953997682598, -7.783705847092816 ], [ 110.437923864304196, -7.783986551175301 ], [ 110.437871029200352, -7.784594068798564 ], [ 110.437866702251085, -7.784643821555564 ], [ 110.437860002633741, -7.784643827842429 ], [ 110.437856017198541, -7.784644050610217 ], [ 110.437816229029593, -7.784648474729238 ], [ 110.437812199702236, -7.784648922757259 ], [ 110.43767799403399, -7.784663845300313 ], [ 110.437515039528165, -7.784663792980298 ], [ 110.437497900351119, -7.784646682324791 ], [ 110.43742979038862, -7.784549277042696 ], [ 110.437425935203066, -7.7845446402424 ], [ 110.43742136211462, -7.784540705602731 ], [ 110.43741619787663, -7.784537582180987 ], [ 110.437410585627532, -7.784535356549747 ], [ 110.43740468092335, -7.784534090397445 ], [ 110.437124483486855, -7.784497998730994 ], [ 110.437116227775462, -7.784357891594132 ], [ 110.437115418319976, -7.784352129342406 ], [ 110.437113693195585, -7.784346571011691 ], [ 110.437111097018146, -7.784341360353658 ], [ 110.437107696931037, -7.78433663212832 ], [ 110.437103580868637, -7.784332508618881 ], [ 110.437098855282144, -7.784329096469172 ], [ 110.4370936423865, -7.784326483925368 ], [ 110.437088076999544, -7.784324738554199 ], [ 110.436868053339794, -7.784274707702596 ], [ 110.43686661330689, -7.784274410741795 ], [ 110.436326515138319, -7.78417437173749 ], [ 110.436324226156344, -7.784174031469333 ], [ 110.435894207368293, -7.784124082804072 ], [ 110.435891672160437, -7.78412387785788 ], [ 110.435671669692297, -7.784113818169767 ], [ 110.435669672926863, -7.784113783772733 ], [ 110.435196292450442, -7.78412313805029 ], [ 110.435196306954481, -7.784112303906223 ], [ 110.435264323888873, -7.783567959634118 ], [ 110.435264488115507, -7.783566645251983 ], [ 110.435272399528387, -7.78350332953536 ], [ 110.435300031120775, -7.783503332242071 ], [ 110.435357900282611, -7.783503322032277 ], [ 110.43540988245006, -7.783503312854395 ], [ 110.435539367625097, -7.78350328996501 ], [ 110.43566902479526, -7.783505935218537 ], [ 110.436969279546702, -7.783532460704715 ], [ 110.437008707080679, -7.783533264972925 ] ], [ [ 110.435314646637124, -7.783567514257984 ], [ 110.43525157435937, -7.784072286758332 ], [ 110.435669211911573, -7.784064040005372 ], [ 110.435673954228946, -7.784064121698221 ], [ 110.43589395667135, -7.784074181383357 ], [ 110.435899977789376, -7.784074668130331 ], [ 110.436329996528613, -7.784124616786299 ], [ 110.436335432860133, -7.784125424923046 ], [ 110.436875721436365, -7.784225498428734 ], [ 110.436879141514098, -7.784226203710606 ], [ 110.437099165150698, -7.784276234554888 ], [ 110.437112382943383, -7.784280379810895 ], [ 110.437124763569727, -7.78428658460165 ], [ 110.437135986837262, -7.784294688456511 ], [ 110.437145762485585, -7.78430448179058 ], [ 110.437153837693089, -7.784315711324953 ], [ 110.437160003615588, -7.784328086637217 ], [ 110.437164100787427, -7.784341287672293 ], [ 110.437166023245808, -7.784354973020029 ], [ 110.437171854735851, -7.784453938659596 ], [ 110.437411070104091, -7.784484751494659 ], [ 110.437425093775033, -7.784487758606019 ], [ 110.437438422865512, -7.784493044479515 ], [ 110.437450687930024, -7.784500462605361 ], [ 110.437461549014998, -7.784509807373723 ], [ 110.437470705081139, -7.784520819773594 ], [ 110.437535896365034, -7.784614050988248 ], [ 110.437675230028205, -7.784614095720166 ], [ 110.437817317340546, -7.78459829680096 ], [ 110.437820625322558, -7.78459792898048 ], [ 110.437840786060192, -7.784366133566306 ], [ 110.437874217975633, -7.783981753738096 ], [ 110.437904448909677, -7.783700128027708 ], [ 110.437906236704634, -7.783685793127336 ], [ 110.4379170701352, -7.783598928469779 ], [ 110.437868660594162, -7.783599978005479 ], [ 110.437562789876466, -7.783606609260977 ], [ 110.437560015237707, -7.783606639167299 ], [ 110.437259904070402, -7.783606602978396 ], [ 110.437252072555722, -7.783606356212111 ], [ 110.437161587009911, -7.783600713425371 ], [ 110.437156660562692, -7.783603087315221 ], [ 110.437148283761175, -7.78360633445318 ], [ 110.437146334067862, -7.783607064635282 ], [ 110.437133922008087, -7.783610578011926 ], [ 110.437125123569018, -7.783612405751814 ], [ 110.43712225999522, -7.783612952869695 ], [ 110.437110257362576, -7.783614233850439 ], [ 110.437101277284739, -7.783614592336278 ], [ 110.437097529377866, -7.78361466462696 ], [ 110.43708631213687, -7.783613955109012 ], [ 110.43707739537362, -7.783612834562187 ], [ 110.437072865741825, -7.783612149009922 ], [ 110.437062739494905, -7.783609749390976 ], [ 110.437054129272525, -7.783607180377212 ], [ 110.437048990774656, -7.783605478972937 ], [ 110.437040182437599, -7.783601731417587 ], [ 110.437032113620688, -7.78359778401296 ], [ 110.437029892569214, -7.783596601105872 ], [ 110.437009900298278, -7.783596594664211 ], [ 110.437007408889443, -7.783596568245032 ], [ 110.435607164881048, -7.783568002905966 ], [ 110.435596369589831, -7.783573195392424 ], [ 110.43558671539266, -7.783576883073517 ], [ 110.435572317953984, -7.783580931956379 ], [ 110.435562168359667, -7.783582891635497 ], [ 110.435547284695261, -7.783584385562979 ], [ 110.435536948094267, -7.783584557696248 ], [ 110.435522030436999, -7.783583451276188 ], [ 110.435511820902065, -7.783581830633515 ], [ 110.435497322517818, -7.783578157484039 ], [ 110.435487550260831, -7.783574793307843 ], [ 110.435473911676141, -7.783568665035778 ], [ 110.435470216736178, -7.783566618689491 ], [ 110.43541472298071, -7.783566628522651 ], [ 110.435314755116394, -7.783566646138215 ], [ 110.435314646637124, -7.783567514257984 ] ] ] ] } },
{ "type": "Feature", "properties": { "KETERANGAN": "Kosongan", "Fungsi": "Kosongan", "Guna_Lahan": "Sempadan Jalan" }, "geometry": { "type": "MultiPolygon", "coordinates": [ [ [ [ 110.433224703787232, -7.7823945204444 ], [ 110.43409892261738, -7.782597635968593 ], [ 110.434044549106019, -7.782842195514071 ], [ 110.434044194935893, -7.782844014167537 ], [ 110.434037958310455, -7.782883005424933 ], [ 110.434037036520564, -7.782888768436117 ], [ 110.434036611184936, -7.782888693284628 ], [ 110.43348455828135, -7.782791152053123 ], [ 110.433136912363267, -7.782669880239768 ], [ 110.433224703787232, -7.7823945204444 ] ], [ [ 110.433497225250221, -7.782742866844423 ], [ 110.433995890205622, -7.78283120389227 ], [ 110.434039540432892, -7.782634919944219 ], [ 110.433258273454456, -7.782453400791648 ], [ 110.43319913730997, -7.782638882716962 ], [ 110.433497225250221, -7.782742866844423 ] ] ] ] } },
{ "type": "Feature", "properties": { "KETERANGAN": "Kosongan", "Fungsi": "Kosongan", "Guna_Lahan": "Sempadan Jalan" }, "geometry": { "type": "MultiPolygon", "coordinates": [ [ [ [ 110.431807995821231, -7.782096813490808 ], [ 110.43209197836768, -7.782166467790971 ], [ 110.432095785142849, -7.782167483015423 ], [ 110.432098095233144, -7.782168063702107 ], [ 110.432411340327292, -7.782245110295458 ], [ 110.432413673554024, -7.782245603250084 ], [ 110.432414490146613, -7.782245738415484 ], [ 110.432931619566219, -7.782325166199414 ], [ 110.432933684090102, -7.782325632193152 ], [ 110.43293449906885, -7.782325758860436 ], [ 110.433141632712378, -7.782375219423693 ], [ 110.433153820488911, -7.782378051420321 ], [ 110.433057086335097, -7.78268146010615 ], [ 110.433055721887015, -7.782687472278824 ], [ 110.433055400600566, -7.782693628201644 ], [ 110.433056131802672, -7.78269974916903 ], [ 110.433057894266696, -7.782705657490576 ], [ 110.433060636828671, -7.782711181648613 ], [ 110.433064279872553, -7.782716161277881 ], [ 110.433068717641405, -7.782720451820506 ], [ 110.43307382130763, -7.78272392872287 ], [ 110.433079442712611, -7.782726491051021 ], [ 110.433463368887402, -7.782860420651911 ], [ 110.433469008128739, -7.782861892978587 ], [ 110.433476833321208, -7.782863275603153 ], [ 110.434021830985998, -7.782959570264979 ], [ 110.434025609647293, -7.782960237907312 ], [ 110.433970339385212, -7.783305926042183 ], [ 110.433967551515181, -7.783323362770569 ], [ 110.433964835743893, -7.783340348555797 ], [ 110.433947229399266, -7.783384355212719 ], [ 110.433946172361416, -7.783386997310647 ], [ 110.433891921619391, -7.783388359870462 ], [ 110.433828180651133, -7.783389960777664 ], [ 110.43355839791495, -7.783396736487902 ], [ 110.433556472430752, -7.783396814025409 ], [ 110.433326636072337, -7.783409556468964 ], [ 110.433198254075663, -7.783416674088604 ], [ 110.433149988608065, -7.783416696854348 ], [ 110.433069764779702, -7.783416693307108 ], [ 110.433010329324901, -7.783416690669323 ], [ 110.432020271220495, -7.783406685732728 ], [ 110.431711636629316, -7.783406648681713 ], [ 110.431661563528124, -7.783406642649371 ], [ 110.431663836290554, -7.78338086034911 ], [ 110.431667144938899, -7.783343326913267 ], [ 110.431701381872784, -7.78295494123881 ], [ 110.431735096517713, -7.78257247944132 ], [ 110.432631026835168, -7.782636308655353 ], [ 110.432637017942312, -7.782636240759578 ], [ 110.432642916133531, -7.782635190305117 ], [ 110.432648560521471, -7.782633185945575 ], [ 110.43265379714191, -7.782630282354734 ], [ 110.432658483153503, -7.78262655873494 ], [ 110.432662490734018, -7.78262211665692 ], [ 110.432665710567122, -7.782617077288888 ], [ 110.432668054824148, -7.782611578091858 ], [ 110.432669459559989, -7.782605769069449 ], [ 110.432669886457035, -7.782599808676777 ], [ 110.432669323870783, -7.782593859497711 ], [ 110.432667787147096, -7.782588083810412 ], [ 110.432665318203846, -7.782582639160582 ], [ 110.432661984387423, -7.782577674064017 ], [ 110.432657876635631, -7.782573323955623 ], [ 110.432653106997265, -7.782569707494967 ], [ 110.432647805575613, -7.782566923329702 ], [ 110.432642116979594, -7.78256504740453 ], [ 110.432636196379264, -7.782564130889792 ], [ 110.431743991984717, -7.782500567138398 ], [ 110.431807995821231, -7.782096813490808 ] ], [ [ 110.432715414250325, -7.782627195776391 ], [ 110.43270984664089, -7.782640256370139 ], [ 110.432702199537886, -7.782652224869921 ], [ 110.43269268153422, -7.782662774806096 ], [ 110.432681552256227, -7.782671618403867 ], [ 110.432669115281698, -7.782678514432738 ], [ 110.432655709858949, -7.782683274787018 ], [ 110.432641701653225, -7.782685769616581 ], [ 110.432627472772054, -7.782685930868928 ], [ 110.431780488386082, -7.782625588776443 ], [ 110.431751232546915, -7.782957469889926 ], [ 110.43171721801977, -7.783343333090091 ], [ 110.432020516580579, -7.783343370377652 ], [ 110.433010652379124, -7.783353374214745 ], [ 110.433130074063556, -7.783353379504975 ], [ 110.433137516994307, -7.783349528687578 ], [ 110.433148375134436, -7.783344781544565 ], [ 110.433152131076284, -7.783343515734076 ], [ 110.433161181434741, -7.783340683879986 ], [ 110.433172701144514, -7.783337889341039 ], [ 110.433176620416646, -7.78333729323978 ], [ 110.433186026336401, -7.783336071808654 ], [ 110.433197857595474, -7.783335314784364 ], [ 110.433201821112633, -7.783335406504547 ], [ 110.433211296799925, -7.783335832608966 ], [ 110.433223080122076, -7.783337136101084 ], [ 110.433226967455226, -7.783337912856022 ], [ 110.433236224996335, -7.783339973548976 ], [ 110.433247602351344, -7.783343297951666 ], [ 110.433251295385588, -7.783344736139849 ], [ 110.433260053495061, -7.78334836880834 ], [ 110.433262721745422, -7.783349685721373 ], [ 110.433552948766035, -7.783333595154136 ], [ 110.433556799733907, -7.783333440079122 ], [ 110.43388682580499, -7.783325151304362 ], [ 110.433887270235829, -7.783324904251592 ], [ 110.433895180009472, -7.783320648710564 ], [ 110.433908119395582, -7.783314942056868 ], [ 110.433917409399143, -7.783311767057361 ], [ 110.43391895678414, -7.783311374780912 ], [ 110.433968630008636, -7.783000693627142 ], [ 110.433460293638475, -7.782910876542666 ], [ 110.433457372363378, -7.782910113838755 ], [ 110.433446900438966, -7.782907379766189 ], [ 110.433062646893617, -7.782773333401298 ], [ 110.433049296055714, -7.782767247871166 ], [ 110.433037174847982, -7.78275899022726 ], [ 110.433026635147002, -7.782748800187612 ], [ 110.433017982918457, -7.782736973567383 ], [ 110.433011469334915, -7.78272385369137 ], [ 110.433007283484329, -7.782709821427432 ], [ 110.433005546881063, -7.782695284129628 ], [ 110.433006309938079, -7.7826806638133 ], [ 110.433009550503769, -7.78266638490356 ], [ 110.433089996348812, -7.782414064960054 ], [ 110.432926884140144, -7.782374949316746 ], [ 110.432924948989239, -7.782374646262741 ], [ 110.432920045952471, -7.78237353868434 ], [ 110.432406885311423, -7.782294905493194 ], [ 110.432404945903826, -7.782294584475352 ], [ 110.432399404489843, -7.782293413708002 ], [ 110.432089358950734, -7.782217079715235 ], [ 110.432083872485649, -7.782215700584275 ], [ 110.432074830510317, -7.782213293000819 ], [ 110.431848784977291, -7.782158076256215 ], [ 110.431801746749926, -7.782454806432344 ], [ 110.432639750439293, -7.782514508675715 ], [ 110.432653811863517, -7.782516685397844 ], [ 110.432667322277766, -7.78252114071954 ], [ 110.432679913153365, -7.78252775311136 ], [ 110.432691241044168, -7.782536342204555 ], [ 110.432700996954864, -7.782546673711192 ], [ 110.43270891476962, -7.782558465814803 ], [ 110.432714778511013, -7.782571396857597 ], [ 110.432718428231269, -7.782585114114619 ], [ 110.432719764375335, -7.782599243414855 ], [ 110.432718750496434, -7.782613399347753 ], [ 110.432715414250325, -7.782627195776391 ] ] ] ] } },
{ "type": "Feature", "properties": { "KETERANGAN": "Kosongan", "Fungsi": "Kosongan", "Guna_Lahan": "Sempadan Jalan" }, "geometry": { "type": "MultiPolygon", "coordinates": [ [ [ [ 110.431324910468504, -7.781995821894109 ], [ 110.43173692426592, -7.782081775107025 ], [ 110.431672153551105, -7.782490366002544 ], [ 110.431118697172295, -7.78239168771966 ], [ 110.43117116456061, -7.781974081337856 ], [ 110.431322590934386, -7.781995421138324 ], [ 110.431323657434135, -7.781995644355233 ], [ 110.431324910468504, -7.781995821894109 ] ], [ [ 110.431174077224, -7.782351024378818 ], [ 110.431630832062851, -7.782432461297366 ], [ 110.431680239714325, -7.782120784914855 ], [ 110.431317902526004, -7.782045065396179 ], [ 110.431314926665252, -7.782044643202666 ], [ 110.431312393209069, -7.782044115763329 ], [ 110.431214355153813, -7.782030437887918 ], [ 110.431174077224, -7.782351024378818 ] ] ] ] } },
{ "type": "Feature", "properties": { "KETERANGAN": "Kosongan", "Fungsi": "Kosongan", "Guna_Lahan": "Sempadan Jalan" }, "geometry": { "type": "MultiPolygon", "coordinates": [ [ [ [ 110.430841564245554, -7.781927321826173 ], [ 110.431099319849409, -7.781963917850613 ], [ 110.431046509643622, -7.78238425227133 ], [ 110.430593554145432, -7.782344864840399 ], [ 110.43061335490016, -7.782137241211217 ], [ 110.430636136991509, -7.781898355999271 ], [ 110.430641116485347, -7.781898862232005 ], [ 110.430841564245554, -7.781927321826173 ] ], [ [ 110.430647992388757, -7.782299661257392 ], [ 110.431002988016871, -7.782330530435591 ], [ 110.431043723945422, -7.782006299601875 ], [ 110.430834138404876, -7.781976650646867 ], [ 110.430681008480974, -7.781954988101067 ], [ 110.430663288454824, -7.782139977303618 ], [ 110.430647992388757, -7.782299661257392 ] ] ] ] } },
{ "type": "Feature", "properties": { "KETERANGAN": "Kosongan", "Fungsi": "Kosongan", "Guna_Lahan": "Sempadan Jalan" }, "geometry": { "type": "MultiPolygon", "coordinates": [ [ [ [ 110.43333303133609, -7.780687532510336 ], [ 110.434160291747745, -7.78084918064413 ], [ 110.434446724792593, -7.780905149763289 ], [ 110.434453698543052, -7.780906512434099 ], [ 110.434444426912506, -7.780952833653346 ], [ 110.43422444857751, -7.782012613939291 ], [ 110.434184535671264, -7.782202406831288 ], [ 110.434163296279237, -7.78229800966731 ], [ 110.434117252689504, -7.782505261128438 ], [ 110.434112534363763, -7.782526499246163 ], [ 110.43355418966803, -7.782396886997687 ], [ 110.433212762966122, -7.78231762920512 ], [ 110.433208504985444, -7.782316517272656 ], [ 110.433206640659478, -7.782316059151358 ], [ 110.43315829303144, -7.782304791309886 ], [ 110.432983236329932, -7.782263080388256 ], [ 110.43310534661039, -7.781718031632886 ], [ 110.433165346293038, -7.781458137965862 ], [ 110.433165746385455, -7.781456148873999 ], [ 110.43318558775313, -7.781337005460317 ], [ 110.43333303133609, -7.780687532510336 ] ], [ [ 110.433229914221158, -7.782270783122351 ], [ 110.434074742411738, -7.78246663798877 ], [ 110.434135774686084, -7.782191919507562 ], [ 110.434170712567251, -7.78202578383599 ], [ 110.434175616377061, -7.782002465359023 ], [ 110.434394962811965, -7.780945729939696 ], [ 110.434285653062702, -7.780924370787379 ], [ 110.433370982662538, -7.780745642789449 ], [ 110.433234557310428, -7.781346581851781 ], [ 110.433214905654978, -7.781464576414891 ], [ 110.433213955436017, -7.781469300508335 ], [ 110.433153992021275, -7.781729037205219 ], [ 110.433042635760273, -7.782226084875502 ], [ 110.433169747039301, -7.782256371788091 ], [ 110.433215373516163, -7.782267055222052 ], [ 110.43321980128988, -7.782268143259994 ], [ 110.433229914221158, -7.782270783122351 ] ] ] ] } },
{ "type": "Feature", "properties": { "KETERANGAN": "Kosongan", "Fungsi": "Kosongan", "Guna_Lahan": "Sempadan Jalan" }, "geometry": { "type": "MultiPolygon", "coordinates": [ [ [ [ 110.431646351920392, -7.780357953006011 ], [ 110.432408390306861, -7.780506856360261 ], [ 110.432076637281185, -7.782088316484241 ], [ 110.43181866583393, -7.782024909348467 ], [ 110.431817405419764, -7.78202462320576 ], [ 110.431790628413182, -7.782019299232088 ], [ 110.431785559333719, -7.782018026396214 ], [ 110.431784497939077, -7.782017776281249 ], [ 110.431388068853622, -7.781935147545131 ], [ 110.431371872301384, -7.78193177164751 ], [ 110.431374809161511, -7.781915258006507 ], [ 110.431406601359654, -7.781736493874985 ], [ 110.431445767706606, -7.781516265435457 ], [ 110.431456838619042, -7.781452334510973 ], [ 110.431646351920392, -7.780357953006011 ] ], [ [ 110.431830601690507, -7.78197660594696 ], [ 110.432038396325993, -7.782027680070791 ], [ 110.432349220331091, -7.780545988973607 ], [ 110.431686823126014, -7.780416555638396 ], [ 110.431505678494531, -7.781462609706122 ], [ 110.431494901548191, -7.781524843026162 ], [ 110.431456005682534, -7.781743551656214 ], [ 110.431429436993184, -7.781892945307432 ], [ 110.431793227207137, -7.781968787651769 ], [ 110.43179574800682, -7.78196938173359 ], [ 110.431807787069374, -7.78197240471829 ], [ 110.431827608207229, -7.781975926358198 ], [ 110.431830601690507, -7.78197660594696 ] ] ] ] } },
{ "type": "Feature", "properties": { "KETERANGAN": "Kosongan", "Fungsi": "Kosongan", "Guna_Lahan": "Sempadan Jalan" }, "geometry": { "type": "MultiPolygon", "coordinates": [ [ [ [ 110.439659287021527, -7.780335018091087 ], [ 110.44011133964996, -7.780449913716805 ], [ 110.440113951443365, -7.780450476260079 ], [ 110.440116206659667, -7.780450803419207 ], [ 110.440267540392171, -7.780467935540663 ], [ 110.440271336139574, -7.780468165189719 ], [ 110.440609050921168, -7.780470910845806 ], [ 110.44062814159922, -7.780472442820607 ], [ 110.440983365049149, -7.780532768929953 ], [ 110.440933333940549, -7.780894104455419 ], [ 110.440933232412419, -7.780894903199866 ], [ 110.440907570099853, -7.781116532103819 ], [ 110.44085539004503, -7.781254922654993 ], [ 110.440804403357774, -7.781345308134079 ], [ 110.440802979699768, -7.78134810996097 ], [ 110.440624520101863, -7.781740721011623 ], [ 110.440623487655515, -7.78174324030645 ], [ 110.440623209376241, -7.781744027785039 ], [ 110.440601140452358, -7.781808855238667 ], [ 110.439682616903426, -7.781745345970509 ], [ 110.43969173117047, -7.781542327899498 ], [ 110.439699077671662, -7.781378686123958 ], [ 110.439698866335974, -7.781372847395083 ], [ 110.439697715489231, -7.781367118717177 ], [ 110.439695655141122, -7.781361649472217 ], [ 110.439692739017687, -7.781356582277098 ], [ 110.439689043160243, -7.781352049264965 ], [ 110.439661863101065, -7.781323729627574 ], [ 110.439496303580199, -7.781151228578775 ], [ 110.439637368763812, -7.780426547152353 ], [ 110.439655378956374, -7.78033402479828 ], [ 110.439659287021527, -7.780335018091087 ] ], [ [ 110.439734625303345, -7.781699073903111 ], [ 110.440566260102472, -7.781756575424903 ], [ 110.440575976432427, -7.781728033716367 ], [ 110.440576637345913, -7.781726163454777 ], [ 110.440579089406441, -7.781720180129859 ], [ 110.440757549035197, -7.781327569100328 ], [ 110.440760930223391, -7.781320914761866 ], [ 110.440810044909966, -7.781233847844904 ], [ 110.440858722084343, -7.781104747577194 ], [ 110.440883680727808, -7.780889196023979 ], [ 110.440883921857321, -7.780887299005857 ], [ 110.440927340652706, -7.780573719349348 ], [ 110.440615208816283, -7.780520711285356 ], [ 110.440270929517752, -7.78051791225882 ], [ 110.440261914616684, -7.780517366842232 ], [ 110.440110580866971, -7.780500234717564 ], [ 110.44010522472766, -7.780499457714537 ], [ 110.440099021717614, -7.780498121674055 ], [ 110.439694273438008, -7.780395249144639 ], [ 110.439550191149181, -7.781135430648776 ], [ 110.43972507682993, -7.781317648835423 ], [ 110.43973385449172, -7.781328414738511 ], [ 110.439740780285831, -7.781340449326261 ], [ 110.439745673613928, -7.781353438782642 ], [ 110.439748406876532, -7.781367044392483 ], [ 110.439748908800425, -7.781380911373528 ], [ 110.439734625303345, -7.781699073903111 ] ] ] ] } },
{ "type": "Feature", "properties": { "KETERANGAN": "Kosongan", "Fungsi": "Kosongan", "Guna_Lahan": "Sempadan Jalan" }, "geometry": { "type": "MultiPolygon", "coordinates": [ [ [ [ 110.44129905492079, -7.779774343375474 ], [ 110.441516164847926, -7.779826916611547 ], [ 110.441853679488545, -7.779908645636175 ], [ 110.442038581102324, -7.77998179940387 ], [ 110.442263481610865, -7.780070778079965 ], [ 110.442267589932669, -7.780072126829433 ], [ 110.442271830001573, -7.780072978340119 ], [ 110.44292051766692, -7.780163524998551 ], [ 110.442921639116676, -7.780163681534529 ], [ 110.442916558694577, -7.780209755740484 ], [ 110.442861268411718, -7.780711180896329 ], [ 110.442799602210087, -7.781086643541636 ], [ 110.442799264884243, -7.781089319014638 ], [ 110.442756044816264, -7.781578913802274 ], [ 110.442747645418606, -7.781674061575162 ], [ 110.442713865195969, -7.782056720894493 ], [ 110.4426839346892, -7.782376387983871 ], [ 110.442653902212982, -7.78265617360598 ], [ 110.442600558306324, -7.783151762581053 ], [ 110.442589811755226, -7.783251602702237 ], [ 110.442583944106048, -7.783306115681288 ], [ 110.442583862280642, -7.783306971581884 ], [ 110.442581558838768, -7.783334527159176 ], [ 110.442577697585918, -7.783380718504279 ], [ 110.442576199392661, -7.783398641034494 ], [ 110.442525743760228, -7.783403441248353 ], [ 110.442386947778516, -7.783416645894905 ], [ 110.44216001093406, -7.783416704562091 ], [ 110.441930841330105, -7.783416673455347 ], [ 110.441606851175592, -7.783407930981825 ], [ 110.441561708246454, -7.7834067128361 ], [ 110.441556955918202, -7.783406590888328 ], [ 110.441556878771664, -7.78339861372721 ], [ 110.44155634325395, -7.783343237680044 ], [ 110.441555473667691, -7.783253317258692 ], [ 110.441552290691689, -7.782924179369062 ], [ 110.441590254290105, -7.782402179276131 ], [ 110.441590349329729, -7.78239958568497 ], [ 110.441590349304761, -7.781907955846258 ], [ 110.442320008764625, -7.781917018789879 ], [ 110.442325099928425, -7.7819166962904 ], [ 110.44233009537605, -7.781915664622109 ], [ 110.442334896297936, -7.781913944191342 ], [ 110.442339407732291, -7.781911569028027 ], [ 110.442343540443332, -7.781908586112809 ], [ 110.442347999158059, -7.781904154465132 ], [ 110.442351622634618, -7.781899020824526 ], [ 110.44235430177423, -7.781893339759026 ], [ 110.44235595591104, -7.781887282319144 ], [ 110.442356535240933, -7.781881030887508 ], [ 110.442356022320965, -7.781874773687817 ], [ 110.442354432594627, -7.78186869911713 ], [ 110.442351813926834, -7.781862990073921 ], [ 110.442348245162719, -7.781857818451085 ], [ 110.442343833753796, -7.781853339960272 ], [ 110.442338712522584, -7.781849689443796 ], [ 110.44233303566358, -7.781846976814453 ], [ 110.44232697410051, -7.781845283746535 ], [ 110.442320710340184, -7.78184466121639 ], [ 110.441554321977932, -7.781835141990274 ], [ 110.441548621706914, -7.781835551690789 ], [ 110.441543056690975, -7.781836849174661 ], [ 110.441537765051649, -7.781839002239026 ], [ 110.441532878125273, -7.781841957445533 ], [ 110.441528517203437, -7.781845641447182 ], [ 110.441524790522479, -7.781849962808458 ], [ 110.441521790577212, -7.781854814274922 ], [ 110.44151959182507, -7.7818600754352 ], [ 110.441518248838264, -7.781865615709154 ], [ 110.441517794949235, -7.781871297589648 ], [ 110.441517794888185, -7.782398251355422 ], [ 110.441479818523604, -7.782920425753567 ], [ 110.441479724326896, -7.782923193856963 ], [ 110.441482900068721, -7.783251589339183 ], [ 110.441483768340206, -7.783341375350164 ], [ 110.441484324050975, -7.783398839893721 ], [ 110.441484380993955, -7.783404728563006 ], [ 110.441434485167008, -7.783403448192653 ], [ 110.44127977115356, -7.783399477538039 ], [ 110.441171604533793, -7.783396702349712 ], [ 110.441170012708938, -7.783396681429155 ], [ 110.440686315163759, -7.783396693704672 ], [ 110.440636408131397, -7.78339669493985 ], [ 110.440638446022589, -7.783333378352248 ], [ 110.440642583184086, -7.783204838023999 ], [ 110.440643762648278, -7.783168192405902 ], [ 110.440721809317026, -7.782747210788385 ], [ 110.440722295181743, -7.782743390034569 ], [ 110.440729433556513, -7.78264583213206 ], [ 110.44072939698664, -7.782640105990094 ], [ 110.440728455048784, -7.782634457318446 ], [ 110.440726631337142, -7.782629027608336 ], [ 110.440723971533231, -7.782623952866413 ], [ 110.440720542261431, -7.782619360207748 ], [ 110.440716429420149, -7.78261536467199 ], [ 110.440711736030309, -7.782612066341802 ], [ 110.440706579654744, -7.782609547835598 ], [ 110.440556132081909, -7.782550280613078 ], [ 110.440523027552132, -7.782518752492221 ], [ 110.440527146682427, -7.782393118680707 ], [ 110.440616413752096, -7.781989067581629 ], [ 110.440660583997186, -7.781859297478011 ], [ 110.44066082865038, -7.781858500746999 ], [ 110.440662465382403, -7.781853288021546 ], [ 110.440691338045028, -7.781768977419969 ], [ 110.440868409875748, -7.781379419327968 ], [ 110.440919985155062, -7.781287990411952 ], [ 110.440922323936462, -7.781282984886897 ], [ 110.440977110189522, -7.78113767996148 ], [ 110.440978813563163, -7.781131432476097 ], [ 110.440979133540836, -7.78112925333558 ], [ 110.441005261284857, -7.780903604472678 ], [ 110.441059836575093, -7.780509317832773 ], [ 110.441059998703778, -7.780507932010139 ], [ 110.441060497544257, -7.780503049800135 ], [ 110.441069040500338, -7.780442976525537 ], [ 110.441097104559219, -7.78035328164289 ], [ 110.441181787620494, -7.780082627816615 ], [ 110.441189498049354, -7.78005798464983 ], [ 110.441190585507172, -7.78005353661671 ], [ 110.44119104877052, -7.780049840194406 ], [ 110.441204996193235, -7.77985922519639 ], [ 110.441237019391295, -7.779763176973947 ], [ 110.441238208828807, -7.779759609454255 ], [ 110.44129905492079, -7.779774343375474 ] ], [ [ 110.440692634276886, -7.783200360149968 ], [ 110.44068835304742, -7.783333377117769 ], [ 110.441170053811703, -7.783333364900312 ], [ 110.441173237460944, -7.783333406741422 ], [ 110.441433872694603, -7.783340094981151 ], [ 110.441433005573472, -7.783250401383865 ], [ 110.441429844258437, -7.782923400963655 ], [ 110.441430067976356, -7.782916826718215 ], [ 110.441467913699768, -7.782396449476719 ], [ 110.441467913844392, -7.78187126475515 ], [ 110.441468991832423, -7.781857770289427 ], [ 110.441472181427429, -7.781844612139036 ], [ 110.441477403464802, -7.781832116884144 ], [ 110.441484528335437, -7.781820594651951 ], [ 110.441493379202797, -7.78181033141964 ], [ 110.44150373639178, -7.781801581916523 ], [ 110.4415153428411, -7.781794563301691 ], [ 110.441527910483316, -7.781789449774457 ], [ 110.441541127394643, -7.781786368250361 ], [ 110.441554665536714, -7.781785395211679 ], [ 110.442321331536704, -7.78179491633819 ], [ 110.442336212455587, -7.781796395690726 ], [ 110.442350612728504, -7.781800419093067 ], [ 110.442364098515753, -7.781806865331483 ], [ 110.442376263528331, -7.781815540198871 ], [ 110.442386741268493, -7.781826182345923 ], [ 110.442395216071191, -7.78183847115454 ], [ 110.442401432614176, -7.781852036397402 ], [ 110.442405203610178, -7.781866469391745 ], [ 110.442406415449369, -7.781881335311787 ], [ 110.442405031622144, -7.781896186288934 ], [ 110.442401093819143, -7.78191057490463 ], [ 110.442394720675097, -7.781924067670107 ], [ 110.442386104194853, -7.781936258085888 ], [ 110.442375503968861, -7.781946778888639 ], [ 110.442363239352289, -7.781955313115829 ], [ 110.442353014158542, -7.781960316779767 ], [ 110.442342216461157, -7.781963931303896 ], [ 110.442331035017872, -7.781966093501721 ], [ 110.442319665294789, -7.781966765575177 ], [ 110.441640230448698, -7.781958328115331 ], [ 110.441640230498052, -7.782399618509495 ], [ 110.441640004779657, -7.78240577828856 ], [ 110.441602189375175, -7.782925741554998 ], [ 110.441605359762789, -7.783253667625182 ], [ 110.441606238650067, -7.783344574746307 ], [ 110.441931704310662, -7.783353357007606 ], [ 110.442160006978114, -7.783353387994042 ], [ 110.442383918470853, -7.783353330107346 ], [ 110.442531103214066, -7.783339327374235 ], [ 110.442534153430557, -7.783302838346008 ], [ 110.442534347766085, -7.78330080558217 ], [ 110.442544665946897, -7.783204945345338 ], [ 110.442604305175053, -7.78265087069534 ], [ 110.442634300961004, -7.782371427187633 ], [ 110.442664187832946, -7.782052226529719 ], [ 110.442698214059135, -7.781666781011299 ], [ 110.442706732558904, -7.781570284183467 ], [ 110.442749576051057, -7.781084955864501 ], [ 110.442750377200582, -7.781078601616343 ], [ 110.442811830406029, -7.78070443608979 ], [ 110.442866762999643, -7.780206255329422 ], [ 110.442264916248845, -7.780122246891251 ], [ 110.442254846084083, -7.780120224553216 ], [ 110.442245088818964, -7.780117021272641 ], [ 110.44202380357666, -7.780029472939847 ], [ 110.441838525106348, -7.779956170056039 ], [ 110.441836468526787, -7.779955672057034 ], [ 110.441271054847547, -7.779818757193144 ], [ 110.441254291961968, -7.779869034674294 ], [ 110.441240797384864, -7.780053461065998 ], [ 110.441239697135416, -7.780062240069234 ], [ 110.441237114424183, -7.780072804148264 ], [ 110.441117887447689, -7.780453863154578 ], [ 110.441110530338136, -7.780503136418121 ], [ 110.441109345593318, -7.780514731667114 ], [ 110.441108960538088, -7.780518022995929 ], [ 110.441054749300122, -7.780909861545446 ], [ 110.441028685255517, -7.781134960502363 ], [ 110.441027925309115, -7.781140135961286 ], [ 110.441023879798223, -7.781154973739572 ], [ 110.440969012901434, -7.781300495645606 ], [ 110.440963458296523, -7.781312383768381 ], [ 110.440912945703516, -7.781401928847036 ], [ 110.440737782021031, -7.78178728909982 ], [ 110.440711897209781, -7.781862100326975 ], [ 110.440708019568888, -7.781874483505018 ], [ 110.440707438517734, -7.781876375741282 ], [ 110.440664533108858, -7.782002457898453 ], [ 110.44057685065475, -7.782399336730415 ], [ 110.440573611232409, -7.782498139740072 ], [ 110.440583527553017, -7.782507583852971 ], [ 110.44072490445339, -7.782563277776449 ], [ 110.440737150844484, -7.782569259228043 ], [ 110.440748297644888, -7.782577092761575 ], [ 110.440758065642996, -7.782586582158133 ], [ 110.440766210164128, -7.782597489721667 ], [ 110.440772527199414, -7.782609542233216 ], [ 110.440776858515861, -7.782622437794378 ], [ 110.44077909561986, -7.782635853389468 ], [ 110.440779182474941, -7.782649452976615 ], [ 110.440772044111483, -7.782747010880755 ], [ 110.440770890183771, -7.78275608517129 ], [ 110.440693497388068, -7.783173543431674 ], [ 110.440692634276886, -7.783200360149968 ] ] ] ] } },
{ "type": "Feature", "properties": { "KETERANGAN": "Kosongan", "Fungsi": "Kosongan", "Guna_Lahan": "Sempadan Jalan" }, "geometry": { "type": "MultiPolygon", "coordinates": [ [ [ [ 110.439766582433904, -7.779449028544081 ], [ 110.441156786044431, -7.779774494227621 ], [ 110.441134720991442, -7.779840674622038 ], [ 110.441133427197798, -7.779845761239389 ], [ 110.441132963934294, -7.779849457661626 ], [ 110.441118991645709, -7.780040412054461 ], [ 110.440998885335759, -7.780424281138835 ], [ 110.440997797874701, -7.780428729171192 ], [ 110.440997579426664, -7.780430109560521 ], [ 110.440993773447488, -7.780457597174934 ], [ 110.440965105222304, -7.780456264621465 ], [ 110.44062892982879, -7.780399173350688 ], [ 110.440623136003026, -7.780398661167116 ], [ 110.440273831504257, -7.780395821295977 ], [ 110.440126853622189, -7.780379182291577 ], [ 110.439639559844679, -7.780255456108587 ], [ 110.43963603306031, -7.780254502529695 ], [ 110.439633447070918, -7.780253842784904 ], [ 110.439552422334771, -7.780233182363589 ], [ 110.439677812527975, -7.779865118784758 ], [ 110.43967918157135, -7.779859808957647 ], [ 110.439679355728686, -7.779858738562409 ], [ 110.439721066114629, -7.779575607129269 ], [ 110.439766582433904, -7.779449028544081 ] ], [ [ 110.440637302916898, -7.780350130530091 ], [ 110.440953054943279, -7.780403753390474 ], [ 110.44106966171455, -7.780031069233826 ], [ 110.441083215345714, -7.77984583677915 ], [ 110.441084315597493, -7.779837057776422 ], [ 110.441087388358696, -7.779824977060688 ], [ 110.44109222182513, -7.779810479902458 ], [ 110.439798510843602, -7.779507604434598 ], [ 110.439769695204447, -7.779587739287389 ], [ 110.43972870675708, -7.779865970392593 ], [ 110.439728293133669, -7.779868512581353 ], [ 110.439725041656956, -7.779881123421196 ], [ 110.439617001951049, -7.780198257466151 ], [ 110.439642187164324, -7.780204809171489 ], [ 110.439648326922551, -7.780206383758702 ], [ 110.4396567030347, -7.780208648508272 ], [ 110.440135867402191, -7.780330134539239 ], [ 110.440276856008921, -7.780346095511213 ], [ 110.440623542582188, -7.780348914094456 ], [ 110.440637302916898, -7.780350130530091 ] ] ] ] } },
{ "type": "Feature", "properties": { "KETERANGAN": "Kosongan", "Fungsi": "Kosongan", "Guna_Lahan": "Sempadan Jalan" }, "geometry": { "type": "MultiPolygon", "coordinates": [ [ [ [ 110.437042050631732, -7.779043726038485 ], [ 110.437315519502988, -7.779092579358486 ], [ 110.437534429475207, -7.779174610850405 ], [ 110.437563982746411, -7.77921894355786 ], [ 110.437588711170278, -7.779260204176882 ], [ 110.437600039919445, -7.779312613965787 ], [ 110.437665575614091, -7.779615799197143 ], [ 110.437665606707597, -7.779804606003418 ], [ 110.43760655066329, -7.78009997582086 ], [ 110.437606051844412, -7.780103094228254 ], [ 110.437602576127532, -7.780129994518015 ], [ 110.437589147620017, -7.78023392432836 ], [ 110.437575440801524, -7.78034000805529 ], [ 110.43756622595032, -7.780411326226232 ], [ 110.437555701018908, -7.780465290435626 ], [ 110.437486751423563, -7.78081881350162 ], [ 110.437392657248722, -7.781232812209215 ], [ 110.437359060164752, -7.78138063355 ], [ 110.437336937978245, -7.781477967264792 ], [ 110.437336411839908, -7.781480578268476 ], [ 110.437331046489973, -7.781511417242372 ], [ 110.437306952111882, -7.781649906909395 ], [ 110.437294491881346, -7.781721525778631 ], [ 110.437275409434065, -7.781831207743769 ], [ 110.437257515214995, -7.781934059954454 ], [ 110.437256469905194, -7.78194006817363 ], [ 110.43724655803608, -7.781989958153411 ], [ 110.437246219039949, -7.781991945062895 ], [ 110.4372181694999, -7.782178750056003 ], [ 110.43718622152285, -7.782391517697278 ], [ 110.437166315075984, -7.7825110709462 ], [ 110.437166006810372, -7.782513177092422 ], [ 110.437061125147366, -7.783343345136264 ], [ 110.437056053759349, -7.783383486499446 ], [ 110.437053126177872, -7.783406659068324 ], [ 110.43701066467635, -7.783406645397696 ], [ 110.436961843814728, -7.78340564951875 ], [ 110.435703792283505, -7.783379985047365 ], [ 110.435611558657271, -7.783378103318529 ], [ 110.435612810728472, -7.783373094495619 ], [ 110.435613226508679, -7.783371133451069 ], [ 110.435613618062533, -7.78336928671889 ], [ 110.435622923257512, -7.783315005434178 ], [ 110.435673583654406, -7.783019480809284 ], [ 110.435723566990092, -7.782749692558578 ], [ 110.435754546289544, -7.782576050795776 ], [ 110.435773589840181, -7.782469309892238 ], [ 110.435793614088198, -7.782349515961189 ], [ 110.435828478435951, -7.782165220922414 ], [ 110.435841887251499, -7.782094341064612 ], [ 110.435844712964624, -7.782079404160428 ], [ 110.436003435884899, -7.781240382348945 ], [ 110.436053471740635, -7.780990053166215 ], [ 110.436166125094829, -7.780361659364379 ], [ 110.436217272770747, -7.78007635078608 ], [ 110.436243418995275, -7.779930503464386 ], [ 110.436293124547547, -7.77970169111971 ], [ 110.436318996288762, -7.77958717626055 ], [ 110.436363112745582, -7.779391905511249 ], [ 110.436363604338212, -7.77938947114026 ], [ 110.436364050183357, -7.779386490613256 ], [ 110.436404013139366, -7.779056860214952 ], [ 110.436416566490792, -7.778962439382331 ], [ 110.436611034492216, -7.778993480705121 ], [ 110.436613698837121, -7.778993753987493 ], [ 110.436619908245362, -7.778994364095927 ], [ 110.437042050631732, -7.779043726038485 ] ], [ [ 110.43571461094173, -7.78331687602171 ], [ 110.436969824812664, -7.783342482566929 ], [ 110.437076145084049, -7.782500990521065 ], [ 110.437076710238429, -7.782497129253176 ], [ 110.437096635573369, -7.782377409634111 ], [ 110.437128346611985, -7.782166252181725 ], [ 110.437156668798522, -7.781977660190235 ], [ 110.437157207132401, -7.781974458785364 ], [ 110.437157594760379, -7.781972377114704 ], [ 110.437167296806706, -7.781923543299178 ], [ 110.437168367320865, -7.781917390247211 ], [ 110.437182661853583, -7.78183522877006 ], [ 110.437207227536689, -7.781694031140399 ], [ 110.437218449998454, -7.78162952709437 ], [ 110.437241766943956, -7.781495506748834 ], [ 110.437247086074294, -7.781464933617818 ], [ 110.43724749691097, -7.781462756135162 ], [ 110.437248023049833, -7.781460145131627 ], [ 110.437248489107503, -7.781457970963083 ], [ 110.437270387604244, -7.781361621531259 ], [ 110.437301682482087, -7.781223929627481 ], [ 110.43730394240383, -7.781213986368935 ], [ 110.437397993975438, -7.78080017548619 ], [ 110.437464047907795, -7.78046149963363 ], [ 110.437476647967969, -7.780396895741815 ], [ 110.437487044226302, -7.780316434219718 ], [ 110.437499154818255, -7.780222704615144 ], [ 110.437512323605503, -7.78012078507467 ], [ 110.437516103107399, -7.780091533690864 ], [ 110.437516491891543, -7.780088844080546 ], [ 110.437517123844827, -7.780084938137827 ], [ 110.437517609254954, -7.780082287034085 ], [ 110.437574912784882, -7.779795682751918 ], [ 110.437574884786159, -7.779625445862895 ], [ 110.437505243742194, -7.779303267871374 ], [ 110.437503203013478, -7.779293826911206 ], [ 110.437487253956391, -7.779267215097824 ], [ 110.437475119028235, -7.779249011551583 ], [ 110.43729137575906, -7.779180157965133 ], [ 110.437127477242257, -7.779150878646439 ], [ 110.43702876310995, -7.779133244028086 ], [ 110.436610181256626, -7.779084298418335 ], [ 110.436604613984585, -7.77908375098644 ], [ 110.436601756410752, -7.779083458301467 ], [ 110.43659670202517, -7.779082796224773 ], [ 110.436494106392331, -7.77906733661487 ], [ 110.436454086735793, -7.779397348516151 ], [ 110.436453749775922, -7.779399837433652 ], [ 110.436453303931401, -7.779402817960793 ], [ 110.436452897817034, -7.779405296588531 ], [ 110.436452511427476, -7.779407329904927 ], [ 110.436452019835372, -7.779409764276068 ], [ 110.436451586904667, -7.779411788244828 ], [ 110.436408369265621, -7.779603080772736 ], [ 110.436381681154458, -7.779721209200491 ], [ 110.436381212837574, -7.779723365033058 ], [ 110.436342155650891, -7.779903159355279 ], [ 110.43633240487307, -7.779948045674814 ], [ 110.436306741722817, -7.780091191667335 ], [ 110.43630210822208, -7.780117036769257 ], [ 110.436255479720373, -7.780377124646947 ], [ 110.436142581490216, -7.781006855040787 ], [ 110.436092469749141, -7.781257609680985 ], [ 110.435935061424445, -7.782089683366509 ], [ 110.435912666411426, -7.782208064968632 ], [ 110.4358829136727, -7.78236533989634 ], [ 110.435862937495585, -7.782484825059538 ], [ 110.435812803958342, -7.782765833031524 ], [ 110.435762877356851, -7.783035320818901 ], [ 110.43574061574526, -7.783165180791931 ], [ 110.435738242486423, -7.783179024856806 ], [ 110.43571461094173, -7.78331687602171 ] ] ] ] } },
{ "type": "Feature", "properties": { "KETERANGAN": "Kosongan", "Fungsi": "Kosongan", "Guna_Lahan": "Sempadan Jalan" }, "geometry": { "type": "MultiPolygon", "coordinates": [ [ [ [ 110.441815946979887, -7.778905655816599 ], [ 110.441942729122275, -7.779018918538637 ], [ 110.441946774628775, -7.779022048934007 ], [ 110.441951221942119, -7.779024579733615 ], [ 110.441955982366594, -7.779026460463963 ], [ 110.44196096096185, -7.779027653616516 ], [ 110.442133925789804, -7.779054598975285 ], [ 110.442591108369655, -7.779125820898522 ], [ 110.442671604219967, -7.779138360844986 ], [ 110.442677744183186, -7.779138790228203 ], [ 110.442683868552805, -7.779138178179386 ], [ 110.442689801025139, -7.779136542317682 ], [ 110.442695370820687, -7.779133929735188 ], [ 110.442700417600477, -7.779130415640747 ], [ 110.442704796081628, -7.779126101195472 ], [ 110.442708380219827, -7.779121110600345 ], [ 110.442711066837646, -7.779115587520857 ], [ 110.442712778594853, -7.779109690951045 ], [ 110.442742514346847, -7.778961012142666 ], [ 110.443014849999045, -7.778967155714848 ], [ 110.442963416645753, -7.779523030989218 ], [ 110.442963325954281, -7.779524227788536 ], [ 110.442933317018628, -7.780032235430162 ], [ 110.442930067535698, -7.78008724449066 ], [ 110.442929573814425, -7.780091722029049 ], [ 110.442927544340037, -7.780091438748088 ], [ 110.442918656322007, -7.78009019812632 ], [ 110.442286192778866, -7.780001916103635 ], [ 110.441878077451648, -7.779840451021521 ], [ 110.441877153265736, -7.779840099844367 ], [ 110.441873259976731, -7.779838922975746 ], [ 110.441269620194873, -7.779692751661853 ], [ 110.441341572838255, -7.779555588375969 ], [ 110.441362617421902, -7.779515471074306 ], [ 110.441403606479213, -7.77943733358771 ], [ 110.441405256829043, -7.779433716801035 ], [ 110.441484800603007, -7.779230469017764 ], [ 110.441485079540954, -7.779229732738805 ], [ 110.441486419387346, -7.779225164103983 ], [ 110.441531629130807, -7.77902231504832 ], [ 110.441531933981736, -7.779020793993205 ], [ 110.441532493397247, -7.779014450560557 ], [ 110.441532402115286, -7.778970564717882 ], [ 110.441532302944921, -7.778922886524414 ], [ 110.441543964027986, -7.778922178144805 ], [ 110.441815946979887, -7.778905655816599 ] ], [ [ 110.442299027843987, -7.779953474079451 ], [ 110.442883185512883, -7.78003501337816 ], [ 110.442913531436986, -7.779521301900246 ], [ 110.442913746829575, -7.779518459501895 ], [ 110.442960266925368, -7.779015685871029 ], [ 110.442783241763266, -7.779011692387542 ], [ 110.442761695729672, -7.779119422639307 ], [ 110.442757630307739, -7.779133426993093 ], [ 110.442751249591396, -7.779146544307758 ], [ 110.442742737263615, -7.779158396971965 ], [ 110.44273233837076, -7.779168643780279 ], [ 110.442720352268083, -7.779176989755343 ], [ 110.442707124002411, -7.779183194639478 ], [ 110.442693034379076, -7.779187079811225 ], [ 110.442678488999533, -7.779188533427203 ], [ 110.44266390658521, -7.779187513641756 ], [ 110.442625460666775, -7.779181524096188 ], [ 110.44212732398654, -7.779103918331161 ], [ 110.441952748873575, -7.779076720762223 ], [ 110.441940924708646, -7.779073887024587 ], [ 110.441929618699575, -7.779069420289347 ], [ 110.441919056329709, -7.77906340963962 ], [ 110.441909448251508, -7.779055974949927 ], [ 110.441798184473669, -7.77895657578789 ], [ 110.441582281243882, -7.778969691406047 ], [ 110.441582374111306, -7.779014431745805 ], [ 110.441581045501181, -7.779029497398597 ], [ 110.441580321480657, -7.779033109904677 ], [ 110.441535111758682, -7.779235958967003 ], [ 110.441531929624588, -7.779246809475086 ], [ 110.441531267147113, -7.779248558137676 ], [ 110.441451723390898, -7.77945180593083 ], [ 110.441447803810689, -7.779460395799649 ], [ 110.44134339880668, -7.779659423145002 ], [ 110.441885028766706, -7.779790578737788 ], [ 110.441894275327144, -7.779793373800532 ], [ 110.441896470268404, -7.77979420784619 ], [ 110.442299027843987, -7.779953474079451 ] ] ] ] } },
{ "type": "Feature", "properties": { "KETERANGAN": "Kosongan", "Fungsi": "Kosongan", "Guna_Lahan": "Sempadan Jalan" }, "geometry": { "type": "MultiPolygon", "coordinates": [ [ [ [ 110.435219788941254, -7.778616672268783 ], [ 110.435311065978098, -7.778650921985303 ], [ 110.435314446361261, -7.778652048747039 ], [ 110.436054433583493, -7.778871973172039 ], [ 110.436055906228731, -7.778872388445287 ], [ 110.436120765782874, -7.778889699709959 ], [ 110.436309747963747, -7.778940139718027 ], [ 110.436302686081191, -7.778993263060917 ], [ 110.436296046268126, -7.779043211350607 ], [ 110.436288670994117, -7.779104042699714 ], [ 110.436272487772968, -7.779237522022397 ], [ 110.43625633744152, -7.779370729959398 ], [ 110.436219473982177, -7.779533899153717 ], [ 110.436186857539354, -7.779678269598671 ], [ 110.436150531091101, -7.779845489826286 ], [ 110.43613684584308, -7.779908486592978 ], [ 110.436136461390007, -7.779910426498291 ], [ 110.43606297251273, -7.780320368690506 ], [ 110.435960243503814, -7.78089341914041 ], [ 110.435946534950716, -7.78096988904605 ], [ 110.435896596890416, -7.781219708681785 ], [ 110.435723444118423, -7.782135022784725 ], [ 110.435715401939476, -7.782177534950426 ], [ 110.435686459608561, -7.782330528371625 ], [ 110.435666354880112, -7.782450785228411 ], [ 110.435616482089031, -7.782730323655608 ], [ 110.435566432725935, -7.783000475905555 ], [ 110.435512797619495, -7.783313345238956 ], [ 110.435506717359772, -7.783348813143856 ], [ 110.435500915027006, -7.783372024969079 ], [ 110.4354997553842, -7.783376664008745 ], [ 110.435406282035629, -7.783376680515868 ], [ 110.435357917361884, -7.783376689048831 ], [ 110.435300026152575, -7.783376699255385 ], [ 110.435234369238032, -7.783376692822366 ], [ 110.434916745509085, -7.783376661636106 ], [ 110.434859992343505, -7.783376655947116 ], [ 110.43468944616238, -7.783376705698505 ], [ 110.434506175534352, -7.783379919971913 ], [ 110.4341194400413, -7.783386702680764 ], [ 110.434090369295191, -7.783386698778979 ], [ 110.434078115294994, -7.783386697133644 ], [ 110.434024412582531, -7.783386689918938 ], [ 110.434025595403398, -7.783383733379571 ], [ 110.434033719010756, -7.783363428674932 ], [ 110.434034097885956, -7.783362439902807 ], [ 110.434035796202906, -7.783356033757769 ], [ 110.434040037056874, -7.783329504050903 ], [ 110.43404101669708, -7.783323375669688 ], [ 110.434102814611222, -7.782936783103901 ], [ 110.434108335011246, -7.78290229934104 ], [ 110.434115619010797, -7.782856799163978 ], [ 110.434140777676845, -7.782743641290886 ], [ 110.434175423021173, -7.78258781426339 ], [ 110.434175723697933, -7.782586312099659 ], [ 110.434176283254047, -7.782580030102094 ], [ 110.434176172749019, -7.78257400842496 ], [ 110.434208383580653, -7.782429239874136 ], [ 110.434255459611265, -7.782217660870431 ], [ 110.434255644991595, -7.782216779378854 ], [ 110.434295477175809, -7.782027375495353 ], [ 110.434321265612283, -7.781903135646912 ], [ 110.434330768900921, -7.781857352036959 ], [ 110.434515526314897, -7.780967251309193 ], [ 110.434531947583139, -7.780885063103953 ], [ 110.434532120999478, -7.780884318634559 ], [ 110.434545591843573, -7.780817045619179 ], [ 110.4345457745532, -7.780816057500578 ], [ 110.434563685930684, -7.780707207713967 ], [ 110.434622673011745, -7.780348735001854 ], [ 110.43463667377388, -7.780263650307489 ], [ 110.434660939675737, -7.780116182790077 ], [ 110.434662959171817, -7.780106720041048 ], [ 110.434678598486812, -7.780033438692601 ], [ 110.434705869975545, -7.779905652273807 ], [ 110.434736000403916, -7.779764469624888 ], [ 110.434743747268143, -7.779725272862179 ], [ 110.434785908785216, -7.779511948461179 ], [ 110.434806513157426, -7.779407696611926 ], [ 110.434856182433762, -7.779172728805238 ], [ 110.434896660318969, -7.778981241837079 ], [ 110.434923940716189, -7.778852187531881 ], [ 110.434972881056936, -7.778620667141939 ], [ 110.434985210233293, -7.778562341882367 ], [ 110.434991808535145, -7.778531127488044 ], [ 110.435038731667518, -7.778548734404364 ], [ 110.435215330975311, -7.778614999447647 ], [ 110.435219788941254, -7.778616672268783 ] ], [ [ 110.434151991809173, -7.782944988471497 ], [ 110.434091521019724, -7.783323382452381 ], [ 110.434118885913165, -7.783323386124954 ], [ 110.434688879372573, -7.783313394111333 ], [ 110.434859987087847, -7.783313339459434 ], [ 110.435300023680696, -7.783313382761151 ], [ 110.435420785792388, -7.783313361478124 ], [ 110.435477141532274, -7.782984641153127 ], [ 110.435527244131649, -7.782714183127525 ], [ 110.435576978014808, -7.782435423609345 ], [ 110.435597168731249, -7.782314704393774 ], [ 110.435626687466979, -7.782158659559183 ], [ 110.435634375704055, -7.782118017223513 ], [ 110.43580547839727, -7.781213514395451 ], [ 110.435807565509933, -7.781202481229956 ], [ 110.435857416525451, -7.780953085015664 ], [ 110.435870398628268, -7.780880670440133 ], [ 110.435877902638197, -7.780838812824278 ], [ 110.435974127872925, -7.780302064369297 ], [ 110.435980661301329, -7.78026562056655 ], [ 110.436047337445743, -7.779893697128403 ], [ 110.436048042314837, -7.779890140461558 ], [ 110.436055483211916, -7.779855883935052 ], [ 110.43606221823616, -7.779824877111806 ], [ 110.436098302474235, -7.7796587517676 ], [ 110.436131715338576, -7.779510852828738 ], [ 110.436158059338567, -7.779394243473112 ], [ 110.436166852797442, -7.779355319998023 ], [ 110.436182851989258, -7.779223369008391 ], [ 110.436199793697469, -7.779083644634276 ], [ 110.43620607529617, -7.7790318379947 ], [ 110.436209376064085, -7.779006985199749 ], [ 110.436031846063102, -7.778959597152894 ], [ 110.436029146213016, -7.778958835818399 ], [ 110.435288546475959, -7.778738734005482 ], [ 110.43528569925806, -7.778737836651972 ], [ 110.4352823188743, -7.778736709889964 ], [ 110.435279532269831, -7.778735729363341 ], [ 110.435210224940718, -7.778709723766565 ], [ 110.435201234777423, -7.778706350463387 ], [ 110.435019822801891, -7.778638280726208 ], [ 110.434974280587696, -7.778853953854282 ], [ 110.434946524570776, -7.778985397200593 ], [ 110.43490291818776, -7.77919190245556 ], [ 110.434832898895934, -7.779523489906691 ], [ 110.434788708179497, -7.779732761721855 ], [ 110.434771830676468, -7.779812687621431 ], [ 110.434750742087857, -7.779912555685029 ], [ 110.434724706321575, -7.780035851745716 ], [ 110.434723775879888, -7.780041506093908 ], [ 110.434711639356451, -7.780115260435898 ], [ 110.434685638598779, -7.780273268408346 ], [ 110.434673114883296, -7.780349375633654 ], [ 110.43467173253714, -7.780357776216117 ], [ 110.434612449108826, -7.78071804399646 ], [ 110.434611423265565, -7.780724278080602 ], [ 110.43459494156086, -7.780824437923447 ], [ 110.434594507625789, -7.780826784705245 ], [ 110.434590154595213, -7.7808485110477 ], [ 110.43458123618386, -7.780893023581863 ], [ 110.434580824320264, -7.780894791696728 ], [ 110.434564406849589, -7.780977163378774 ], [ 110.434379624301442, -7.781867387927305 ], [ 110.43437026325519, -7.781912486400417 ], [ 110.434344309299718, -7.782037524046667 ], [ 110.434304847005635, -7.782225161976449 ], [ 110.434304219044208, -7.782228147847406 ], [ 110.434256722228326, -7.782441233708691 ], [ 110.434225779868385, -7.782580050862459 ], [ 110.434225162303079, -7.782585100445595 ], [ 110.434224835414142, -7.782595016373886 ], [ 110.434224121307253, -7.782598584012801 ], [ 110.434164641821965, -7.782866109410648 ], [ 110.434151991809173, -7.782944988471497 ] ] ] ] } },
{ "type": "Feature", "properties": { "KETERANGAN": "Kosongan", "Fungsi": "Kosongan", "Guna_Lahan": "Sempadan Jalan" }, "geometry": { "type": "MultiPolygon", "coordinates": [ [ [ [ 110.440126517933805, -7.778482040720172 ], [ 110.440656972323239, -7.77863741861724 ], [ 110.440658368025922, -7.778637827861907 ], [ 110.440663045625371, -7.778639154559743 ], [ 110.440960014792154, -7.77873741270311 ], [ 110.441313943587616, -7.778857291814484 ], [ 110.441318138478493, -7.778858438022732 ], [ 110.441459676633954, -7.778888145235904 ], [ 110.44145993130924, -7.779010528606435 ], [ 110.441416199116688, -7.779206747976083 ], [ 110.441338394564369, -7.779405551675247 ], [ 110.441186059507004, -7.779695947905679 ], [ 110.441165186975013, -7.779702132359604 ], [ 110.440601306137395, -7.779570120737845 ], [ 110.440024899301235, -7.779435175774779 ], [ 110.439781175168036, -7.779378116263088 ], [ 110.439781590166632, -7.77937021338777 ], [ 110.440092573635823, -7.77855852474698 ], [ 110.440126517933805, -7.778482040720172 ] ], [ [ 110.439845747242899, -7.77934213262265 ], [ 110.441154623675644, -7.779648558435055 ], [ 110.441292925512528, -7.779384913757543 ], [ 110.441368338616613, -7.779192220663145 ], [ 110.441410039153382, -7.77900511710472 ], [ 110.441409879791607, -7.778928531882318 ], [ 110.441307866288469, -7.778907120428064 ], [ 110.441297903421699, -7.778904398183121 ], [ 110.440944160258198, -7.778784581942763 ], [ 110.440654265213581, -7.778688298245306 ], [ 110.440644243364773, -7.778685480632746 ], [ 110.440642389031837, -7.778684912323567 ], [ 110.44063984039559, -7.778684177839221 ], [ 110.440154425571137, -7.778542069042583 ], [ 110.440138707987856, -7.778577484245728 ], [ 110.439845747242899, -7.77934213262265 ] ] ] ] } },
{ "type": "Feature", "properties": { "KETERANGAN": "Kosongan", "Fungsi": "Kosongan", "Guna_Lahan": "Sempadan Jalan" }, "geometry": { "type": "MultiPolygon", "coordinates": [ [ [ [ 110.433892090780489, -7.778325331499196 ], [ 110.434516980541815, -7.77846492196709 ], [ 110.434727358428802, -7.77851191669013 ], [ 110.434832060748874, -7.778535305357702 ], [ 110.434838277354473, -7.778536139769137 ], [ 110.434844545147527, -7.778535893649078 ], [ 110.434846322474357, -7.778535511233326 ], [ 110.434850676733319, -7.778534574356018 ], [ 110.434854877246551, -7.778533282823049 ], [ 110.434886357290083, -7.778523603644582 ], [ 110.434921795154878, -7.778512707548397 ], [ 110.434905515928264, -7.77858966049205 ], [ 110.434785211973036, -7.779158343918127 ], [ 110.43460450621221, -7.780012546522745 ], [ 110.4346042439728, -7.780013920997082 ], [ 110.434530716999376, -7.780460754987588 ], [ 110.434474319544321, -7.780803489556583 ], [ 110.43446790225839, -7.780835550429257 ], [ 110.434460165065261, -7.780834038581741 ], [ 110.434153715336748, -7.780774158191448 ], [ 110.433349060193848, -7.780616927158801 ], [ 110.433500337521863, -7.779950562850249 ], [ 110.43355545179493, -7.77970778833732 ], [ 110.433615465706055, -7.779427632920819 ], [ 110.433729187303726, -7.778904465255053 ], [ 110.433853908418982, -7.778330693316602 ], [ 110.433854466668095, -7.778328125139173 ], [ 110.433854779891476, -7.778326499877162 ], [ 110.433855655071923, -7.778321092944077 ], [ 110.43388872604865, -7.778324435323602 ], [ 110.433890040030704, -7.778324810301881 ], [ 110.433892090780489, -7.778325331499196 ] ], [ [ 110.434164909299938, -7.780725651025965 ], [ 110.434428116716973, -7.780777081863518 ], [ 110.434555077058164, -7.780005540581697 ], [ 110.434555699877095, -7.780002276205176 ], [ 110.434855201642534, -7.778584719831645 ], [ 110.43484384760238, -7.778585866611222 ], [ 110.434832439221665, -7.778585575546276 ], [ 110.434821158820284, -7.778583851288408 ], [ 110.434718967862011, -7.778561023614505 ], [ 110.433894895324869, -7.778376939238398 ], [ 110.433782944243944, -7.778891963641184 ], [ 110.433664229953109, -7.779438100137998 ], [ 110.433604166470801, -7.779718478278236 ], [ 110.433549634850607, -7.779958688797396 ], [ 110.433409051181641, -7.780577955074037 ], [ 110.434164909299938, -7.780725651025965 ] ] ] ] } },
{ "type": "Feature", "properties": { "KETERANGAN": "Kosongan", "Fungsi": "Kosongan", "Guna_Lahan": "Sempadan Jalan" }, "geometry": { "type": "MultiPolygon", "coordinates": [ [ [ [ 110.432842372148343, -7.778126898908133 ], [ 110.433727435325892, -7.778307947719853 ], [ 110.433728376854901, -7.778308127423162 ], [ 110.433731066657472, -7.778308501179136 ], [ 110.433757418215947, -7.778311160043438 ], [ 110.433783347927445, -7.778313775268047 ], [ 110.433782799491198, -7.778316298283921 ], [ 110.433601788939868, -7.779149021478108 ], [ 110.433544535977703, -7.779412407884961 ], [ 110.433484592774761, -7.779692239034359 ], [ 110.433433245842849, -7.779918417006782 ], [ 110.433277829440172, -7.780603008554455 ], [ 110.432491206732664, -7.780449301398019 ], [ 110.432518057550936, -7.78021100482084 ], [ 110.432535141588957, -7.780059386617316 ], [ 110.432542082668476, -7.780015527016225 ], [ 110.432658777193623, -7.779278150762121 ], [ 110.43267218679712, -7.779230746607101 ], [ 110.432689402802666, -7.779084631319352 ], [ 110.43270359663812, -7.778994942149764 ], [ 110.432710936115811, -7.778948564838438 ], [ 110.432763363970636, -7.778629706186471 ], [ 110.432789604718323, -7.778470113517458 ], [ 110.432794430610571, -7.778440763078842 ], [ 110.432842372148343, -7.778126898908133 ] ], [ [ 110.432545909342835, -7.780409295939425 ], [ 110.433239878159725, -7.780544898394302 ], [ 110.433390366111425, -7.779882016305004 ], [ 110.433435876297793, -7.779681548684088 ], [ 110.433495771848328, -7.779401940677524 ], [ 110.433552652774438, -7.779140264551397 ], [ 110.433722793059928, -7.778357545512471 ], [ 110.43371964946985, -7.778357108701349 ], [ 110.433717413338229, -7.778356681905945 ], [ 110.432883777608012, -7.778186153155962 ], [ 110.432843698063778, -7.77844853455648 ], [ 110.432839159112348, -7.778476140418184 ], [ 110.43281210942699, -7.778640656267158 ], [ 110.43276018354689, -7.778956468373485 ], [ 110.432753051321015, -7.779001536117468 ], [ 110.432714497943948, -7.779245150420753 ], [ 110.432591194257398, -7.780024289694248 ], [ 110.43258458605969, -7.780066045897192 ], [ 110.432567178124032, -7.780220538799431 ], [ 110.432545909342835, -7.780409295939425 ] ] ] ] } },
{ "type": "Feature", "properties": { "KETERANGAN": "Kosongan", "Fungsi": "Kosongan", "Guna_Lahan": "Sempadan Jalan" }, "geometry": { "type": "MultiPolygon", "coordinates": [ [ [ [ 110.431982153007894, -7.777967900063681 ], [ 110.432771100618723, -7.77811302501606 ], [ 110.432722767706608, -7.778429458920398 ], [ 110.432716441076394, -7.778467936213765 ], [ 110.432663043379222, -7.778792689926693 ], [ 110.432639303815066, -7.778937068828796 ], [ 110.432479703387926, -7.779945559633763 ], [ 110.432463348611051, -7.780048902637099 ], [ 110.43246313193049, -7.780050502950375 ], [ 110.43244041134794, -7.780252144283525 ], [ 110.432419768894107, -7.780435342351224 ], [ 110.431658703013085, -7.780286629032007 ], [ 110.431665711595429, -7.780246156567873 ], [ 110.431665920999919, -7.780244792744782 ], [ 110.43169499521801, -7.780027868849522 ], [ 110.431714117088262, -7.779885199659116 ], [ 110.431735457369371, -7.779725978651771 ], [ 110.431735777169195, -7.779721233424497 ], [ 110.431735396309747, -7.779716823528362 ], [ 110.431898888245115, -7.778540604544945 ], [ 110.431979854707507, -7.777983622657556 ], [ 110.431979991728397, -7.777982479668824 ], [ 110.43198055613135, -7.777977361177348 ], [ 110.431982153007894, -7.777967900063681 ] ], [ [ 110.43171593393302, -7.780247117616926 ], [ 110.432376244495231, -7.780376143206953 ], [ 110.432391548770354, -7.780240320630347 ], [ 110.432413563120519, -7.780044947188271 ], [ 110.432414077737334, -7.780041146444415 ], [ 110.432429752960488, -7.779942097752445 ], [ 110.432590056832652, -7.778929165350315 ], [ 110.432614151838251, -7.778782624033091 ], [ 110.43266739257092, -7.77845882340477 ], [ 110.432673498667654, -7.778421687175131 ], [ 110.432714507706336, -7.778153202657916 ], [ 110.432024079122399, -7.778026200032486 ], [ 110.431948274989878, -7.778547589811582 ], [ 110.431785399856082, -7.779721264534428 ], [ 110.431784898391101, -7.779732570129304 ], [ 110.431763737400047, -7.779890453581174 ], [ 110.431744153589477, -7.780036569456261 ], [ 110.43171593393302, -7.780247117616926 ] ] ] ] } },
{ "type": "Feature", "properties": { "KETERANGAN": "Kosongan", "Fungsi": "Kosongan", "Guna_Lahan": "Sempadan Jalan" }, "geometry": { "type": "MultiPolygon", "coordinates": [ [ [ [ 110.431198409579238, -7.777877190660178 ], [ 110.431903218520532, -7.778006569606307 ], [ 110.431827053334644, -7.778530444194417 ], [ 110.431747970202025, -7.77909939543672 ], [ 110.431662024691036, -7.779717714752435 ], [ 110.431661681077372, -7.779722634417462 ], [ 110.431662047125812, -7.779728894339199 ], [ 110.431594098368322, -7.780234521210006 ], [ 110.431581185764756, -7.780309088800239 ], [ 110.431377987035361, -7.781482498196653 ], [ 110.431374300122457, -7.781503788896083 ], [ 110.431303272633571, -7.781903167736395 ], [ 110.431300407378629, -7.781919278693159 ], [ 110.431282832911663, -7.781916794218893 ], [ 110.431146101751395, -7.781897464728087 ], [ 110.431144843900412, -7.781897316420635 ], [ 110.431139818508001, -7.781896797865592 ], [ 110.430682545367205, -7.781831872966802 ], [ 110.430751637592664, -7.781377872466548 ], [ 110.430756929430245, -7.781343100096485 ], [ 110.4307677431988, -7.781269113708766 ], [ 110.430843774601897, -7.780748915876782 ], [ 110.430916686484565, -7.78033128377499 ], [ 110.430916821536826, -7.780330453166053 ], [ 110.431090997988562, -7.779174282956239 ], [ 110.431091195296901, -7.779172751490236 ], [ 110.431109041240717, -7.779006189217228 ], [ 110.431109213656114, -7.779000803177738 ], [ 110.431108582064994, -7.778995451337565 ], [ 110.431107160478106, -7.778990252417652 ], [ 110.43106241707909, -7.778864411639407 ], [ 110.43113269361136, -7.778284629828716 ], [ 110.431198409579238, -7.777877190660178 ] ], [ [ 110.43115483100182, -7.781848473218711 ], [ 110.431259707819692, -7.781863274545478 ], [ 110.431325166035052, -7.78149521124972 ], [ 110.431532053498998, -7.780300503147675 ], [ 110.431544783330196, -7.780226989339788 ], [ 110.431612090405537, -7.779722606285632 ], [ 110.431613359279709, -7.77971034147776 ], [ 110.431614192722819, -7.779706083780428 ], [ 110.431777667077213, -7.778523458980917 ], [ 110.431846963234321, -7.778046827355648 ], [ 110.431239554473962, -7.77793532776623 ], [ 110.431182096359109, -7.778291568427654 ], [ 110.431113342358714, -7.778858789903734 ], [ 110.431154172751718, -7.778973625315566 ], [ 110.431157549021947, -7.778985972749994 ], [ 110.43115904905234, -7.778998683370309 ], [ 110.431158639567258, -7.779011475214292 ], [ 110.431140793642456, -7.779178037490746 ], [ 110.431140325035599, -7.779181674722674 ], [ 110.430966148712969, -7.780337844961898 ], [ 110.430965827963973, -7.780339817658069 ], [ 110.430893034395979, -7.780756772340399 ], [ 110.430816475491184, -7.781280577049649 ], [ 110.430806267156598, -7.781350420840756 ], [ 110.430801151963038, -7.781384032753916 ], [ 110.430739420075227, -7.781789672168517 ], [ 110.431139909013609, -7.781846884406183 ], [ 110.431151843574284, -7.78184812121243 ], [ 110.43115483100182, -7.781848473218711 ] ] ] ] } },
{ "type": "Feature", "properties": { "KETERANGAN": "Kosongan", "Fungsi": "Kosongan", "Guna_Lahan": "Sempadan Jalan" }, "geometry": { "type": "MultiPolygon", "coordinates": [ [ [ [ 110.43549735918468, -7.777952742708569 ], [ 110.436443937651831, -7.778191897857023 ], [ 110.436771349557446, -7.778310945250746 ], [ 110.436772643115873, -7.778311397264345 ], [ 110.43678122104815, -7.778314274234579 ], [ 110.43676821406666, -7.778353238698337 ], [ 110.436650570975019, -7.778725751777117 ], [ 110.436588039536332, -7.778815121743912 ], [ 110.436581372550066, -7.778821832620075 ], [ 110.436575894804065, -7.778828281475266 ], [ 110.436571487401196, -7.778835500359897 ], [ 110.436568257235095, -7.778843314193075 ], [ 110.436566282647775, -7.7788515334641 ], [ 110.436565611529389, -7.778859958829283 ], [ 110.436565592218415, -7.778874428467287 ], [ 110.436565589693856, -7.778876320099135 ], [ 110.436384029508076, -7.778847608060249 ], [ 110.43637950992796, -7.778846531916315 ], [ 110.436378599917944, -7.778846380989125 ], [ 110.436084779877817, -7.778767732829088 ], [ 110.436022041863723, -7.778749087131223 ], [ 110.435879752463052, -7.77870679877369 ], [ 110.43574636646791, -7.778667156454504 ], [ 110.435347358307766, -7.778548570935693 ], [ 110.435243167245702, -7.778509475092648 ], [ 110.435059318883049, -7.778440489185941 ], [ 110.435031810924571, -7.778430167293424 ], [ 110.435012127566566, -7.778420346732668 ], [ 110.435025622496084, -7.778326544371411 ], [ 110.435030963589625, -7.778289418883166 ], [ 110.435046674283214, -7.778212780267761 ], [ 110.435121029542671, -7.777915351806946 ], [ 110.435121438144805, -7.777913515184679 ], [ 110.435131694014316, -7.777860994167583 ], [ 110.435132138924601, -7.777858715750976 ], [ 110.435298591221226, -7.777907163558933 ], [ 110.435298693093586, -7.777907216918907 ], [ 110.435302419738974, -7.777908403642665 ], [ 110.435307728890209, -7.777910094304132 ], [ 110.435311827065533, -7.777911015996672 ], [ 110.435353119522617, -7.777920302797675 ], [ 110.435372599387819, -7.777924683877942 ], [ 110.43549735918468, -7.777952742708569 ] ], [ [ 110.436400894485558, -7.778758636725735 ], [ 110.436503040015808, -7.778774846305725 ], [ 110.436506597164666, -7.778769930838341 ], [ 110.436512173884921, -7.778763365063138 ], [ 110.436517538423331, -7.77875757501417 ], [ 110.43656824374807, -7.778685356147827 ], [ 110.436667954256066, -7.778369626246575 ], [ 110.436417201801916, -7.778278452297823 ], [ 110.435476245044171, -7.778040717465488 ], [ 110.435329908690903, -7.778007805999463 ], [ 110.435287778820879, -7.777998330860569 ], [ 110.435280144019998, -7.777996260929094 ], [ 110.435275791835039, -7.777994875006632 ], [ 110.435161198897092, -7.777960306298264 ], [ 110.435084659156601, -7.778266472932452 ], [ 110.435072662780343, -7.778348854246421 ], [ 110.435263408618582, -7.778420428314794 ], [ 110.435376311666005, -7.778462793174987 ], [ 110.43577125886344, -7.778580171763594 ], [ 110.43589705786006, -7.778617559225834 ], [ 110.436109488633235, -7.77868069355457 ], [ 110.436400894485558, -7.778758636725735 ] ] ] ] } },
{ "type": "Feature", "properties": { "KETERANGAN": "Kosongan", "Fungsi": "Kosongan", "Guna_Lahan": "Sempadan Jalan" }, "geometry": { "type": "MultiPolygon", "coordinates": [ [ [ [ 110.430682863446336, -7.777800977784855 ], [ 110.431126821276891, -7.777865423103947 ], [ 110.431060947985088, -7.778273837256677 ], [ 110.431060749748198, -7.778275241240435 ], [ 110.430989365869536, -7.778864157829906 ], [ 110.43098912386931, -7.778869707953491 ], [ 110.430989736652847, -7.778875229602507 ], [ 110.430991189773223, -7.778880592598996 ], [ 110.431036021612783, -7.779006682179688 ], [ 110.431019134519701, -7.779164294919096 ], [ 110.430845135604471, -7.780319285365614 ], [ 110.430772210010105, -7.780736995605928 ], [ 110.430772051668697, -7.780737983142563 ], [ 110.430688698998281, -7.781308273556979 ], [ 110.430687121453062, -7.781317732197746 ], [ 110.43068736297954, -7.781317414444111 ], [ 110.430685165158479, -7.781332451682742 ], [ 110.430630311973616, -7.781691599185061 ], [ 110.430610441206213, -7.781821701494267 ], [ 110.430608908247322, -7.781821500379312 ], [ 110.43060388289669, -7.781820981824401 ], [ 110.430347341348352, -7.781784453370057 ], [ 110.430197698209724, -7.781743655863045 ], [ 110.430191476375128, -7.781742529425459 ], [ 110.430185152939828, -7.781742497643838 ], [ 110.430178920038202, -7.781743561483723 ], [ 110.43017296705375, -7.781745688621017 ], [ 110.430167474864874, -7.781748814423661 ], [ 110.430162610348887, -7.781752843915738 ], [ 110.430158521311654, -7.78175765466326 ], [ 110.430157424908472, -7.781759526797534 ], [ 110.430155331996502, -7.781763100494048 ], [ 110.430153139309198, -7.781769015939312 ], [ 110.430152009873439, -7.78177522126132 ], [ 110.43015197800662, -7.781781527914489 ], [ 110.43015304467707, -7.781787744274335 ], [ 110.430155177474532, -7.781793681459927 ], [ 110.43015722369509, -7.781797257711655 ], [ 110.430158311595136, -7.781799159072817 ], [ 110.43016235181021, -7.781804010678652 ], [ 110.430167175359898, -7.781808088863656 ], [ 110.43017263568305, -7.781811269714266 ], [ 110.430178566870495, -7.781813456581935 ], [ 110.430330416414563, -7.781854855627495 ], [ 110.430333634528438, -7.781855577930899 ], [ 110.43033488746363, -7.781855777529102 ], [ 110.430564408862296, -7.781888246745564 ], [ 110.430517849956701, -7.782374299278335 ], [ 110.430517756725123, -7.782380005807292 ], [ 110.430518564405858, -7.782385655960501 ], [ 110.430520252901388, -7.782391109145224 ], [ 110.430522780197009, -7.782396229669986 ], [ 110.43052608340605, -7.782400890120813 ], [ 110.430530080334847, -7.782404974531898 ], [ 110.430534671527909, -7.782408381270796 ], [ 110.430539742742624, -7.782411025567661 ], [ 110.43054516779209, -7.782412841624573 ], [ 110.430550811684839, -7.782413784252575 ], [ 110.43055493603012, -7.782414142136797 ], [ 110.431071810097208, -7.782458992832478 ], [ 110.431075016871318, -7.782459298239401 ], [ 110.431078109115646, -7.782459547506544 ], [ 110.431096461545764, -7.782461232069942 ], [ 110.431663162114617, -7.782562271731685 ], [ 110.431628871803113, -7.782951263190349 ], [ 110.431594379653944, -7.783342543274467 ], [ 110.43159101403289, -7.783380722935856 ], [ 110.431588804440196, -7.783405788586999 ], [ 110.431538791804854, -7.783405096628702 ], [ 110.43021045893002, -7.783386716097053 ], [ 110.430208349240019, -7.783386733803337 ], [ 110.429885851327214, -7.783394976735535 ], [ 110.429913355565716, -7.782614115720031 ], [ 110.429916200192451, -7.782584720097685 ], [ 110.430035790085157, -7.781357420639289 ], [ 110.430046983279837, -7.781242549204626 ], [ 110.430381691100337, -7.777807531882329 ], [ 110.430386521303248, -7.777757960225472 ], [ 110.430427172995238, -7.777763861312403 ], [ 110.430449415113941, -7.777767090022222 ], [ 110.430682863446336, -7.777800977784855 ] ], [ [ 110.429954471476037, -7.783250303509162 ], [ 110.429951665836526, -7.783329957335423 ], [ 110.430072853468744, -7.783326859830736 ], [ 110.430206722766727, -7.783323438147642 ], [ 110.430210942146132, -7.78332340273519 ], [ 110.431544367018446, -7.783341851403577 ], [ 110.431579021131483, -7.782948734524941 ], [ 110.431609477382821, -7.782603237400427 ], [ 110.431089892929748, -7.782510598256406 ], [ 110.431078036753121, -7.782509356622406 ], [ 110.43107069267198, -7.782508764612881 ], [ 110.431063076582674, -7.782508039271133 ], [ 110.430549741478558, -7.782463627124762 ], [ 110.430546479053575, -7.782463344867986 ], [ 110.430533074806789, -7.782461106126121 ], [ 110.430520190313118, -7.782456792990346 ], [ 110.430508146177317, -7.782450512784523 ], [ 110.43049724209348, -7.782442421778866 ], [ 110.430487749387751, -7.78243272130184 ], [ 110.430479904266946, -7.782421652730311 ], [ 110.430473901940942, -7.782409491483484 ], [ 110.430469891765412, -7.782396540169425 ], [ 110.430467973525225, -7.782383121055503 ], [ 110.430468194951786, -7.782369568049289 ], [ 110.430510221878919, -7.781930827791076 ], [ 110.43032788237268, -7.781905033143145 ], [ 110.430324906651279, -7.781904559097427 ], [ 110.430317263630016, -7.781902843626637 ], [ 110.430165414070672, -7.781861444575271 ], [ 110.430151327499189, -7.781856250763846 ], [ 110.430138359230924, -7.78184869624283 ], [ 110.430126903300263, -7.781839010552626 ], [ 110.430117307789885, -7.781827487988092 ], [ 110.430109864254462, -7.781814478656649 ], [ 110.43010479886189, -7.78180037784039 ], [ 110.430102818706757, -7.781788837851122 ], [ 110.430102265521327, -7.781785613985547 ], [ 110.430102341206776, -7.781770635684465 ], [ 110.430105023618296, -7.781755898045125 ], [ 110.430107539340227, -7.781749111117166 ], [ 110.430110231251945, -7.781741848863167 ], [ 110.430117805876179, -7.781728915015893 ], [ 110.43012751733977, -7.781717489491446 ], [ 110.430139070564763, -7.781707919448589 ], [ 110.430152114512396, -7.781700495667992 ], [ 110.430166252849048, -7.781695443717414 ], [ 110.430181055988697, -7.781692917097801 ], [ 110.430196074145741, -7.781692992579091 ], [ 110.430210851001334, -7.781695667867931 ], [ 110.430357460348588, -7.781735638265365 ], [ 110.430568803423469, -7.781765535884908 ], [ 110.430581159242323, -7.781684347171362 ], [ 110.430635827010576, -7.781325130862196 ], [ 110.430637525316655, -7.781313511256916 ], [ 110.430722692429413, -7.780730807096956 ], [ 110.430723068490551, -7.780728461697539 ], [ 110.430795894623643, -7.780311321436145 ], [ 110.430969649296841, -7.779157953133979 ], [ 110.430985217948603, -7.779012645999782 ], [ 110.430944177505154, -7.778897219683435 ], [ 110.430940726345611, -7.778884482566474 ], [ 110.430939270986286, -7.778871368649995 ], [ 110.430939845738351, -7.778858187106651 ], [ 110.431011229683889, -7.778269270530353 ], [ 110.431011700496882, -7.778265936068962 ], [ 110.431069532236805, -7.777907379815718 ], [ 110.430675835915181, -7.777850230475281 ], [ 110.430444584918192, -7.777816661680289 ], [ 110.430216502207458, -7.780157425833115 ], [ 110.430195173727299, -7.780376313623178 ], [ 110.430062169547696, -7.781741288468938 ], [ 110.430058209004955, -7.781781933929714 ], [ 110.429979389596497, -7.782590823621087 ], [ 110.429976733375668, -7.782618272348858 ], [ 110.429954471476037, -7.783250303509162 ] ] ] ] } },
{ "type": "Feature", "properties": { "KETERANGAN": "Kosongan", "Fungsi": "Kosongan", "Guna_Lahan": "Sempadan Jalan" }, "geometry": { "type": "MultiPolygon", "coordinates": [ [ [ [ 110.439612298365631, -7.783333387281647 ], [ 110.439625139439158, -7.783365031950995 ], [ 110.439637991853417, -7.783396704562874 ], [ 110.43960997384734, -7.783396703754383 ], [ 110.439482478918094, -7.783396692600966 ], [ 110.43939003475721, -7.78339668448985 ], [ 110.439387381129549, -7.783396739592926 ], [ 110.439385868668282, -7.783396802566309 ], [ 110.439163296205862, -7.783406070000932 ], [ 110.439148718658984, -7.783406676567541 ], [ 110.439060000299747, -7.783406648382622 ], [ 110.438975334314705, -7.78340665530724 ], [ 110.438878525077882, -7.783406663350481 ], [ 110.438610013768539, -7.783406685354593 ], [ 110.438129965227176, -7.783406682935678 ], [ 110.438077896540349, -7.783406703001984 ], [ 110.438019267756815, -7.783406725588721 ], [ 110.437960556580649, -7.78340799755656 ], [ 110.437559344423448, -7.783416689532974 ], [ 110.437261982889794, -7.783416653731542 ], [ 110.437253036692027, -7.783416095837073 ], [ 110.437162340911371, -7.783410439940345 ], [ 110.437165570169455, -7.783384879469685 ], [ 110.437170293159994, -7.783347495686094 ], [ 110.437273851246161, -7.782527802461522 ], [ 110.437293721269484, -7.782408446813804 ], [ 110.437298193735828, -7.782378662708983 ], [ 110.437324251243794, -7.782205134288742 ], [ 110.437353660633221, -7.782009283996646 ], [ 110.43736335013574, -7.781960540093669 ], [ 110.437363568805068, -7.781959372664787 ], [ 110.437443384091765, -7.78150061005055 ], [ 110.437484448446284, -7.781319933900196 ], [ 110.437581138024072, -7.780894515528494 ], [ 110.437593075151312, -7.780841994044217 ], [ 110.43759342035105, -7.780840358847485 ], [ 110.437605182121999, -7.78078005030844 ], [ 110.437631315976205, -7.780646048765684 ], [ 110.437657512855822, -7.780511723955537 ], [ 110.437673468073697, -7.780429913335982 ], [ 110.437673942028965, -7.780426920822854 ], [ 110.437713751386298, -7.780118816210527 ], [ 110.437773493457669, -7.779820015192926 ], [ 110.437774438513728, -7.779809992074421 ], [ 110.437774434961852, -7.779788407126118 ], [ 110.437774416767368, -7.77967802370112 ], [ 110.43777440555732, -7.779610002262877 ], [ 110.437773591369307, -7.779600658079818 ], [ 110.43777318346433, -7.779598573871682 ], [ 110.437693209367211, -7.779228593217619 ], [ 110.437691174487099, -7.779221536413698 ], [ 110.437686950372637, -7.77921257154551 ], [ 110.437673312040673, -7.779189812071483 ], [ 110.437656727415202, -7.779162135856904 ], [ 110.437655334109451, -7.779159932877792 ], [ 110.437615329826286, -7.779099922680266 ], [ 110.437610092794685, -7.779093259415173 ], [ 110.437603880421946, -7.779087489573095 ], [ 110.437596843896415, -7.779082753572504 ], [ 110.437591604155813, -7.779080309383302 ], [ 110.437589154463524, -7.779079166671834 ], [ 110.437348914673152, -7.778989143507333 ], [ 110.437339599769047, -7.778986611069301 ], [ 110.437059565299649, -7.778936584883287 ], [ 110.437056314059504, -7.77893610689772 ], [ 110.43669215511656, -7.778893732002345 ], [ 110.436674402483717, -7.778891666232906 ], [ 110.436674402228689, -7.778889996364463 ], [ 110.436674512128931, -7.778881191717444 ], [ 110.436709848623678, -7.778830695194921 ], [ 110.436744591487724, -7.778781046921368 ], [ 110.436748793884831, -7.778773946370647 ], [ 110.436751869279277, -7.778766292838872 ], [ 110.436871746839699, -7.778386691803394 ], [ 110.436901127720233, -7.778298654728426 ], [ 110.436901674682758, -7.778296835545508 ], [ 110.436903740160687, -7.778289566358094 ], [ 110.436981830330254, -7.778046483045348 ], [ 110.436983616131855, -7.77803918800843 ], [ 110.437033697073787, -7.777738868516765 ], [ 110.437033751486567, -7.777738524516138 ], [ 110.437050336003409, -7.777613343450287 ], [ 110.437069165933181, -7.777615558754668 ], [ 110.437583464941852, -7.777676064697406 ], [ 110.437850637636672, -7.777707496620446 ], [ 110.437947442415052, -7.777718885318055 ], [ 110.437951643924336, -7.777719134400765 ], [ 110.437952547334319, -7.777719124376341 ], [ 110.438117616133368, -7.777715241948782 ], [ 110.43844647725841, -7.777707506924482 ], [ 110.438464134238913, -7.777775481806314 ], [ 110.438469111004096, -7.777794641082409 ], [ 110.43848073675592, -7.777839397254263 ], [ 110.438482574997053, -7.777844724803943 ], [ 110.438485220245312, -7.777849703125894 ], [ 110.438488608354547, -7.777854211497926 ], [ 110.438492657164531, -7.777858140593837 ], [ 110.438497268493336, -7.777861395134694 ], [ 110.438502330518148, -7.777863896199233 ], [ 110.438726654321826, -7.777953780291315 ], [ 110.439096264440934, -7.778144158795797 ], [ 110.439175877881965, -7.778185165964805 ], [ 110.43925063358094, -7.778223670995186 ], [ 110.439254827168966, -7.778225506534481 ], [ 110.439257014311693, -7.778226226127033 ], [ 110.439685520597777, -7.778352314908275 ], [ 110.439747201216193, -7.778370464505256 ], [ 110.440056324137274, -7.778461424145179 ], [ 110.440056285057167, -7.778461512201304 ], [ 110.440025848902238, -7.778530091579067 ], [ 110.440025134221415, -7.778531821426862 ], [ 110.439711681948793, -7.779349958882167 ], [ 110.439709944464937, -7.7793562960805 ], [ 110.439709434617939, -7.77936073366064 ], [ 110.439707382150814, -7.779400060434147 ], [ 110.439651552152696, -7.77955456966336 ], [ 110.439649982031895, -7.779560453828696 ], [ 110.43964980787463, -7.77956152422394 ], [ 110.43960805270568, -7.779844959327738 ], [ 110.439481767729575, -7.780215649222719 ], [ 110.439421030631308, -7.780201007530773 ], [ 110.439418854394049, -7.780200552829079 ], [ 110.43941489542884, -7.780200073267282 ], [ 110.439188846652357, -7.78018520163858 ], [ 110.439186506913742, -7.780185123208954 ], [ 110.439183352563006, -7.780185256058935 ], [ 110.439049686932321, -7.780196713125818 ], [ 110.439064803182191, -7.780145485350459 ], [ 110.439179081427497, -7.780135690057697 ], [ 110.439186573009607, -7.780135374538814 ], [ 110.439192129888184, -7.780135560809113 ], [ 110.439418178638405, -7.78015043243423 ], [ 110.439427581179757, -7.780151571393298 ], [ 110.439432749742707, -7.780152651309674 ], [ 110.439449197280013, -7.780156616263978 ], [ 110.439559362078285, -7.77983324471037 ], [ 110.439600456883468, -7.779554292387107 ], [ 110.439600870507235, -7.779551750198484 ], [ 110.439604599545603, -7.779537775306311 ], [ 110.439657910165963, -7.779391305170313 ], [ 110.439659622074174, -7.77935813171132 ], [ 110.439660832961991, -7.779347592458747 ], [ 110.439664959487658, -7.779332541613291 ], [ 110.439978539378117, -7.778514063861093 ], [ 110.439980236745498, -7.77850995547267 ], [ 110.439987715289575, -7.77849310466787 ], [ 110.439562961043279, -7.778368120293858 ], [ 110.439242899363521, -7.778273941491516 ], [ 110.439237704898986, -7.778272232459086 ], [ 110.439227745126658, -7.778267873052632 ], [ 110.439171084814774, -7.77823868856205 ], [ 110.439080824366826, -7.778192196249278 ], [ 110.438705865969737, -7.777999064057307 ], [ 110.438483735435938, -7.777910058780308 ], [ 110.438471713126177, -7.777904118751316 ], [ 110.438470419008851, -7.777903205401177 ], [ 110.438460761219872, -7.777896389216002 ], [ 110.438451145296199, -7.777887057612445 ], [ 110.438443098537306, -7.777876350228186 ], [ 110.43843681607369, -7.777864526712984 ], [ 110.438432450252321, -7.777851873782074 ], [ 110.43841287858973, -7.777776527846889 ], [ 110.438408110496425, -7.777758171893859 ], [ 110.438128397656911, -7.777764750906674 ], [ 110.437953723302698, -7.77776885925798 ], [ 110.437951577703757, -7.777768883065929 ], [ 110.437941599118062, -7.777768291494396 ], [ 110.437792678044502, -7.777750771511109 ], [ 110.437585003962724, -7.777726339376706 ], [ 110.437133965954459, -7.777673275964745 ], [ 110.437124704813144, -7.777738749074661 ], [ 110.437124174175821, -7.77774554639031 ], [ 110.437123218849209, -7.777753365461195 ], [ 110.437072994290929, -7.778054520852611 ], [ 110.437071355271613, -7.778061476003351 ], [ 110.437069835732629, -7.778067912293857 ], [ 110.437068135896439, -7.778074063103327 ], [ 110.437067046791825, -7.778077543739609 ], [ 110.436990576822922, -7.778315704284897 ], [ 110.436988737919194, -7.778322156949683 ], [ 110.436987998168092, -7.778324635501118 ], [ 110.436987178294416, -7.778327220876341 ], [ 110.436958029268808, -7.778414563271601 ], [ 110.436838372309211, -7.778793465996903 ], [ 110.436837050745311, -7.778797342365847 ], [ 110.436836052721404, -7.778799941164215 ], [ 110.436832977328166, -7.778807594696712 ], [ 110.436827685054183, -7.778818437074211 ], [ 110.437066824026203, -7.778846264138187 ], [ 110.437069539776871, -7.778846621691965 ], [ 110.437072791016362, -7.778847099677383 ], [ 110.437075493994087, -7.77884753876523 ], [ 110.437355589796169, -7.778897575859988 ], [ 110.437363451390112, -7.778899343058179 ], [ 110.43737276629254, -7.778901875495572 ], [ 110.43738042936144, -7.778904328959372 ], [ 110.43762105197105, -7.778994493610286 ], [ 110.437627577259562, -7.778997233201965 ], [ 110.437635266691387, -7.779000820101884 ], [ 110.437642294351292, -7.779004479836159 ], [ 110.437647575824556, -7.779007777047411 ], [ 110.437654612349519, -7.779012513047125 ], [ 110.437662268553112, -7.779018276482747 ], [ 110.4376656868385, -7.779021294669713 ], [ 110.437671899211267, -7.779027064510913 ], [ 110.437679644510126, -7.779035209975245 ], [ 110.437681469540237, -7.779037457095442 ], [ 110.437686706572393, -7.779044120359702 ], [ 110.437690853300865, -7.779049843094006 ], [ 110.437730857591035, -7.779109853284979 ], [ 110.437732040767315, -7.779111675204213 ], [ 110.43773343407338, -7.779113878183163 ], [ 110.437734575992692, -7.77911573276624 ], [ 110.437765175676219, -7.77916680899822 ], [ 110.43776903104029, -7.779174100868508 ], [ 110.43777325515623, -7.779183065735944 ], [ 110.437776438525944, -7.779190712876001 ], [ 110.437778333929117, -7.779196536274437 ], [ 110.437780368810621, -7.779203593078109 ], [ 110.437781864876627, -7.779209531019168 ], [ 110.437783732361723, -7.779218171403215 ], [ 110.437850218868675, -7.779525788841763 ], [ 110.43786201752917, -7.779580378423928 ], [ 110.437862765355774, -7.779584199472113 ], [ 110.437863943253134, -7.779592827077364 ], [ 110.437864757443137, -7.779602171260424 ], [ 110.437865097971397, -7.779609987385464 ], [ 110.437865130931385, -7.779810044708495 ], [ 110.43786473261207, -7.779818460630332 ], [ 110.437863787558115, -7.779828483749188 ], [ 110.437862610961332, -7.779836772148935 ], [ 110.437803302000631, -7.780133458096304 ], [ 110.437763890843527, -7.780438481332022 ], [ 110.437763523904906, -7.780441033702665 ], [ 110.437763049950235, -7.780444026215918 ], [ 110.437762627038694, -7.780446460986726 ], [ 110.437748165868101, -7.780520611507082 ], [ 110.437719864904679, -7.780665726304109 ], [ 110.437694250900179, -7.780797063461844 ], [ 110.4376823059484, -7.780858311797354 ], [ 110.437681673008555, -7.780861310038953 ], [ 110.437669704108728, -7.780913973308612 ], [ 110.437573004728677, -7.781339450895941 ], [ 110.43753234540462, -7.781518351746318 ], [ 110.437452836271106, -7.781975339129502 ], [ 110.43745240617514, -7.781977640320805 ], [ 110.437443037145371, -7.782024786267939 ], [ 110.437413499831777, -7.782221469711256 ], [ 110.437387509810335, -7.782394532208252 ], [ 110.43738330171837, -7.782422553057134 ], [ 110.437363610591603, -7.782540869047751 ], [ 110.43726098892742, -7.783353151580095 ], [ 110.437263969571674, -7.783353337456272 ], [ 110.437558658323212, -7.783353372932301 ], [ 110.4380185677106, -7.783343416545113 ], [ 110.438129955224269, -7.783343366413365 ], [ 110.438610011124609, -7.783343368825483 ], [ 110.439060007782771, -7.783343331850388 ], [ 110.439147404187082, -7.783343359612 ], [ 110.439384733094343, -7.783333478158803 ], [ 110.439389782337301, -7.783333373310256 ], [ 110.439390040348897, -7.783333367952616 ], [ 110.439501912187325, -7.783333377764572 ], [ 110.439609977896978, -7.783333387214668 ], [ 110.439612298365631, -7.783333387281647 ] ] ] ] } },
{ "type": "Feature", "properties": { "KETERANGAN": "Kosongan", "Fungsi": "Kosongan", "Guna_Lahan": "Sempadan Jalan" }, "geometry": { "type": "MultiPolygon", "coordinates": [ [ [ [ 110.435396360419318, -7.777191045829722 ], [ 110.436033346935346, -7.777316560288386 ], [ 110.436937368652238, -7.777591450963167 ], [ 110.436951089213451, -7.777595623029631 ], [ 110.436926903104819, -7.777718709254372 ], [ 110.436926451082158, -7.777720421578356 ], [ 110.436925802972397, -7.777724307968041 ], [ 110.436882877424139, -7.777981710780686 ], [ 110.436876955241104, -7.778017223087774 ], [ 110.436869233207872, -7.778041364550666 ], [ 110.436815946459461, -7.778207955170488 ], [ 110.43681494980143, -7.778211071026197 ], [ 110.436807981585702, -7.778208733942274 ], [ 110.436790903595707, -7.778202524371118 ], [ 110.436478617163033, -7.778088976618966 ], [ 110.436473341603858, -7.778087355659367 ], [ 110.436378743980171, -7.778063455468144 ], [ 110.435652151988208, -7.777879880440552 ], [ 110.435523390218108, -7.777847348358645 ], [ 110.435521997675465, -7.777847015910959 ], [ 110.435396812460297, -7.777818861405287 ], [ 110.435339871125962, -7.777806055126388 ], [ 110.435152260504154, -7.77775567180802 ], [ 110.435212474629893, -7.777447311293187 ], [ 110.435267475130729, -7.777165649615454 ], [ 110.435396360419318, -7.777191045829722 ] ], [ [ 110.43650968049721, -7.778003995662391 ], [ 110.436757203105202, -7.778093995221169 ], [ 110.436788565367635, -7.777995947250183 ], [ 110.43683707300103, -7.777705088705334 ], [ 110.436838747888984, -7.777697391784678 ], [ 110.436841158645308, -7.777688259515069 ], [ 110.436843680576047, -7.777680239813155 ], [ 110.436846410447544, -7.777673635632787 ], [ 110.43686232969695, -7.777620643008718 ], [ 110.436021208856388, -7.77736487886031 ], [ 110.435389049856994, -7.777240315629618 ], [ 110.43530687456996, -7.777224123396786 ], [ 110.43526133426144, -7.777457338825137 ], [ 110.435216047836079, -7.77768925378651 ], [ 110.435324845166249, -7.777712656148061 ], [ 110.435334432884844, -7.777713306706548 ], [ 110.435343832380937, -7.777714575476797 ], [ 110.435347536566908, -7.777715153475619 ], [ 110.435351619009012, -7.777715973873198 ], [ 110.435542528827241, -7.777758914051672 ], [ 110.435545081821587, -7.777759523539068 ], [ 110.436495612341872, -7.777999673104514 ], [ 110.436500043011733, -7.778000912629876 ], [ 110.436505318569957, -7.778002533589094 ], [ 110.43650968049721, -7.778003995662391 ] ] ] ] } },
{ "type": "Feature", "properties": { "KETERANGAN": "Kosongan", "Fungsi": "Kosongan", "Guna_Lahan": "Sempadan Jalan" }, "geometry": { "type": "MultiPolygon", "coordinates": [ [ [ [ 110.432479596493948, -7.780520770147692 ], [ 110.433261800572325, -7.780673613907983 ], [ 110.433114592035039, -7.781322051031472 ], [ 110.43311422134758, -7.781323911683825 ], [ 110.433097127143995, -7.781426558830271 ], [ 110.433077723306553, -7.781515187122664 ], [ 110.433034590024732, -7.781702023604558 ], [ 110.43295787791061, -7.782044432963423 ], [ 110.432910876021708, -7.782248890982037 ], [ 110.432427140585432, -7.782174467116918 ], [ 110.432147127930506, -7.782105642469039 ], [ 110.432479596493948, -7.780520770147692 ] ], [ [ 110.433024138028685, -7.781502856176182 ], [ 110.433030752505815, -7.781461462327646 ], [ 110.43305783356945, -7.781308332502042 ], [ 110.433205006312775, -7.780714053516252 ], [ 110.432506084154824, -7.780577383779224 ], [ 110.432205291415357, -7.782064646158878 ], [ 110.432460765092927, -7.782126015066445 ], [ 110.432870538629416, -7.782182803681813 ], [ 110.433024138028685, -7.781502856176182 ] ] ] ] } },
{ "type": "Feature", "properties": { "KETERANGAN": "Kosongan", "Fungsi": "Permukiman", "Guna_Lahan": "Kawasan Perumahan" }, "geometry": { "type": "MultiPolygon", "coordinates": [ [ [ [ 110.433024138028685, -7.781502856176182 ], [ 110.432870538629416, -7.782182803681813 ], [ 110.432460765092927, -7.782126015066445 ], [ 110.432205291415357, -7.782064646158878 ], [ 110.432506084154824, -7.780577383779224 ], [ 110.433205006312775, -7.780714053516252 ], [ 110.43305783356945, -7.781308332502042 ], [ 110.433030752505815, -7.781461462327646 ], [ 110.433024138028685, -7.781502856176182 ] ] ] ] } },
{ "type": "Feature", "properties": { "KETERANGAN": "Lahan Terbangun", "Fungsi": "Fasilitas Sosial", "Guna_Lahan": "Kawasan Kesehatan" }, "geometry": { "type": "MultiPolygon", "coordinates": [ [ [ [ 110.43062602347392, -7.783329146063303 ], [ 110.430210942146132, -7.78332340273519 ], [ 110.430206722766727, -7.783323438147642 ], [ 110.430194956712171, -7.783323738888273 ], [ 110.430208278211438, -7.783107423512598 ], [ 110.430211568233915, -7.783069974076096 ], [ 110.430220927601866, -7.783069268682243 ], [ 110.430233713038575, -7.782930359571479 ], [ 110.430294895600085, -7.782935587161047 ], [ 110.430296233306876, -7.782922306599544 ], [ 110.430408642885624, -7.782930714149509 ], [ 110.43041164188682, -7.782931077158961 ], [ 110.430408949035154, -7.782970561635442 ], [ 110.430467732502066, -7.782975426996647 ], [ 110.430458615733841, -7.783063066355644 ], [ 110.43045640681224, -7.783112914114863 ], [ 110.430485248491394, -7.783113981921282 ], [ 110.430482094581322, -7.783175052603144 ], [ 110.430627985266469, -7.783178503224717 ], [ 110.43062602347392, -7.783329146063303 ] ] ] ] } },
{ "type": "Feature", "properties": { "KETERANGAN": null, "Fungsi": "Fasilitas Sosial", "Guna_Lahan": "Kawasan Perumahan" }, "geometry": { "type": "MultiPolygon", "coordinates": [ [ [ [ 110.440215165435504, -7.784054645754897 ], [ 110.440215165435475, -7.784052303965282 ], [ 110.439981978256782, -7.784042786121194 ], [ 110.439974438880682, -7.783586653832292 ], [ 110.440020013032921, -7.783586652180711 ], [ 110.440160008183014, -7.783586656070876 ], [ 110.440324020542306, -7.78358665217442 ], [ 110.440319399999936, -7.783858599999955 ], [ 110.440215165435504, -7.784054645754897 ] ] ] ] } },
{ "type": "Feature", "properties": { "KETERANGAN": "Lahan Terbangun", "Fungsi": "Fasilitas Umum", "Guna_Lahan": "Kawasan Perdagangan dan Jasa" }, "geometry": { "type": "MultiPolygon", "coordinates": [ [ [ [ 110.435624984099476, -7.783568366451644 ], [ 110.435605060874323, -7.784065306771108 ], [ 110.43525157435937, -7.784072286758332 ], [ 110.435314646637124, -7.783567514257984 ], [ 110.43541472298071, -7.783566628522651 ], [ 110.435470216736178, -7.783566618689491 ], [ 110.435473911676141, -7.783568665035778 ], [ 110.435487550260831, -7.783574793307843 ], [ 110.435497322517818, -7.783578157484039 ], [ 110.435511820902065, -7.783581830633515 ], [ 110.435522030436999, -7.783583451276188 ], [ 110.435536948094267, -7.783584557696248 ], [ 110.435547284695261, -7.783584385562979 ], [ 110.435562168359667, -7.783582891635497 ], [ 110.435572317953984, -7.783580931956379 ], [ 110.43558671539266, -7.783576883073517 ], [ 110.435596369589831, -7.783573195392424 ], [ 110.435607164881048, -7.783568002905966 ], [ 110.435624984099476, -7.783568366451644 ] ] ] ] } },
{ "type": "Feature", "properties": { "KETERANGAN": "Lahan Terbangun", "Fungsi": "Fasilitas Sosial", "Guna_Lahan": "Kawasan Pelayanan Umum dan Sosial" }, "geometry": { "type": "MultiPolygon", "coordinates": [ [ [ [ 110.437007408889443, -7.783596568245032 ], [ 110.437009900298278, -7.783596594664211 ], [ 110.437029892569214, -7.783596601105872 ], [ 110.437032113620688, -7.78359778401296 ], [ 110.437040182437599, -7.783601731417587 ], [ 110.437048990774656, -7.783605478972937 ], [ 110.437054129272525, -7.783607180377212 ], [ 110.437062739494905, -7.783609749390976 ], [ 110.437072865741825, -7.783612149009922 ], [ 110.43707739537362, -7.783612834562187 ], [ 110.43708631213687, -7.783613955109012 ], [ 110.437097529377866, -7.78361466462696 ], [ 110.437101277284739, -7.783614592336278 ], [ 110.437110257362576, -7.783614233850439 ], [ 110.43712225999522, -7.783612952869695 ], [ 110.437125123569018, -7.783612405751814 ], [ 110.437133922008087, -7.783610578011926 ], [ 110.437146334067862, -7.783607064635282 ], [ 110.437148283761175, -7.78360633445318 ], [ 110.437156660562692, -7.783603087315221 ], [ 110.437161587009911, -7.783600713425371 ], [ 110.437252072555722, -7.783606356212111 ], [ 110.437259904070402, -7.783606602978396 ], [ 110.437560015237707, -7.783606639167299 ], [ 110.437562789876466, -7.783606609260977 ], [ 110.437868660594162, -7.783599978005479 ], [ 110.4379170701352, -7.783598928469779 ], [ 110.437906236704634, -7.783685793127336 ], [ 110.437904448909677, -7.783700128027708 ], [ 110.437874217975633, -7.783981753738096 ], [ 110.437840786060192, -7.784366133566306 ], [ 110.437820625322558, -7.78459792898048 ], [ 110.437817317340546, -7.78459829680096 ], [ 110.437675230028205, -7.784614095720166 ], [ 110.437535896365034, -7.784614050988248 ], [ 110.437470705081139, -7.784520819773594 ], [ 110.437461549014998, -7.784509807373723 ], [ 110.437450687930024, -7.784500462605361 ], [ 110.437438422865512, -7.784493044479515 ], [ 110.437425093775033, -7.784487758606019 ], [ 110.437411070104091, -7.784484751494659 ], [ 110.437171854735851, -7.784453938659596 ], [ 110.437166023245808, -7.784354973020029 ], [ 110.437164100787427, -7.784341287672293 ], [ 110.437160003615588, -7.784328086637217 ], [ 110.437153837693089, -7.784315711324953 ], [ 110.437145762485585, -7.78430448179058 ], [ 110.437135986837262, -7.784294688456511 ], [ 110.437124763569727, -7.78428658460165 ], [ 110.437112382943383, -7.784280379810895 ], [ 110.437099165150698, -7.784276234554888 ], [ 110.436879141514098, -7.784226203710606 ], [ 110.436875721436365, -7.784225498428734 ], [ 110.43665242724542, -7.784184139447873 ], [ 110.436335432860133, -7.784125424923046 ], [ 110.436329996528613, -7.784124616786299 ], [ 110.435899977789376, -7.784074668130331 ], [ 110.43589395667135, -7.784074181383357 ], [ 110.435673954228946, -7.784064121698221 ], [ 110.435669211911573, -7.784064040005372 ], [ 110.435605060874323, -7.784065306771108 ], [ 110.435624984099476, -7.783568366451644 ], [ 110.436714570425551, -7.783590594646868 ], [ 110.437007408889443, -7.783596568245032 ] ] ] ] } },
{ "type": "Feature", "properties": { "KETERANGAN": null, "Fungsi": "Area Terbuka", "Guna_Lahan": "Kawasan Perumahan" }, "geometry": { "type": "MultiPolygon", "coordinates": [ [ [ [ 110.438460761219872, -7.777896389216002 ], [ 110.438571525015107, -7.778426514785672 ], [ 110.438445084392498, -7.778397614026852 ], [ 110.438304696193114, -7.778371439955786 ], [ 110.438179447747203, -7.777999173741385 ], [ 110.438128397656911, -7.777764750906674 ], [ 110.438408110496425, -7.777758171893859 ], [ 110.43841287858973, -7.777776527846889 ], [ 110.438432450252321, -7.777851873782074 ], [ 110.43843681607369, -7.777864526712984 ], [ 110.438443098537306, -7.777876350228186 ], [ 110.438451145296199, -7.777887057612445 ], [ 110.438460761219872, -7.777896389216002 ] ] ] ] } },
{ "type": "Feature", "properties": { "KETERANGAN": "Jalan", "Fungsi": "Jalan", "Guna_Lahan": "Jalan" }, "geometry": { "type": "MultiPolygon", "coordinates": [ [ [ [ 110.4390224471435, -7.780271676466262 ], [ 110.438981362268834, -7.780275198018456 ], [ 110.438975038773236, -7.780275188335573 ], [ 110.438968813031636, -7.78027408364659 ], [ 110.438962874210134, -7.780271917516848 ], [ 110.438957402756799, -7.780268755763172 ], [ 110.438952564919006, -7.780264694453914 ], [ 110.438948507692032, -7.780259856989759 ], [ 110.43894535435264, -7.780254390354808 ], [ 110.43894320071341, -7.780248460649938 ], [ 110.438942112211592, -7.780242248046238 ], [ 110.438942121920647, -7.780235941310512 ], [ 110.438943229545572, -7.780229732069801 ], [ 110.438945401431681, -7.780223808988679 ], [ 110.438948571587289, -7.780218352036961 ], [ 110.438952643688779, -7.780213527021333 ], [ 110.438957494007411, -7.780209480547434 ], [ 110.438962975168735, -7.780206335565357 ], [ 110.438968920630458, -7.780204187633668 ], [ 110.43897514974276, -7.78020310201623 ], [ 110.438992298136228, -7.780201632157786 ], [ 110.439049686932321, -7.780196713125818 ], [ 110.439047200718861, -7.780205138705237 ], [ 110.43898990000001, -7.780202799999948 ], [ 110.438978221406785, -7.780254185811006 ], [ 110.438977900000168, -7.780255599999966 ], [ 110.439022, -7.780265 ], [ 110.4390224471435, -7.780271676466262 ] ] ] ] } },
{ "type": "Feature", "properties": { "KETERANGAN": "Kosongan", "Fungsi": "Kosongan", "Guna_Lahan": "Sempadan Jalan" }, "geometry": { "type": "MultiPolygon", "coordinates": [ [ [ [ 110.439049686932321, -7.780196713125818 ], [ 110.438992298136228, -7.780201632157786 ], [ 110.43897514974276, -7.78020310201623 ], [ 110.438968920630458, -7.780204187633668 ], [ 110.438962975168735, -7.780206335565357 ], [ 110.438957494007411, -7.780209480547434 ], [ 110.438952643688779, -7.780213527021333 ], [ 110.438948571587289, -7.780218352036961 ], [ 110.438945401431681, -7.780223808988679 ], [ 110.438943229545572, -7.780229732069801 ], [ 110.438942121920647, -7.780235941310512 ], [ 110.438942112211592, -7.780242248046238 ], [ 110.43894320071341, -7.780248460649938 ], [ 110.43894535435264, -7.780254390354808 ], [ 110.438948507692032, -7.780259856989759 ], [ 110.438952564919006, -7.780264694453914 ], [ 110.438957402756799, -7.780268755763172 ], [ 110.438962874210134, -7.780271917516848 ], [ 110.438968813031636, -7.78027408364659 ], [ 110.438975038773236, -7.780275188335573 ], [ 110.438981362268834, -7.780275198018456 ], [ 110.4390224471435, -7.780271676466262 ], [ 110.439023394202707, -7.780285817361194 ], [ 110.439012583495668, -7.78032245401629 ], [ 110.438985633381208, -7.780324764019836 ], [ 110.438970615077409, -7.780324741022944 ], [ 110.438955828939527, -7.780322117386176 ], [ 110.438941724237125, -7.780316972827457 ], [ 110.43892872953468, -7.780309463661678 ], [ 110.438917239669777, -7.780299818051205 ], [ 110.438907603756135, -7.780288329073092 ], [ 110.438900114576072, -7.780275345814382 ], [ 110.438899057421779, -7.780272435106439 ], [ 110.438894999684379, -7.78026126276481 ], [ 110.438892414494219, -7.780246507830829 ], [ 110.438892437555026, -7.780231529333671 ], [ 110.438895068165834, -7.78021678238736 ], [ 110.438900226396612, -7.780202715070311 ], [ 110.438907755516908, -7.780189754810816 ], [ 110.438917426758152, -7.780178295399603 ], [ 110.438923404305683, -7.780173308513113 ], [ 110.438928946264511, -7.780168685024957 ], [ 110.438941964021652, -7.78016121569312 ], [ 110.438956084491807, -7.780156114355844 ], [ 110.438970878631864, -7.780153536014671 ], [ 110.439030324329096, -7.780148440678968 ], [ 110.439064803182191, -7.780145485350459 ], [ 110.439049686932321, -7.780196713125818 ] ] ] ] } },
{ "type": "Feature", "properties": { "KETERANGAN": "Kosongan", "Fungsi": "Kosongan", "Guna_Lahan": "Sempadan Jalan" }, "geometry": { "type": "MultiPolygon", "coordinates": [ [ [ [ 110.439637991853417, -7.783396704562874 ], [ 110.439625139439158, -7.783365031950995 ], [ 110.439612298365631, -7.783333387281647 ], [ 110.439819964283373, -7.783333393226773 ], [ 110.440020011830583, -7.783333386004997 ], [ 110.440160008829167, -7.783333389889195 ], [ 110.440515946963302, -7.783333381357574 ], [ 110.440519730497982, -7.783215829173208 ], [ 110.440521477725582, -7.78316154379841 ], [ 110.440522815815683, -7.783148972226452 ], [ 110.440600529387524, -7.782729784626475 ], [ 110.440602714447294, -7.782699922231616 ], [ 110.440504556135252, -7.782661253794444 ], [ 110.440494531572071, -7.782656540372148 ], [ 110.440485196595432, -7.782650582553841 ], [ 110.440476705663286, -7.782643478918509 ], [ 110.440426736982488, -7.782595889691557 ], [ 110.440417143759447, -7.782585075959772 ], [ 110.440409501398562, -7.782572812898817 ], [ 110.440404025675718, -7.782559446746589 ], [ 110.440400871193489, -7.782545354885911 ], [ 110.440400127015906, -7.782530935189415 ], [ 110.440404885967368, -7.782385788071141 ], [ 110.440406168741234, -7.782373563040337 ], [ 110.440406858294025, -7.782370105944504 ], [ 110.440497277887332, -7.781960838674572 ], [ 110.440499833638768, -7.781951703049362 ], [ 110.440508963022594, -7.781924885507079 ], [ 110.439638833730683, -7.78186472221185 ], [ 110.439624226283911, -7.781862443955013 ], [ 110.439610224462854, -7.781857708439886 ], [ 110.439597240585385, -7.781850655115425 ], [ 110.43958565699343, -7.781841491683938 ], [ 110.439575814794068, -7.781830487985061 ], [ 110.439568003814713, -7.781817968049634 ], [ 110.439562454068522, -7.781804300557675 ], [ 110.439559328981062, -7.781789887981738 ], [ 110.439558720577864, -7.781775154735251 ], [ 110.439575116662638, -7.781409938161141 ], [ 110.439542423376778, -7.781375874129113 ], [ 110.439420914399221, -7.781249270522484 ], [ 110.439394872629592, -7.781222136859583 ], [ 110.439386279063598, -7.781211637559728 ], [ 110.43937944787973, -7.781199921094073 ], [ 110.439374549065036, -7.781187279015214 ], [ 110.439371704521434, -7.781174025908536 ], [ 110.439370985032298, -7.781160491564314 ], [ 110.4393724085012, -7.7811470127711 ], [ 110.439527015254981, -7.780352738037791 ], [ 110.439490360810851, -7.780343268743939 ], [ 110.439484737314302, -7.780341832092722 ], [ 110.439475837169397, -7.780339468992588 ], [ 110.439399455577586, -7.780321433353363 ], [ 110.43918731694977, -7.7803074768614 ], [ 110.439025772161997, -7.780321323561596 ], [ 110.439012583495668, -7.78032245401629 ], [ 110.439023394202707, -7.780285817361194 ], [ 110.4390224471435, -7.780271676466262 ], [ 110.439186820151761, -7.780257587344749 ], [ 110.439407012035232, -7.780272073654309 ], [ 110.439492984529764, -7.780292639844909 ], [ 110.439496731480006, -7.780293634550639 ], [ 110.439499100329485, -7.780294237458763 ], [ 110.439584954465801, -7.780316125386997 ], [ 110.439421447726218, -7.781156105261275 ], [ 110.439420848371526, -7.781161780542762 ], [ 110.439421151314988, -7.781167479214019 ], [ 110.439422349018201, -7.781173059469342 ], [ 110.439424411677535, -7.781178382449755 ], [ 110.43942728796587, -7.781183315698163 ], [ 110.43943090630961, -7.781187736455732 ], [ 110.439452437606107, -7.781210170526053 ], [ 110.439532651412918, -7.781293747541588 ], [ 110.439581867723149, -7.781345027376939 ], [ 110.439625902036582, -7.781390907929483 ], [ 110.439608551751377, -7.781777380004494 ], [ 110.439608807921871, -7.78178358347677 ], [ 110.439610123748878, -7.781789651929701 ], [ 110.439612460484682, -7.781795406662953 ], [ 110.439615749318449, -7.781800678214423 ], [ 110.439619893402522, -7.781805311350421 ], [ 110.439624770704285, -7.781809169637005 ], [ 110.439630237599715, -7.781812139457511 ], [ 110.439636133102752, -7.781814133358329 ], [ 110.439642283605977, -7.781815092624242 ], [ 110.440577015374302, -7.781879722645168 ], [ 110.44054706660657, -7.781967697118926 ], [ 110.440545990501079, -7.781971543698122 ], [ 110.440455570951229, -7.78238081098141 ], [ 110.440455280613392, -7.782382266600728 ], [ 110.440454740498652, -7.782387413982224 ], [ 110.440449981564242, -7.782532561102267 ], [ 110.440450294902888, -7.782538632553389 ], [ 110.440451623106625, -7.782544565968324 ], [ 110.440453928674671, -7.782550193821714 ], [ 110.440457146511207, -7.782555357215519 ], [ 110.440461185763141, -7.782559910365377 ], [ 110.440511154444138, -7.782607499588376 ], [ 110.440514729573408, -7.782610490592427 ], [ 110.440518660089708, -7.782612999147268 ], [ 110.440522880958099, -7.782614983745851 ], [ 110.440611728016705, -7.782649984112423 ], [ 110.440655131232404, -7.782667082345194 ], [ 110.440653337708952, -7.782691593805853 ], [ 110.440650078455633, -7.782736136874844 ], [ 110.440571896722744, -7.783157846635238 ], [ 110.440571333316996, -7.783163139928799 ], [ 110.440569781593084, -7.783211351292951 ], [ 110.440565853987167, -7.783333380137486 ], [ 110.44056381608506, -7.783396696725986 ], [ 110.440513909053664, -7.783396697946734 ], [ 110.440160008635232, -7.783396706434912 ], [ 110.440020012098429, -7.783396702549167 ], [ 110.439819964433255, -7.783396709768876 ], [ 110.439637991853417, -7.783396704562874 ] ] ] ] } },
{ "type": "Feature", "properties": { "KETERANGAN": null, "Fungsi": "Sempadan Sungai", "Guna_Lahan": "Sempadan Sungai" }, "geometry": { "type": "MultiPolygon", "coordinates": [ [ [ [ 110.439321454980046, -7.778297056667722 ], [ 110.439176900695571, -7.778829739886218 ], [ 110.439162001333841, -7.77891525064486 ], [ 110.439006839390842, -7.778899039673993 ], [ 110.439009440987164, -7.778861416583625 ], [ 110.439054055881016, -7.778682957008214 ], [ 110.439107593753619, -7.778513420411566 ], [ 110.43916113162625, -7.778349832467369 ], [ 110.439171084814774, -7.77823868856205 ], [ 110.439227745126658, -7.778267873052632 ], [ 110.439237704898986, -7.778272232459086 ], [ 110.439242899363521, -7.778273941491516 ], [ 110.439321454980046, -7.778297056667722 ] ] ] ] } },
{ "type": "Feature", "properties": { "KETERANGAN": null, "Fungsi": "Sempadan Sungai", "Guna_Lahan": "Sempadan Sungai" }, "geometry": { "type": "MultiPolygon", "coordinates": [ [ [ [ 110.439162001333585, -7.77891525064661 ], [ 110.439144390134388, -7.779016325201131 ], [ 110.439150539108965, -7.779122998045688 ], [ 110.439157283583199, -7.779247037884505 ], [ 110.439177941155364, -7.779399635601577 ], [ 110.439179164251655, -7.779417969165848 ], [ 110.439178064663963, -7.779435006235803 ], [ 110.439105323857419, -7.780002103611352 ], [ 110.439104325412359, -7.780008624081185 ], [ 110.439100889379077, -7.78002319202336 ], [ 110.439064803182191, -7.780145485350459 ], [ 110.439030324329096, -7.780148440678968 ], [ 110.439036099999981, -7.780046699999934 ], [ 110.438960700687801, -7.780001234467508 ], [ 110.438973154206707, -7.779932174036555 ], [ 110.439056435341925, -7.779539562970507 ], [ 110.439087368334938, -7.779334929324015 ], [ 110.439054055881016, -7.779080326996267 ], [ 110.439001707738853, -7.778973251251047 ], [ 110.439006839390842, -7.778899039673993 ], [ 110.439162001333585, -7.77891525064661 ] ] ] ] } },
{ "type": "Feature", "properties": { "KETERANGAN": null, "Fungsi": "Sempadan Sungai", "Guna_Lahan": "Sempadan Sungai" }, "geometry": { "type": "MultiPolygon", "coordinates": [ [ [ [ 110.439560858424926, -7.784716971801348 ], [ 110.439442967297921, -7.784723521124206 ], [ 110.439428146353023, -7.784725219935154 ], [ 110.439421012505392, -7.784727020407474 ], [ 110.439466000067711, -7.784540148991419 ], [ 110.439473138450722, -7.78450445707631 ], [ 110.439462430876148, -7.784361689415965 ], [ 110.439448154110039, -7.784290305585741 ], [ 110.43942316976964, -7.784186799032004 ], [ 110.439412462195051, -7.784126122776326 ], [ 110.439405323812039, -7.784015477839556 ], [ 110.439387477854396, -7.783940524817782 ], [ 110.439405323812039, -7.783911971285798 ], [ 110.439433877343987, -7.783854864221619 ], [ 110.439443955880989, -7.783586638837152 ], [ 110.439609963083967, -7.783586653372462 ], [ 110.439670099728346, -7.78358665510739 ], [ 110.439670329890745, -7.783590932349028 ], [ 110.439669352542822, -7.783655866750459 ], [ 110.439662427407413, -7.784115966592656 ], [ 110.439660499606163, -7.784136778591629 ], [ 110.439587871423882, -7.784560726456784 ], [ 110.439587214815404, -7.784564217670745 ], [ 110.439560888142921, -7.784694602238782 ], [ 110.439560858424926, -7.784716971801348 ] ] ] ] } },
{ "type": "Feature", "properties": { "KETERANGAN": null, "Fungsi": "Sempadan Sungai", "Guna_Lahan": "Sempadan Sungai" }, "geometry": { "type": "MultiPolygon", "coordinates": [ [ [ [ 110.439178183653226, -7.783342078082204 ], [ 110.439167064056164, -7.783277806078567 ], [ 110.439103396578673, -7.783116316686696 ], [ 110.438976680729738, -7.782881965728505 ], [ 110.438950835904777, -7.782834167898089 ], [ 110.438942622545355, -7.782820552742325 ], [ 110.438931930865195, -7.782797922531993 ], [ 110.438927052413163, -7.782781230104924 ], [ 110.438921167354295, -7.782754921260605 ], [ 110.43910150201809, -7.782716714753619 ], [ 110.439102834831672, -7.782721497201115 ], [ 110.439129603767881, -7.782813701315147 ], [ 110.439233705186922, -7.782980263585472 ], [ 110.439331857953349, -7.783128979898382 ], [ 110.439394318804787, -7.783259850253755 ], [ 110.439389782337301, -7.783333373310256 ], [ 110.439384733094343, -7.783333478158803 ], [ 110.439178183653226, -7.783342078082204 ] ] ] ] } },
{ "type": "Feature", "properties": { "KETERANGAN": "Lahan Terbangun", "Fungsi": "Sempadan Sungai", "Guna_Lahan": "Sempadan Sungai" }, "geometry": { "type": "MultiPolygon", "coordinates": [ [ [ [ 110.43979439886148, -7.785882485223728 ], [ 110.439776066480434, -7.785864153178642 ], [ 110.439608076055777, -7.785696165818796 ], [ 110.43960482255973, -7.78569279825096 ], [ 110.439511187901886, -7.785592476416495 ], [ 110.439268732422519, -7.785332705008096 ], [ 110.439257507259214, -7.785328617168606 ], [ 110.439240449527631, -7.785321041823826 ], [ 110.439224592556187, -7.785311208293653 ], [ 110.439210235079088, -7.785299301834885 ], [ 110.4391480371672, -7.785240066515227 ], [ 110.439140191265864, -7.785231946340371 ], [ 110.439069123866801, -7.785151995661595 ], [ 110.43905758670212, -7.785137038114747 ], [ 110.439048242323793, -7.785120628559789 ], [ 110.439041271546074, -7.785103084522508 ], [ 110.439036809253309, -7.785084745481141 ], [ 110.439027098694936, -7.785026169570892 ], [ 110.439197278402744, -7.785016464746068 ], [ 110.439205851250222, -7.785015683987643 ], [ 110.439231784012193, -7.78501243324082 ], [ 110.439238562794074, -7.785073034644287 ], [ 110.439514863862115, -7.785366172782102 ], [ 110.439803654344672, -7.785647891923721 ], [ 110.439818525976008, -7.78587988937175 ], [ 110.43979439886148, -7.785882485223728 ] ] ] ] } },
{ "type": "Feature", "properties": { "KETERANGAN": null, "Fungsi": "Area Terbuka", "Guna_Lahan": "Ruang Terbuka Hijau" }, "geometry": { "type": "MultiPolygon", "coordinates": [ [ [ [ 110.443727516708833, -7.783876228974265 ], [ 110.44372059142303, -7.783876031886247 ], [ 110.443727727686039, -7.783873177381047 ], [ 110.443727516708833, -7.783876228974265 ] ] ] ] } },
{ "type": "Feature", "properties": { "KETERANGAN": null, "Fungsi": "Permukiman", "Guna_Lahan": "Kawasan Perdagangan dan Jasa" }, "geometry": { "type": "MultiPolygon", "coordinates": [ [ [ [ 110.442962460000928, -7.783852611315108 ], [ 110.440734779288334, -7.783841543939054 ], [ 110.440710228105289, -7.784260325364101 ], [ 110.440224683279411, -7.784254558150818 ], [ 110.440215165435475, -7.784199830547598 ], [ 110.440215165435504, -7.784054645754897 ], [ 110.440319399999936, -7.783858599999955 ], [ 110.440324020542306, -7.78358665217442 ], [ 110.441168340056606, -7.783586631112238 ], [ 110.44155668336451, -7.783596596408584 ], [ 110.44192654436533, -7.783606576708962 ], [ 110.441929885943765, -7.783606622975273 ], [ 110.442160022651294, -7.783606654260264 ], [ 110.442390010030365, -7.783606594815859 ], [ 110.442402034146724, -7.783606022583427 ], [ 110.44260603852068, -7.783586614191833 ], [ 110.442738434923001, -7.78358661706489 ], [ 110.443146909103461, -7.783596613161867 ], [ 110.44314985645741, -7.783596651154193 ], [ 110.443156756269204, -7.783596473111206 ], [ 110.443343743985025, -7.783586570380228 ], [ 110.443747712503693, -7.783584114879897 ], [ 110.443728836349052, -7.78385714157884 ], [ 110.442962472952132, -7.783854320154083 ], [ 110.442962460000928, -7.783852611315108 ] ] ] ] } },
{ "type": "Feature", "properties": { "KETERANGAN": null, "Fungsi": "Area Terbuka", "Guna_Lahan": "Ruang Terbuka Hijau" }, "geometry": { "type": "MultiPolygon", "coordinates": [ [ [ [ 110.438571525015107, -7.778426514785672 ], [ 110.438460761219872, -7.777896389216002 ], [ 110.438470419008851, -7.777903205401177 ], [ 110.438471713126177, -7.777904118751316 ], [ 110.438483735435938, -7.777910058780308 ], [ 110.438705865969737, -7.777999064057307 ], [ 110.438909912638863, -7.778104163726375 ], [ 110.43885674670274, -7.778280067383977 ], [ 110.438854655325287, -7.778287807327037 ], [ 110.438808615364678, -7.778480706839555 ], [ 110.438730792132205, -7.778462918696579 ], [ 110.438571525015107, -7.778426514785672 ] ] ] ] } },
{ "type": "Feature", "properties": { "KETERANGAN": "Lahan Terbangun", "Fungsi": "Permukiman", "Guna_Lahan": "Kawasan Perumahan" }, "geometry": { "type": "MultiPolygon", "coordinates": [ [ [ [ 110.430107810962937, -7.781272888154538 ], [ 110.430251899999988, -7.781303399999916 ], [ 110.430504368457989, -7.78135166710194 ], [ 110.430535840052684, -7.781146371242588 ], [ 110.430589101010156, -7.781153622375587 ], [ 110.43061963208244, -7.780933965933945 ], [ 110.4305901, -7.780927899999964 ], [ 110.43056975008669, -7.780925443344614 ], [ 110.430599752645065, -7.780728601151295 ], [ 110.430637532750211, -7.780471620226562 ], [ 110.430685036583284, -7.780477427686239 ], [ 110.430722766252345, -7.780257780880924 ], [ 110.43074598031582, -7.780125706380554 ], [ 110.430625300000088, -7.7801074 ], [ 110.43064250000009, -7.780015899999976 ], [ 110.430554500000071, -7.779999699999955 ], [ 110.430599, -7.7797477 ], [ 110.430610099999967, -7.779673799999903 ], [ 110.430588800000081, -7.77967 ], [ 110.43053769413315, -7.779662652663315 ], [ 110.430551099999875, -7.779552 ], [ 110.430566500000211, -7.779438199999971 ], [ 110.430579725830199, -7.779298357222123 ], [ 110.430678695910103, -7.779307464567231 ], [ 110.430703787850533, -7.779117357037056 ], [ 110.430785222558114, -7.778517247109121 ], [ 110.430746359306681, -7.778510015333389 ], [ 110.4307487, -7.778480299999901 ], [ 110.430762799999982, -7.778388299999947 ], [ 110.430765839975876, -7.778370468965463 ], [ 110.430787899999928, -7.778369699999919 ], [ 110.430804299999963, -7.778292 ], [ 110.430808180778158, -7.778277769365137 ], [ 110.4307551, -7.778269 ], [ 110.4307783, -7.778131099999988 ], [ 110.43078347647041, -7.778103728541555 ], [ 110.4307715, -7.778103 ], [ 110.430674399999944, -7.778088499999959 ], [ 110.4306942, -7.777958699999941 ], [ 110.430696126187144, -7.777949288320039 ], [ 110.430663599999932, -7.7779452 ], [ 110.430675835915181, -7.777850230475281 ], [ 110.431069532236805, -7.777907379815718 ], [ 110.431011700496882, -7.778265936068962 ], [ 110.431011229683889, -7.778269270530353 ], [ 110.430939845738351, -7.778858187106651 ], [ 110.430939270986286, -7.778871368649995 ], [ 110.430940726345611, -7.778884482566474 ], [ 110.430944177505154, -7.778897219683435 ], [ 110.430985217948603, -7.779012645999782 ], [ 110.430969649296841, -7.779157953133979 ], [ 110.430795894623643, -7.780311321436145 ], [ 110.430723068490551, -7.780728461697539 ], [ 110.430722692429413, -7.780730807096956 ], [ 110.430637525316655, -7.781313511256916 ], [ 110.430635827010576, -7.781325130862196 ], [ 110.430581159242323, -7.781684347171362 ], [ 110.430568803423469, -7.781765535884908 ], [ 110.430357460348588, -7.781735638265365 ], [ 110.430210851001334, -7.781695667867931 ], [ 110.430196074145741, -7.781692992579091 ], [ 110.430181055988697, -7.781692917097801 ], [ 110.430166252849048, -7.781695443717414 ], [ 110.430152114512396, -7.781700495667992 ], [ 110.430139070564763, -7.781707919448589 ], [ 110.43012751733977, -7.781717489491446 ], [ 110.430117805876179, -7.781728915015893 ], [ 110.430110231251945, -7.781741848863167 ], [ 110.430107539340227, -7.781749111117166 ], [ 110.430105023618296, -7.781755898045125 ], [ 110.430102341206776, -7.781770635684465 ], [ 110.430102265521327, -7.781785613985547 ], [ 110.430102818706757, -7.781788837851122 ], [ 110.430058209004955, -7.781781933929714 ], [ 110.430062169547696, -7.781741288468938 ], [ 110.430107810962937, -7.781272888154538 ] ] ] ] } },
{ "type": "Feature", "properties": { "KETERANGAN": "Lahan Terbangun", "Fungsi": "Fasilitas Umum", "Guna_Lahan": "Kawasan Perkantoran" }, "geometry": { "type": "MultiPolygon", "coordinates": [ [ [ [ 110.430507948039377, -7.782861764444427 ], [ 110.429970660979151, -7.782790672388039 ], [ 110.429976733375668, -7.782618272348858 ], [ 110.429979389596497, -7.782590823621087 ], [ 110.430058209004955, -7.781781933929714 ], [ 110.430102818706757, -7.781788837851122 ], [ 110.43010479886189, -7.78180037784039 ], [ 110.430109864254462, -7.781814478656649 ], [ 110.430117307789885, -7.781827487988092 ], [ 110.430126903300263, -7.781839010552626 ], [ 110.430138359230924, -7.78184869624283 ], [ 110.430151327499189, -7.781856250763846 ], [ 110.430165414070672, -7.781861444575271 ], [ 110.430317263630016, -7.781902843626637 ], [ 110.430324906651279, -7.781904559097427 ], [ 110.43032788237268, -7.781905033143145 ], [ 110.430510221878919, -7.781930827791076 ], [ 110.430468194951786, -7.782369568049289 ], [ 110.430467973525225, -7.782383121055503 ], [ 110.430469891765412, -7.782396540169425 ], [ 110.430473901940942, -7.782409491483484 ], [ 110.430479904266946, -7.782421652730311 ], [ 110.430487749387751, -7.78243272130184 ], [ 110.43049724209348, -7.782442421778866 ], [ 110.430508146177317, -7.782450512784523 ], [ 110.430520190313118, -7.782456792990346 ], [ 110.430533074806789, -7.782461106126121 ], [ 110.430546479053575, -7.782463344867986 ], [ 110.430549741478558, -7.782463627124762 ], [ 110.430507948039377, -7.782861764444427 ] ] ] ] } },
{ "type": "Feature", "properties": { "KETERANGAN": "Lahan Terbangun", "Fungsi": "Fasilitas Umum", "Guna_Lahan": "Kawasan Perdagangan dan Jasa" }, "geometry": { "type": "MultiPolygon", "coordinates": [ [ [ [ 110.429430826476093, -7.784159578232113 ], [ 110.429423, -7.7841574 ], [ 110.429196099999956, -7.784114099999921 ], [ 110.429068190548151, -7.784091378307539 ], [ 110.429115670070473, -7.783893054879692 ], [ 110.429171781243284, -7.783593628434138 ], [ 110.429172817394459, -7.783593907326206 ], [ 110.429194860394247, -7.78359587087488 ], [ 110.429296094729153, -7.783596054519205 ], [ 110.429509194973591, -7.783596441015145 ], [ 110.429459694338064, -7.784057578436901 ], [ 110.429430826476093, -7.784159578232113 ] ] ] ] } },
{ "type": "Feature", "properties": { "KETERANGAN": "Lahan Terbangun", "Fungsi": "Fasilitas Umum", "Guna_Lahan": "Kawasan Perdagangan dan Jasa" }, "geometry": { "type": "MultiPolygon", "coordinates": [ [ [ [ 110.430246540718372, -7.784421007619351 ], [ 110.429528168682481, -7.784405297662386 ], [ 110.429541581761825, -7.784297568492994 ], [ 110.429805393578718, -7.784314282357331 ], [ 110.429818510646257, -7.784174216468583 ], [ 110.429816613488995, -7.784170602834685 ], [ 110.429834459446667, -7.784045681131889 ], [ 110.429854801541083, -7.783778327893776 ], [ 110.429976099999934, -7.783795599999899 ], [ 110.430146763703732, -7.783798812052402 ], [ 110.430188404271362, -7.783929682407721 ], [ 110.43023599349138, -7.783986194606766 ], [ 110.430255031680375, -7.7839822556723 ], [ 110.43024772665278, -7.78435972720288 ], [ 110.430246540718372, -7.784421007619351 ] ] ] ] } },
{ "type": "Feature", "properties": { "KETERANGAN": "Lahan Terbangun", "Fungsi": "Fasilitas Umum", "Guna_Lahan": "Bangunan Kesehatan" }, "geometry": { "type": "MultiPolygon", "coordinates": [ [ [ [ 110.429440416472261, -7.784947918241473 ], [ 110.429431931812942, -7.784949000567915 ], [ 110.429427809803173, -7.784949622724159 ], [ 110.429424542227395, -7.784950254659943 ], [ 110.429415752170954, -7.784952122161958 ], [ 110.429403744009321, -7.784955550433413 ], [ 110.429401409828557, -7.7849564306092 ], [ 110.429393047857801, -7.784959715585262 ], [ 110.429380328733956, -7.784965899567243 ], [ 110.42937831288009, -7.784967104177642 ], [ 110.429371906372907, -7.784970932503308 ], [ 110.429363074060888, -7.784977234922116 ], [ 110.429360060605191, -7.784979385215205 ], [ 110.429352904400432, -7.784985466948118 ], [ 110.429342346751184, -7.78499606414395 ], [ 110.429336559044373, -7.785002923904261 ], [ 110.429327895503249, -7.785015108228081 ], [ 110.429323108410102, -7.785023183062401 ], [ 110.429316784269233, -7.785036264841291 ], [ 110.429313250294442, -7.785045404914243 ], [ 110.429309316135203, -7.785058956886433 ], [ 110.429307499979501, -7.785067735326196 ], [ 110.429307028042629, -7.785070186914204 ], [ 110.429305694812783, -7.78508256538389 ], [ 110.429305352167191, -7.785091522230848 ], [ 110.429305286311518, -7.785094848723537 ], [ 110.429306019082901, -7.78510644635563 ], [ 110.42930662499991, -7.785111171067019 ], [ 110.429214700000017, -7.785120899999855 ], [ 110.429070600000031, -7.7851312 ], [ 110.428969099999918, -7.785124600000014 ], [ 110.428839714277558, -7.785134878621128 ], [ 110.428889428471194, -7.78483807100563 ], [ 110.42892795531067, -7.784677143910271 ], [ 110.428937616400887, -7.784636789391353 ], [ 110.429356465530887, -7.784680047325694 ], [ 110.429378246428911, -7.784543663255961 ], [ 110.42949701679089, -7.784551002686458 ], [ 110.429440416472261, -7.784947918241473 ] ] ] ] } }
]
}
